candidate_id,raw_endurance_time_s,terminal_energy_kwh,cohort_efficiency_energy_eligible,cohort_efficiency_time_eligible,cohort_efficiency_eligible,cohort_efficiency_factor,cohort_efficiency_unclipped_points,cohort_efficiency_points
tenpower_60xg_125s3p,1236.396184147111,6.935501077838729,False,True,False,0.421207812073476,23.544212057771723,0.0
reliance_rs50_110s4p,1237.5581472220997,6.933241796625216,False,True,False,0.42094946016324075,23.495832410765143,0.0
ampace_jp50_110s4p,1240.211626652855,6.934837135368828,False,True,False,0.41995219196988615,23.309081389178154,0.0
tenpower_50xg_110s4p,1241.7179854302497,6.9385461964257225,False,True,False,0.41921852077238403,23.171692222898237,0.0
tenpower_60xg_120s3p,1244.122620288108,6.653771237939795,True,True,True,0.4363157247901111,26.373358873722978,26.373358873722978
molicel_p50b_110s4p,1244.9442098377676,6.766025831554883,True,True,True,0.4287936801429263,24.964761335322194,24.964761335322194
reliance_rs50_140s3p,1246.6934619029837,6.617101947086701,True,True,True,0.4378288843852247,26.65671705369367,26.65671705369367
molicel_p50b_140s3p,1248.1709229430533,6.416368726755676,True,True,True,0.45099169290857777,29.121618626881638,29.121618626881638
ampace_jp50_140s3p,1249.441301261939,6.615252770570784,True,True,True,0.436988105390889,26.499270604315893,26.499270604315893
ampace_jp50_135s3p,1249.7594790950031,6.351728799406729,True,True,True,0.45500223594767425,29.872643290719015,29.872643290719015
tenpower_50xg_140s3p,1251.023538290864,6.617054345309171,True,True,True,0.43631659800293315,26.373522393814834,26.373522393814834
tenpower_60xg_115s3p,1252.8018417415612,6.376491850665483,True,True,True,0.4521345810044655,29.33563880810159,29.33563880810159
reliance_rs50_135s3p,1254.6422951618374,6.371142726509093,True,True,True,0.4518503872220506,29.282419945263776,29.282419945263776
tenpower_60xg_110s3p,1255.1177676414636,6.065193578043942,True,True,True,0.4744634614895224,33.51700272732105,33.51700272732105
molicel_p50b_135s3p,1255.2215651220267,6.187148549553465,True,True,True,0.4650728443276607,31.75849146626212,31.75849146626212
tenpower_50xg_135s3p,1258.684795759742,6.3758306057743726,True,True,True,0.4500680260456214,28.948650380814442,28.948650380814442
reliance_rs50_130s3p,1262.9139693905513,6.129728473701116,True,True,True,0.4665701096534922,32.03887324425229,32.03887324425229
molicel_p50b_130s3p,1263.797666234762,5.957814383052631,True,True,True,0.4796974384591463,34.49713079372622,34.49713079372622
reliance_rs50_125s3p,1264.7051554456884,5.8638649879631615,True,True,True,0.48703331051551546,35.870865171185955,35.870865171185955
ampace_jp50_130s3p,1265.6233450154614,6.1266925526122336,True,True,True,0.46580200406851985,31.895035805500992,31.895035805500992
tenpower_50xg_130s3p,1267.0232030051448,6.130485817146827,True,True,True,0.4649994687901981,31.744750973311525,31.744750973311525
tenpower_30xg_130s5p,1267.0279253355425,6.193677537256213,True,True,True,0.46025354186279416,30.856016420283694,30.856016420283694
ampace_jp50_125s3p,1267.3198573233494,5.862190969400184,True,True,True,0.4861672670898574,35.70868763904558,35.70868763904558
tenpower_30xg_125s5p,1268.4638538460058,5.928649068867562,True,True,True,0.48028395331748197,34.60696308327482,34.60696308327482
ampace_jp30_130s5p,1268.7972096334274,6.192696206818482,True,True,True,0.4596845704061081,30.749469353508676,30.749469353508676
tenpower_50xg_125s3p,1268.8198558846566,5.862515416740183,True,True,True,0.48556564625749327,35.59602656572479,35.59602656572479
ampace_jp30_125s5p,1270.2308514585948,5.926554061111449,True,True,True,0.4797853799140643,34.513598938058124,34.513598938058124
molicel_p30b_130s5p,1271.3867394174808,6.069867533316428,True,True,True,0.46803143838371597,32.312525442389386,32.312525442389386
molicel_p50b_125s3p,1272.894113033567,5.727647965658777,True,True,True,0.4954083493229601,37.43919660253324,37.43919660253324
molicel_p30b_125s5p,1273.2264423488484,5.804842036543768,True,True,True,0.4886927110197902,36.181608802097166,36.181608802097166
reliance_rs50_120s3p,1274.8096270552908,5.6147581393772406,True,True,True,0.5046096238799371,39.16225107761647,39.16225107761647
ampace_jp50_120s3p,1277.0870958689172,5.618519217604235,True,True,True,0.50337255095568,38.93059360180196,38.93059360180196
tenpower_30xg_120s5p,1278.1688054893457,5.673360915268217,True,True,True,0.4980848020954718,37.940396072070676,37.940396072070676
tenpower_50xg_120s3p,1278.6069622385903,5.6178326924053845,True,True,True,0.5028356387460036,38.83005003255173,38.83005003255173
ampace_jp30_120s5p,1279.8028388480736,5.672951258154798,True,True,True,0.4974847767264449,37.82803376934151,37.82803376934151
molicel_p50b_120s3p,1282.7234736297323,5.491902724701137,True,True,True,0.5127150178316638,40.680088115773884,40.680088115773884
molicel_p30b_120s5p,1283.0356106615518,5.560212515816367,True,True,True,0.5062928749454743,39.477461026325486,39.477461026325486
reliance_rs50_115s3p,1285.661210147031,5.372237333444461,True,True,True,0.5229379805904111,42.59446656638885,42.59446656638885
ampace_jp50_115s3p,1287.9246230042222,5.374768785793477,True,True,True,0.5217730989079261,42.37632780925045,42.37632780925045
tenpower_30xg_115s5p,1289.069937934786,5.425756093613804,True,True,True,0.5164106256229928,41.37213719045054,41.37213719045054
tenpower_50xg_115s3p,1289.462223115405,5.3728133347237526,True,True,True,0.5213405927069895,42.29533557927074,42.29533557927074
ampace_jp30_115s5p,1290.710593395371,5.425040947741039,True,True,True,0.5158221911161953,41.2619454225653,41.2619454225653
molicel_p30b_115s5p,1293.8846752795284,5.321734659675196,True,True,True,0.5245454580620815,42.895486955901845,42.895486955901845
molicel_p50b_115s3p,1294.0514038600268,5.260544140981789,True,True,True,0.5305785880090493,44.02526647606615,44.02526647606615
tenpower_30xg_140s4p,1296.8719321633453,5.279392435501054,True,True,True,0.5275345157835015,43.45522563680768,43.45522563680768
tenpower_60xg_140s2p,1297.424973819163,5.123830085821663,True,True,True,0.5433190645062579,46.4110810615642,46.4110810615642
reliance_rs50_110s3p,1298.0479238074204,5.124887248475092,True,True,True,0.5429462964930385,46.34127555914513,46.34127555914513
ampace_jp30_140s4p,1298.5482516350037,5.277961373020842,True,True,True,0.5269963625818377,43.35444967618774,43.35444967618774
ampace_jp50_110s3p,1300.34095530427,5.1241130888271496,True,True,True,0.5420707453025971,46.17731757837707,46.17731757837707
tenpower_50xg_110s3p,1301.408564769025,5.129817081870463,True,True,True,0.5410238082133098,45.981265430855906,45.981265430855906
tenpower_30xg_110s5p,1301.6108176065254,5.170841063103558,True,True,True,0.5366480784466148,45.16185495575584,45.16185495575584
molicel_p30b_140s4p,1301.7923106310918,5.1743112453926186,True,True,True,0.5362134041354525,45.080456719846886,45.080456719846886
ampace_jp30_110s5p,1302.7911354522632,5.177201831563978,True,True,True,0.535503145264799,44.94745180645486,44.94745180645486
molicel_p30b_110s5p,1305.3705532990862,5.0828242691050205,True,True,True,0.5443685297928833,46.60760664585874,46.60760664585874
molicel_p50b_110s3p,1306.143079287472,5.0152913844335325,True,True,True,0.5513723622158095,47.91916242265113,47.91916242265113
tenpower_30xg_135s4p,1306.2206407909848,5.078090139009703,True,True,True,0.5445214210492981,46.63623745802887,46.63623745802887
tenpower_60xg_135s2p,1307.4540015485031,4.929447408106885,True,True,True,0.5604117866826241,49.611908431182236,49.611908431182236
ampace_jp30_135s4p,1307.9994524726662,5.074140527255285,True,True,True,0.5442041684658514,46.57682791859446,46.57682791859446
molicel_p30b_135s4p,1310.9336981011977,4.98779091754382,True,True,True,0.5523863644820498,48.10904711001381,48.10904711001381
tenpower_30xg_130s4p,1317.3060065302311,4.87101434869688,True,True,True,0.5628929845703724,50.07654396592018,50.07654396592018
tenpower_60xg_130s2p,1317.6256304209385,4.745005740714631,True,True,True,0.577701028406402,52.84953655959865,52.84953655959865
ampace_jp30_130s4p,1318.4354416943456,4.876289758190182,True,True,True,0.5618023398092465,49.87230700670902,49.87230700670902
molicel_p30b_130s4p,1321.4091707482885,4.789634681726958,True,True,True,0.5706794191894173,51.53465185436647,51.53465185436647
tenpower_30xg_125s4p,1328.796418619292,4.671195799857427,True,True,True,0.5818960327966594,53.635103933212754,53.635103933212754
tenpower_60xg_125s2p,1329.8736466213377,4.547578446025633,True,True,True,0.5972296185349353,56.50651086295976,56.50651086295976
ampace_jp30_125s4p,1330.3741161878686,4.668845220359144,True,True,True,0.5814985735578538,53.56067468802001,53.56067468802001
molicel_p30b_125s4p,1333.3739751349626,4.592571517997937,True,True,True,0.5898261384062907,55.12011602299948,55.12011602299948
tenpower_30xg_120s4p,1341.7801200324711,4.471533343557092,True,True,True,0.6019966720192317,57.39920162968073,57.39920162968073
ampace_jp30_120s4p,1343.39735997748,4.469205375512552,True,True,True,0.6015851593881771,57.3221407099026,57.3221407099026
tenpower_60xg_120s2p,1345.104024555239,4.35418845131733,True,True,True,0.6166927223391879,60.15122202783829,60.15122202783829
molicel_p30b_120s4p,1348.1129969192689,4.392808608676527,True,True,True,0.6099066091069169,58.88043690987657,58.88043690987657
reliance_rs50_140s2p,1350.871298938492,4.297581591298359,True,True,True,0.6221481465867815,61.17281888434834,61.17281888434834
ampace_jp50_140s2p,1353.0494325012146,4.295754472590802,True,True,True,0.6214108080686143,61.034742966114166,61.034742966114166
tenpower_50xg_140s2p,1353.9819397974193,4.299661643908801,True,True,True,0.6204185362617044,60.84892758077731,60.84892758077731
tenpower_30xg_115s4p,1357.447172695057,4.268061325226409,True,True,True,0.6234165519291945,61.41034374983635,61.41034374983635
molicel_p50b_140s2p,1358.6581766606464,4.215708573104756,True,True,True,0.6305958803551265,62.754763362118666,62.754763362118666
tenpower_60xg_115s2p,1359.0521013744742,4.157936455368768,True,True,True,0.6391723252725119,64.36081062260394,64.36081062260394
ampace_jp30_115s4p,1359.1667441171992,4.2628484001941445,True,True,True,0.6233892217339962,61.4052258267867,61.4052258267867
molicel_p30b_115s4p,1362.4994687139429,4.192888404254951,True,True,True,0.6322404408819691,63.062728020468384,63.062728020468384
reliance_rs50_135s2p,1363.173665434057,4.124958635383276,True,True,True,0.6423343267057935,64.95293519035788,64.95293519035788
ampace_jp50_135s2p,1364.9036481910553,4.129776545384846,True,True,True,0.6407717683464061,64.66032647000625,64.66032647000625
tenpower_50xg_135s2p,1365.8612142659745,4.132879080593119,True,True,True,0.6398418541802353,64.48618833777881,64.48618833777881
molicel_p50b_135s2p,1370.2845149108516,4.055759904952378,True,True,True,0.649903580380198,66.37037321331454,66.37037321331454
tenpower_30xg_110s4p,1372.0124565822057,4.062285521387442,True,True,True,0.6480423939537253,66.02184262863959,66.02184262863959
ampace_jp30_110s4p,1373.3633883130929,4.057784344483023,True,True,True,0.6481230829070557,66.03695265076367,66.03695265076367
tenpower_60xg_110s2p,1373.8543496478535,3.9622170634503777,True,True,True,0.6635183834990813,68.91991646366574,68.91991646366574
reliance_rs50_130s2p,1375.2099752173176,3.9608139767031454,True,True,True,0.6630991286946532,68.84140572447446,68.84140572447446
molicel_p30b_110s4p,1376.3102844323057,3.997437331827391,True,True,True,0.656498741430829,67.60540013179373,67.60540013179373
ampace_jp50_130s2p,1376.6822138629466,3.965958240189513,True,True,True,0.661530814157,68.54771908729089,68.54771908729089
tenpower_50xg_130s2p,1378.451921468566,3.9606224562608814,True,True,True,0.6615715921116424,68.55535527256025,68.55535527256025
molicel_p50b_130s2p,1383.365466253431,3.897783710396901,True,True,True,0.6698495204199094,70.1055015406294,70.1055015406294
tenpower_30xg_140s3p,1390.4879154319285,3.857246571513985,True,True,True,0.673421994168304,70.77449221590722,70.77449221590722
reliance_rs50_125s2p,1391.330051878574,3.796237516818591,True,True,True,0.6838303539667251,72.72358859575026,72.72358859575026
ampace_jp30_140s3p,1391.4782415946795,3.859976836658462,True,True,True,0.6724667239331745,70.59560584061636,70.59560584061636
ampace_jp50_125s2p,1393.651198351862,3.792257563226221,True,True,True,0.6834079054211285,72.64447978832632,72.64447978832632
tenpower_50xg_125s2p,1394.528357945824,3.7946490719418455,True,True,True,0.6825476067162995,72.48337802746866,72.48337802746866
molicel_p30b_140s3p,1395.9469634545312,3.799499083749023,True,True,True,0.6809836023716462,72.19049852817571,72.19049852817571
molicel_p50b_125s2p,1399.5382479719888,3.732638233797398,True,True,True,0.6914029765946589,74.1416574976595,74.1416574976595
tenpower_30xg_135s3p,1405.9803595307462,3.701328527548017,True,True,True,0.6940568238887079,74.63862380682494,74.63862380682494
reliance_rs50_120s2p,1407.351453263038,3.630042272576103,True,True,True,0.7069971588754556,77.0618644100612,77.0618644100612
ampace_jp30_135s3p,1407.688814851239,3.702415066477058,True,True,True,0.6930110390246117,74.4427874279736,74.4427874279736
ampace_jp50_120s2p,1410.303163543399,3.625470776451374,True,True,True,0.706407055203202,76.95136006993492,76.95136006993492
molicel_p30b_135s3p,1410.7707415762748,3.6520926522546975,True,True,True,0.7010252903711726,75.94355686612307,75.94355686612307
tenpower_50xg_120s2p,1411.223997940704,3.627730329652788,True,True,True,0.7055064165262651,76.78270414155025,76.78270414155025
molicel_p50b_120s2p,1415.263037295195,3.5710503583550883,True,True,True,0.7146588532181466,78.49661311168356,78.49661311168356
tenpower_30xg_130s3p,1420.445798274466,3.5506635303345324,True,True,True,0.7161396688371341,78.77391447501859,78.77391447501859
ampace_jp30_130s3p,1421.3837622130245,3.553123700987061,True,True,True,0.7151715664628362,78.5926251201533,78.5926251201533
reliance_rs50_115s2p,1424.613977894553,3.460266419045185,True,True,True,0.7326982895863399,81.87472462979116,81.87472462979116
molicel_p30b_130s3p,1424.710455057273,3.503660727517925,True,True,True,0.7235745121460125,80.16618246523866,80.16618246523866
ampace_jp50_115s2p,1426.6872626410498,3.457309420939932,True,True,True,0.73225927868694,81.79251431315109,81.79251431315109
tenpower_50xg_115s2p,1427.4148042870993,3.459697028861956,True,True,True,0.731380962539374,81.6280385593596,81.6280385593596
molicel_p50b_115s2p,1432.594381909982,3.4013907595193915,True,True,True,0.7412285619591396,83.47212550013974,83.47212550013974
tenpower_30xg_125s3p,1436.1914904973598,3.3950853378426658,True,True,True,0.7407452457097834,83.38161844905929,83.38161844905929
ampace_jp30_125s3p,1437.0348228863131,3.3972555813197847,True,True,True,0.7398376079146977,83.211651847705,83.211651847705
molicel_p30b_125s3p,1440.2850493645042,3.3565789475544583,True,True,True,0.7471135241765094,84.5741587479843,84.5741587479843
ampace_jp50_110s2p,1445.739557825234,3.291049604729826,True,True,True,0.7591147402227331,86.82153750913716,86.82153750913716
tenpower_50xg_110s2p,1446.5591879982192,3.2927914208917723,True,True,True,0.7582832927805035,86.66583851034531,86.66583851034531
molicel_p50b_110s2p,1451.9247793360594,3.2421168512424714,True,True,True,0.7672892900386894,88.35232485332024,88.35232485332024
tenpower_30xg_120s3p,1454.4538017824134,3.242253567885802,True,True,True,0.7659228196762697,88.09643607851453,88.09643607851453
reliance_rs50_110s2p,1454.6818347347305,3.295809961888868,True,True,True,0.7533585807404745,85.74362419465206,85.74362419465206
ampace_jp30_120s3p,1455.1581376686568,3.244563146338287,True,True,True,0.765007149123045,87.92496524209226,87.92496524209226
molicel_p30b_120s3p,1459.4189636379615,3.1985057404618225,True,True,True,0.7737573675836881,89.56355378579944,89.56355378579944
tenpower_30xg_115s3p,1473.450944759641,3.0892800549130395,True,True,True,0.7934854268112086,93.25788118861678,93.25788118861678
ampace_jp30_115s3p,1474.2792304033685,3.090972882197727,True,True,True,0.7926053050367557,93.0930673084637,93.0930673084637
molicel_p30b_115s3p,1478.709784142588,3.051367497562512,True,True,True,0.8004873156874742,94.56907301183399,94.56907301183399
tenpower_30xg_110s3p,1495.8300220504302,2.9349696674143297,True,True,True,0.8227086324874819,98.73029427714907,98.73029427714907
ampace_jp30_110s3p,1496.6410899303205,2.9363567748079618,True,True,True,0.8218743565244292,98.57406560223117,98.57406560223117
molicel_p30b_110s3p,1499.8663608735603,2.9031450202692963,True,True,True,0.8294889816473378,100.0,100.0
