brand,combined_overlay,cornering_runs,donor_lateral_mu_nominal,donor_longitudinal_mu_nominal,donor_tire_key,drive_runs,fx_combined_nrmse,fx_combined_points,fx_combined_rmse_n,fy_combined_nrmse,fy_combined_points,fy_combined_rmse_n,fzmax_n,fzmin_n,fznom_n,generated_tir,lateral_mu_nominal,lateral_nrmse,lateral_overlay,lateral_points,lateral_relaxation_blocks,lateral_relaxation_sigma_rmse_m,lateral_relaxation_source,lateral_rmse_n,longitudinal_combined_source,longitudinal_mu_scale,longitudinal_nrmse,longitudinal_overlay,longitudinal_points,longitudinal_relaxation_source,longitudinal_rmse_n,longitudinal_stiffness_scale,model,pressure_psi,pty1,pty2,relaxation_overlay,relaxation_source,rim_width_in,sha256,sigma_alpha_m,sigma_kappa_m,size,transient_run,use_mode
Hoosier,,"4,5,6",2.7916472748751286,2.3874547169187004,Hoosier_43100_18p0x6p0_10_r20_7in,,0.04625253861541251,4500,197.45463123881987,0.06153047346657869,4500,96.08232630223804,1242.1652000000001,199.99,677.36,Round_9_Hoosier_43075_16x7p5_10_r20_7in_8psi_MF52_UM14.tir,2.700720988633619,0.01547116467680222,plots/overlays/Hoosier_43075_16x7p5_10_r20_7in_8psi_lateral.png,5000,0,nan,"transient_step_steer_pressure_extrapolated_from:10,12,14",74.71532103070959,scaled_18in_hoosier_long_combined,0.9674291637558055,0.02318021397199719,,5000,reference_radius_mu_scaled_no_round9_longitudinal_transient,116.59216475934709,1.0017713418032146,43075,8.0,20.0,19.999999999999915,,"lat:transient_step_steer_pressure_extrapolated_from:10,12,14;long:reference_radius_mu_scaled_no_round9_longitudinal_transient",7.0,e3cb4d7aa2359a40994b958638ce8fab745f2d713f56bae9181d1c84baef1869,0.4096227864648617,0.20735435732303395,16x7.5-10 R20,2,14
Hoosier,,"4,5,6",2.7174027582650844,2.309294295909162,Hoosier_43100_18p0x6p0_10_r20_7in,,0.03724784575578408,4500,154.0151862194477,0.054905512639615066,4500,78.91412850980852,1217.5422000000003,198.40099999999998,662.225,Round_9_Hoosier_43075_16x7p5_10_r20_7in_10psi_MF52_UM14.tir,2.532343252173311,0.013707537472704022,plots/overlays/Hoosier_43075_16x7p5_10_r20_7in_10psi_lateral.png,5000,6,0.03023653539438438,transient_step_steer_fit,69.64191175217127,scaled_18in_hoosier_long_combined,0.9318983888093484,0.01923412980298334,,5000,reference_radius_mu_scaled_no_round9_longitudinal_transient,95.08286280390897,1.0070655297091065,43075,10.0,9.30363085276784,10.370425617606358,plots/relaxation/Hoosier_43075_16x7p5_10_r20_7in_10psi_lateral_relaxation.png,lat:transient_step_steer_fit;long:reference_radius_mu_scaled_no_round9_longitudinal_transient,7.0,cea60729ae326c60e41f40e7bd264747aee676b0dede754f008d7bfcbc6fa41a,0.3612351615728682,0.20015199749996476,16x7.5-10 R20,2,14
Hoosier,,"4,5,6",2.6000521127349496,2.2576656100690147,Hoosier_43100_18p0x6p0_10_r20_7in,,0.03922791540373015,4500,155.23655117135053,0.05835332751872972,4500,82.93679663244906,1190.2749,196.5451,674.04,Round_9_Hoosier_43075_16x7p5_10_r20_7in_12psi_MF52_UM14.tir,2.45317169446857,0.012155350613966623,plots/overlays/Hoosier_43075_16x7p5_10_r20_7in_12psi_lateral.png,5000,6,0.03237174617408422,transient_step_steer_fit,58.569566272323144,scaled_18in_hoosier_long_combined,0.943508663712175,0.03076707396434499,,5000,reference_radius_mu_scaled_no_round9_longitudinal_transient,146.86653526757894,0.9871751552647993,43075,12.0,15.291366113504461,19.999999999999915,plots/relaxation/Hoosier_43075_16x7p5_10_r20_7in_12psi_lateral_relaxation.png,lat:transient_step_steer_fit;long:reference_radius_mu_scaled_no_round9_longitudinal_transient,7.0,c695ffea1b770436ad4460e2ab20f059a5c8a67d73e7817775b6b48b3641a3ab,0.30994569518844084,0.1991309482598682,16x7.5-10 R20,2,14
Hoosier,,"4,5,6",2.5935846481375235,2.3050621665864384,Hoosier_43100_18p0x6p0_10_r20_7in,,0.03165798111653311,4500,116.138332610388,0.05264912672997758,4500,69.38483626645238,1165.51,197.08474999999999,671.395,Round_9_Hoosier_43075_16x7p5_10_r20_7in_14psi_MF52_UM14.tir,2.37268904718721,0.010892285510284485,plots/overlays/Hoosier_43075_16x7p5_10_r20_7in_14psi_lateral.png,5000,6,0.02611711742871332,transient_step_steer_fit,51.69379038768598,scaled_18in_hoosier_long_combined,0.9148300013616519,0.019773287231635624,,5000,reference_radius_mu_scaled_no_round9_longitudinal_transient,85.38833083590387,1.0500889388761143,43075,14.0,12.975714248044806,19.999999999999996,plots/relaxation/Hoosier_43075_16x7p5_10_r20_7in_14psi_lateral_relaxation.png,lat:transient_step_steer_fit;long:reference_radius_mu_scaled_no_round9_longitudinal_transient,7.0,05ee2188f42bc44fb9a4d78e816fadd60250536b82d550e813010e9af9cea5f5,0.26300899104266384,0.1981287627255928,16x7.5-10 R20,2,14
Hoosier,,"8,9",2.7916472748751286,2.3874547169187004,Hoosier_43100_18p0x6p0_10_r20_7in,,0.04625253861541251,4500,197.45463123881987,0.06153047346657869,4500,96.08232630223804,1194.1202000000003,206.0621,668.635,Round_9_Hoosier_43075_16x7p5_10_r20_8in_8psi_MF52_UM14.tir,2.637628314197638,0.011313435961433287,plots/overlays/Hoosier_43075_16x7p5_10_r20_8in_8psi_lateral.png,5000,0,nan,"transient_step_steer_pressure_extrapolated_from:10,12",57.86081464217654,scaled_18in_hoosier_long_combined,0.9448286457735317,0.02318021397199719,,5000,reference_radius_mu_scaled_no_round9_longitudinal_transient,116.59216475934709,1.1169882615414755,43075,8.0,14.497819558586556,19.99999999999985,,"lat:transient_step_steer_pressure_extrapolated_from:10,12;long:reference_radius_mu_scaled_no_round9_longitudinal_transient",8.0,d286bc49da4ff0c037f25941558525a7a47174c8ec2cd15aae87c850ac0cadf6,0.29386104082840997,0.20491799802730212,16x7.5-10 R20,7,14
Hoosier,,"8,9",2.7174027582650844,2.309294295909162,Hoosier_43100_18p0x6p0_10_r20_7in,,0.03724784575578408,4500,154.0151862194477,0.054905512639615066,4500,78.91412850980852,1176.1846,206.2272,673.8399999999999,Round_9_Hoosier_43075_16x7p5_10_r20_8in_10psi_MF52_UM14.tir,2.514046312308413,0.009105537858104676,plots/overlays/Hoosier_43075_16x7p5_10_r20_8in_10psi_lateral.png,5000,6,0.020940653604096363,transient_step_steer_fit,46.420751338108424,scaled_18in_hoosier_long_combined,0.9251651433199753,0.01923412980298334,,5000,reference_radius_mu_scaled_no_round9_longitudinal_transient,95.08286280390897,1.055527860042576,43075,10.0,13.155109082900706,19.999999999999947,plots/relaxation/Hoosier_43075_16x7p5_10_r20_8in_10psi_lateral_relaxation.png,lat:transient_step_steer_fit;long:reference_radius_mu_scaled_no_round9_longitudinal_transient,8.0,f278f1811b4635c9bf674663531ae6ed42fd3749e1d45f23887e0dfd408deda5,0.2666452035556539,0.19942760752381725,16x7.5-10 R20,7,14
Hoosier,,"8,9",2.6000521127349496,2.2576656100690147,Hoosier_43100_18p0x6p0_10_r20_7in,,0.03922791540373015,4500,155.23655117135053,0.05835332751872972,4500,82.93679663244906,1153.2321,202.8748,675.6800000000001,Round_9_Hoosier_43075_16x7p5_10_r20_8in_12psi_MF52_UM14.tir,2.4329998714628362,0.012146719337028525,plots/overlays/Hoosier_43075_16x7p5_10_r20_8in_12psi_lateral.png,5000,6,0.027995303607365046,transient_step_steer_fit,59.410594235032484,scaled_18in_hoosier_long_combined,0.9357504257495848,0.03076707396434499,,5000,reference_radius_mu_scaled_no_round9_longitudinal_transient,146.86653526757894,1.0171074400030256,43075,12.0,11.812398607214693,19.99999999999976,plots/relaxation/Hoosier_43075_16x7p5_10_r20_8in_12psi_lateral_relaxation.png,lat:transient_step_steer_fit;long:reference_radius_mu_scaled_no_round9_longitudinal_transient,8.0,30c9f65cd38f87cc2d581ee0b03dbc5c48357399ab3a96de7c7ba79258fa770f,0.2394293662828982,0.19831055608448522,16x7.5-10 R20,7,14
Hoosier,,"8,9",2.5935846481375235,2.3050621665864384,Hoosier_43100_18p0x6p0_10_r20_7in,,0.03165798111653311,4500,116.138332610388,0.05264912672997758,4500,69.38483626645238,1144.51,201.78535,674.31,Round_9_Hoosier_43075_16x7p5_10_r20_8in_14psi_MF52_UM14.tir,2.405282419534634,0.00942112192652884,plots/overlays/Hoosier_43075_16x7p5_10_r20_8in_14psi_lateral.png,5000,0,nan,"transient_step_steer_pressure_extrapolated_from:10,12",45.53502381739451,scaled_18in_hoosier_long_combined,0.9273969219635414,0.019773287231635624,,5000,reference_radius_mu_scaled_no_round9_longitudinal_transient,85.38833083590387,0.9999209145587178,43075,14.0,10.469688131528853,19.99999999999985,,"lat:transient_step_steer_pressure_extrapolated_from:10,12;long:reference_radius_mu_scaled_no_round9_longitudinal_transient",8.0,506992d207e036d3aef114c7e97120c900c6b8b86365ba2526e3f0a7be8b8702,0.2122135290101425,0.19948495780787076,16x7.5-10 R20,7,14
Hoosier,,"11,12",2.7821635082677405,2.734166770218612,Hoosier_43100_18p0x6p0_10_r20_6in,,0.06712611850050197,4500,300.0206229577639,0.0874824963826706,4500,126.74805257657208,1228.0632,200.8304,653.595,Round_9_Hoosier_43070_16x6p0_10_r20_6in_8psi_MF52_UM14.tir,2.5654023450690056,0.014634176186923252,plots/overlays/Hoosier_43070_16x6p0_10_r20_6in_8psi_lateral.png,5000,0,nan,"transient_step_steer_pressure_extrapolated_from:10,12,14",62.535200707246055,scaled_18in_hoosier_long_combined,0.9220889920543538,0.024614356569811275,,5000,reference_radius_mu_scaled_no_round9_longitudinal_transient,136.42868959859473,0.9078514199796252,43070,8.0,8.583310290507198,8.739761844761214,,"lat:transient_step_steer_pressure_extrapolated_from:10,12,14;long:reference_radius_mu_scaled_no_round9_longitudinal_transient",6.0,d1372963ebb9cf231d2961cb846bc586ffe9b42de5dab9d74dfd4e10c882e55f,0.3939672262507147,0.2166381438224317,16x6.0-10 R20,10,14
Hoosier,,"11,12",2.859239616790933,2.2447570763318256,Hoosier_43100_18p0x6p0_10_r20_6in,,0.05339555534457468,4500,229.94598345586314,0.06101933230892392,4500,91.57628844592529,1215.2919,200.27905,666.155,Round_9_Hoosier_43070_16x6p0_10_r20_6in_10psi_MF52_UM14.tir,2.488408697479927,0.011753396960024452,plots/overlays/Hoosier_43070_16x6p0_10_r20_6in_10psi_lateral.png,5000,6,0.01275219851228465,transient_step_steer_fit,54.597943241130466,scaled_18in_hoosier_long_combined,0.8703043574475902,0.018686563875269173,,5000,reference_radius_mu_scaled_no_round9_longitudinal_transient,91.06572692729195,0.93663925396028,43070,10.0,4.745968775728351,5.375727446552354,plots/relaxation/Hoosier_43070_16x6p0_10_r20_6in_10psi_lateral_relaxation.png,lat:transient_step_steer_fit;long:reference_radius_mu_scaled_no_round9_longitudinal_transient,6.0,ddedc0bbe34e275400eee629076e35812936ea30f5b217974adfc52b94a13ce9,0.34679051247488496,0.19070244468526634,16x6.0-10 R20,10,14
Hoosier,,"11,12",2.613129166862291,2.2942621025998506,Hoosier_43100_18p0x6p0_10_r20_6in,,0.04656583035101348,4500,190.33445553706719,0.05980188843306695,4500,85.04309940384006,1186.3162499999999,195.9375,676.5550000000001,Round_9_Hoosier_43070_16x6p0_10_r20_6in_12psi_MF52_UM14.tir,2.4032977109264233,0.012881830477585085,plots/overlays/Hoosier_43070_16x6p0_10_r20_6in_12psi_lateral.png,5000,6,0.016293543335340707,transient_step_steer_fit,59.01478282079289,scaled_18in_hoosier_long_combined,0.9197010776976545,0.03912068266469811,,5000,reference_radius_mu_scaled_no_round9_longitudinal_transient,197.2109799758897,0.8709178211511913,43070,12.0,6.749811730527442,8.739761844761214,plots/relaxation/Hoosier_43070_16x6p0_10_r20_6in_12psi_lateral_relaxation.png,lat:transient_step_steer_fit;long:reference_radius_mu_scaled_no_round9_longitudinal_transient,6.0,469b9a6ff0d5489c3e65dd6a5eed0552317afb1370b8702c6e9b05a030a28e60,0.30981107698406385,0.19818960413709444,16x6.0-10 R20,10,14
Hoosier,,"11,12",2.540163972859908,2.3360471323541563,Hoosier_43100_18p0x6p0_10_r20_6in,,0.03700306577552764,4500,143.88762386777694,0.05871014963294662,4500,78.80965742501036,1168.0671,198.11835,675.39,Round_9_Hoosier_43070_16x6p0_10_r20_6in_14psi_MF52_UM14.tir,2.5147997463014717,0.010881417095740418,plots/overlays/Hoosier_43070_16x6p0_10_r20_6in_14psi_lateral.png,5000,6,0.012391538416820072,transient_step_steer_fit,48.81180096027834,scaled_18in_hoosier_long_combined,0.9900147286437264,0.018856187755237074,,5000,reference_radius_mu_scaled_no_round9_longitudinal_transient,85.57602683944958,0.8729420733746862,43070,14.0,12.70568717401052,19.99999999999999,plots/relaxation/Hoosier_43070_16x6p0_10_r20_6in_14psi_lateral_relaxation.png,lat:transient_step_steer_fit;long:reference_radius_mu_scaled_no_round9_longitudinal_transient,6.0,cf322696bf5aaa1a8376020e4781ab378872dbcf33ca6facafbc3dd5a383ed05,0.25753572406572955,0.20749022190426344,16x6.0-10 R20,10,14
Hoosier,,"14,15",2.7916472748751286,2.3874547169187004,Hoosier_43100_18p0x6p0_10_r20_7in,,0.04625253861541251,4500,197.45463123881987,0.06153047346657869,4500,96.08232630223804,1178.3464,200.5104,666.5,Round_9_Hoosier_43070_16x6p0_10_r20_7in_8psi_MF52_UM14.tir,2.4158942004743396,0.010362718937866132,plots/overlays/Hoosier_43070_16x6p0_10_r20_7in_8psi_lateral.png,5000,0,nan,"transient_step_steer_pressure_extrapolated_from:10,12,14",48.01907789585222,scaled_18in_hoosier_long_combined,0.8654009488295412,0.02318021397199719,,5000,reference_radius_mu_scaled_no_round9_longitudinal_transient,116.59216475934709,0.9394569487184333,43070,8.0,6.005966181879253,9.451737958332185,,"lat:transient_step_steer_pressure_extrapolated_from:10,12,14;long:reference_radius_mu_scaled_no_round9_longitudinal_transient",7.0,4fa6caced03c38c6e8202503e8820cdf1973150c32c1e7ef5cd7d02157099c3b,0.2553821393635799,0.1961156545959512,16x6.0-10 R20,13,14
Hoosier,,"14,15",2.7174027582650844,2.309294295909162,Hoosier_43100_18p0x6p0_10_r20_7in,,0.03724784575578408,4500,154.0151862194477,0.054905512639615066,4500,78.91412850980852,1163.6906999999999,197.7866,672.39,Round_9_Hoosier_43070_16x6p0_10_r20_7in_10psi_MF52_UM14.tir,2.4253231345388513,0.009854908669972039,plots/overlays/Hoosier_43070_16x6p0_10_r20_7in_10psi_lateral.png,5000,6,0.008066830256017715,transient_step_steer_fit,47.697521444856584,scaled_18in_hoosier_long_combined,0.8925151515218488,0.01923412980298334,,5000,reference_radius_mu_scaled_no_round9_longitudinal_transient,95.08286280390897,0.9021768437807703,43070,10.0,11.467300083918387,19.999999999999996,plots/relaxation/Hoosier_43070_16x6p0_10_r20_7in_10psi_lateral_relaxation.png,lat:transient_step_steer_fit;long:reference_radius_mu_scaled_no_round9_longitudinal_transient,7.0,c68bd735ac028711840475b10fa59d6ece44c5b3aea129b9b9bf27b2a2ae359a,0.23243445157628095,0.19587700142183054,16x6.0-10 R20,13,14
Hoosier,,"14,15",2.6000521127349496,2.2576656100690147,Hoosier_43100_18p0x6p0_10_r20_7in,,0.03922791540373015,4500,155.23655117135053,0.05835332751872972,4500,82.93679663244906,1153.53675,188.16549999999998,669.905,Round_9_Hoosier_43070_16x6p0_10_r20_7in_12psi_MF52_UM14.tir,2.3538356122868094,0.012395458024810471,plots/overlays/Hoosier_43070_16x6p0_10_r20_7in_12psi_lateral.png,5000,6,0.012643453356264907,transient_step_steer_fit,57.27106938939849,scaled_18in_hoosier_long_combined,0.9053032440226172,0.03076707396434499,,5000,reference_radius_mu_scaled_no_round9_longitudinal_transient,146.86653526757894,0.8863219833936706,43070,12.0,4.534218718685534,8.716017102362516,plots/relaxation/Hoosier_43070_16x6p0_10_r20_7in_12psi_lateral_relaxation.png,lat:transient_step_steer_fit;long:reference_radius_mu_scaled_no_round9_longitudinal_transient,7.0,7ee5539c498fcf4ea4d7786ab49704a039995f3b61e4a1e979c50452f48f6764,0.20866934518639943,0.19505758995205152,16x6.0-10 R20,13,14
Hoosier,,"14,15",2.5935846481375235,2.3050621665864384,Hoosier_43100_18p0x6p0_10_r20_7in,,0.03165798111653311,4500,116.138332610388,0.05264912672997758,4500,69.38483626645238,1151.7179,192.13604999999998,678.615,Round_9_Hoosier_43070_16x6p0_10_r20_7in_14psi_MF52_UM14.tir,2.416275372441329,0.009918743401914062,plots/overlays/Hoosier_43070_16x6p0_10_r20_7in_14psi_lateral.png,5000,6,0.0037999758530333017,transient_step_steer_fit,44.84647747375002,scaled_18in_hoosier_long_combined,0.9316354390732835,0.019773287231635624,,5000,reference_radius_mu_scaled_no_round9_longitudinal_transient,85.38833083590387,0.8880748869016973,43070,14.0,4.377333084487267,9.451737958332185,plots/relaxation/Hoosier_43070_16x6p0_10_r20_7in_14psi_lateral_relaxation.png,lat:transient_step_steer_fit;long:reference_radius_mu_scaled_no_round9_longitudinal_transient,7.0,16365b2e499372ec561a5120390576dbee3af041f157afc28afdcf57d5d2d7b9,0.18613036670039163,0.1999402949508583,16x6.0-10 R20,13,14
Hoosier,plots/overlays/Hoosier_43100_18p0x6p0_10_r20_6in_8psi_combined.png,"28,29",nan,nan,,"69,70",0.06712611850050197,4500,300.0206229577639,0.0874824963826706,4500,126.74805257657208,1332.0551,189.4681,635.355,Round_9_Hoosier_43100_18p0x6p0_10_r20_6in_8psi_MF52_UM14.tir,2.7821635082677405,0.015056651933072254,plots/overlays/Hoosier_43100_18p0x6p0_10_r20_6in_8psi_lateral.png,5000,0,nan,"transient_step_steer_pressure_extrapolated_from:10,12,14",62.919617912060424,direct_drive_brake,1.0,0.024614356569811275,plots/overlays/Hoosier_43100_18p0x6p0_10_r20_6in_8psi_longitudinal.png,5000,reference_radius_mu_scaled_no_round9_longitudinal_transient,136.42868959859473,1.0,43100,8.0,6.008929540136918,5.4052667610073195,,"lat:transient_step_steer_pressure_extrapolated_from:10,12,14;long:reference_radius_mu_scaled_no_round9_longitudinal_transient",6.0,27cffbe55a40faea85e51da6ef31aa30622ffd9190e94b3d1fe62e607afd06e8,0.491439920706388,0.2538055003482026,18.0x6.0-10 R20,27,14
Hoosier,plots/overlays/Hoosier_43100_18p0x6p0_10_r20_6in_10psi_combined.png,"28,29",nan,nan,,"69,70",0.05339555534457468,4500,229.94598345586314,0.06101933230892392,4500,91.57628844592529,1345.21,189.0716,653.56,Round_9_Hoosier_43100_18p0x6p0_10_r20_6in_10psi_MF52_UM14.tir,2.859239616790933,0.013472385271625562,plots/overlays/Hoosier_43100_18p0x6p0_10_r20_6in_10psi_lateral.png,5000,6,0.02989129025665758,transient_step_steer_fit,62.99770881800797,direct_drive_brake,1.0,0.018686563875269173,plots/overlays/Hoosier_43100_18p0x6p0_10_r20_6in_10psi_longitudinal.png,5000,reference_radius_mu_scaled_no_round9_longitudinal_transient,91.06572692729195,1.0,43100,10.0,5.234664944325981,5.4052667610073195,plots/relaxation/Hoosier_43100_18p0x6p0_10_r20_6in_10psi_lateral_relaxation.png,lat:transient_step_steer_fit;long:reference_radius_mu_scaled_no_round9_longitudinal_transient,6.0,69ea072cfca916edb693839f6c3828782d2d272098e09d5f8c313bf9a5fe95c1,0.42811673992527,0.22997106896391203,18.0x6.0-10 R20,27,14
Hoosier,plots/overlays/Hoosier_43100_18p0x6p0_10_r20_6in_12psi_combined.png,"28,29",nan,nan,,"69,70",0.04656583035101348,4500,190.33445553706719,0.05980188843306695,4500,85.04309940384006,1240.536,182.67,660.69,Round_9_Hoosier_43100_18p0x6p0_10_r20_6in_12psi_MF52_UM14.tir,2.613129166862291,0.012992899675357425,plots/overlays/Hoosier_43100_18p0x6p0_10_r20_6in_12psi_lateral.png,5000,6,0.019037552078312276,transient_step_steer_fit,61.45252409098785,direct_drive_brake,1.0,0.03912068266469811,plots/overlays/Hoosier_43100_18p0x6p0_10_r20_6in_12psi_longitudinal.png,5000,reference_radius_mu_scaled_no_round9_longitudinal_transient,197.2109799758897,1.0,43100,12.0,3.5745351994010988,3.6724060203208095,plots/relaxation/Hoosier_43100_18p0x6p0_10_r20_6in_12psi_lateral_relaxation.png,lat:transient_step_steer_fit;long:reference_radius_mu_scaled_no_round9_longitudinal_transient,6.0,618668ca6982058599b80130ae3fa3c16a82c63cee79f41f3b921ceb8bc48eee,0.41429628759887815,0.23249308750880684,18.0x6.0-10 R20,27,14
Hoosier,plots/overlays/Hoosier_43100_18p0x6p0_10_r20_6in_14psi_combined.png,"28,29",nan,nan,,"69,70",0.03700306577552764,4500,143.88762386777694,0.05871014963294662,4500,78.80965742501036,1226.3996000000004,184.5186,677.4549999999999,Round_9_Hoosier_43100_18p0x6p0_10_r20_6in_14psi_MF52_UM14.tir,2.540163972859908,0.01114559925864279,plots/overlays/Hoosier_43100_18p0x6p0_10_r20_6in_14psi_lateral.png,5000,6,0.020519316596469217,transient_step_steer_fit,53.30986936925732,direct_drive_brake,1.0,0.018856187755237074,plots/overlays/Hoosier_43100_18p0x6p0_10_r20_6in_14psi_longitudinal.png,5000,reference_radius_mu_scaled_no_round9_longitudinal_transient,85.57602683944958,1.0,43100,14.0,14.306093479740701,19.999999999999996,plots/relaxation/Hoosier_43100_18p0x6p0_10_r20_6in_14psi_lateral_relaxation.png,lat:transient_step_steer_fit;long:reference_radius_mu_scaled_no_round9_longitudinal_transient,6.0,d075705f7e7a0c8771d11c99d0951137f6f5831674aba4b248d431730cbba96d,0.3262217425903965,0.23460071410415717,18.0x6.0-10 R20,27,14
Hoosier,plots/overlays/Hoosier_43100_18p0x6p0_10_r20_7in_8psi_combined.png,"31,32",nan,nan,,"72,73",0.04625253861541251,4500,197.45463123881987,0.06153047346657869,4500,96.08232630223804,1354.7806,189.06,655.625,Round_9_Hoosier_43100_18p0x6p0_10_r20_7in_8psi_MF52_UM14.tir,2.7916472748751286,0.014752549993847052,plots/overlays/Hoosier_43100_18p0x6p0_10_r20_7in_8psi_lateral.png,5000,0,nan,"transient_step_steer_pressure_extrapolated_from:10,12,14",68.22197248999619,direct_drive_brake,1.0,0.02318021397199719,plots/overlays/Hoosier_43100_18p0x6p0_10_r20_7in_8psi_longitudinal.png,5000,reference_radius_mu_scaled_no_round9_longitudinal_transient,116.59216475934709,1.0,43100,8.0,6.779350304852795,8.199635517204145,,"lat:transient_step_steer_pressure_extrapolated_from:10,12,14;long:reference_radius_mu_scaled_no_round9_longitudinal_transient",7.0,3ee0fb926462cc050e06cb794929ca35c84bc5d2a96505311e795d59e8a98252,0.3724670592699866,0.23716800520634762,18.0x6.0-10 R20,30,14
Hoosier,plots/overlays/Hoosier_43100_18p0x6p0_10_r20_7in_10psi_combined.png,"31,32",nan,nan,,"72,73",0.03724784575578408,4500,154.0151862194477,0.054905512639615066,4500,78.91412850980852,1238.55775,188.6506,657.54,Round_9_Hoosier_43100_18p0x6p0_10_r20_7in_10psi_MF52_UM14.tir,2.7174027582650844,0.012464945853591007,plots/overlays/Hoosier_43100_18p0x6p0_10_r20_7in_10psi_lateral.png,5000,6,0.031602398052621355,transient_step_steer_fit,60.741855653790935,direct_drive_brake,1.0,0.01923412980298334,plots/overlays/Hoosier_43100_18p0x6p0_10_r20_7in_10psi_longitudinal.png,5000,reference_radius_mu_scaled_no_round9_longitudinal_transient,95.08286280390897,1.0,43100,10.0,3.8070130680613805,5.024550567977073,plots/relaxation/Hoosier_43100_18p0x6p0_10_r20_7in_10psi_lateral_relaxation.png,lat:transient_step_steer_fit;long:reference_radius_mu_scaled_no_round9_longitudinal_transient,7.0,aa6393c3251ea1212bf2268e9c95e3505e20abbf12b0c49336df8378198ea246,0.33321373325214193,0.23325350085078747,18.0x6.0-10 R20,30,14
Hoosier,plots/overlays/Hoosier_43100_18p0x6p0_10_r20_7in_12psi_combined.png,"31,32",nan,nan,,"72,73",0.03922791540373015,4500,155.23655117135053,0.05835332751872972,4500,82.93679663244906,1197.99385,184.0441,667.435,Round_9_Hoosier_43100_18p0x6p0_10_r20_7in_12psi_MF52_UM14.tir,2.6000521127349496,0.011901889086481689,plots/overlays/Hoosier_43100_18p0x6p0_10_r20_7in_12psi_lateral.png,5000,6,0.02085266065775635,transient_step_steer_fit,59.186071105928754,direct_drive_brake,1.0,0.03076707396434499,plots/overlays/Hoosier_43100_18p0x6p0_10_r20_7in_12psi_longitudinal.png,5000,reference_radius_mu_scaled_no_round9_longitudinal_transient,146.86653526757894,1.0,43100,12.0,5.447350496675947,8.199635517204145,plots/relaxation/Hoosier_43100_18p0x6p0_10_r20_7in_12psi_lateral_relaxation.png,lat:transient_step_steer_fit;long:reference_radius_mu_scaled_no_round9_longitudinal_transient,7.0,a62e454d5d19422b0651afed89e025b06dabc381707926993e2e7752d92cb562,0.29928511274265046,0.23063134838190952,18.0x6.0-10 R20,30,14
Hoosier,plots/overlays/Hoosier_43100_18p0x6p0_10_r20_7in_14psi_combined.png,"31,32",nan,nan,,"72,73",0.03165798111653311,4500,116.138332610388,0.05264912672997758,4500,69.38483626645238,1182.18245,185.9634,676.145,Round_9_Hoosier_43100_18p0x6p0_10_r20_7in_14psi_MF52_UM14.tir,2.5935846481375235,0.009588555616790916,plots/overlays/Hoosier_43100_18p0x6p0_10_r20_7in_14psi_lateral.png,5000,6,0.01677247822669971,transient_step_steer_fit,47.15043737911668,direct_drive_brake,1.0,0.019773287231635624,plots/overlays/Hoosier_43100_18p0x6p0_10_r20_7in_14psi_longitudinal.png,5000,reference_radius_mu_scaled_no_round9_longitudinal_transient,85.38833083590387,1.0,43100,14.0,5.184056803030226,9.099239230558146,plots/relaxation/Hoosier_43100_18p0x6p0_10_r20_7in_14psi_lateral_relaxation.png,lat:transient_step_steer_fit;long:reference_radius_mu_scaled_no_round9_longitudinal_transient,7.0,18332804f52364b9442ac0816aebbff12944cb0e95336e5be0dbcc7ff0836585,0.25736943397062895,0.23303966676377097,18.0x6.0-10 R20,30,14
Goodyear,plots/overlays/Goodyear_D0571_18p0x6p5_10_6in_8psi_combined.png,"34,35",nan,nan,,"75,76",0.07088413928820772,4500,325.27512312162764,0.07891405313586765,4500,129.58488502548798,1389.1148,177.9918,642.52,Round_9_Goodyear_D0571_18p0x6p5_10_6in_8psi_MF52_UM14.tir,2.7872686682327408,0.01232236336785777,plots/overlays/Goodyear_D0571_18p0x6p5_10_6in_8psi_lateral.png,5000,0,nan,"transient_step_steer_pressure_extrapolated_from:10,12,14",57.7022698076602,direct_drive_brake,1.0,0.030411299922737046,plots/overlays/Goodyear_D0571_18p0x6p5_10_6in_8psi_longitudinal.png,5000,reference_radius_mu_scaled_no_round9_longitudinal_transient,162.86794482096767,1.0,D0571,8.0,16.82393864530784,19.999999999993946,,"lat:transient_step_steer_pressure_extrapolated_from:10,12,14;long:reference_radius_mu_scaled_no_round9_longitudinal_transient",6.0,23e48b696e56463d63775be3584788c9f5d003a1a0be56854a9ad228c1c326c1,0.3836361470641926,0.23474117102795153,18.0x6.5-10,33,14
Goodyear,plots/overlays/Goodyear_D0571_18p0x6p5_10_6in_10psi_combined.png,"34,35",nan,nan,,"75,76",0.05505056056195515,4500,251.6047059838964,0.06143956819760753,4500,100.71809918482674,1282.33775,174.44135,657.9100000000001,Round_9_Goodyear_D0571_18p0x6p5_10_6in_10psi_MF52_UM14.tir,2.6528054640350227,0.013111285896283478,plots/overlays/Goodyear_D0571_18p0x6p5_10_6in_10psi_lateral.png,5000,6,0.09412028283974032,transient_step_steer_fit,65.29596067580182,direct_drive_brake,1.0,0.024645171469247818,plots/overlays/Goodyear_D0571_18p0x6p5_10_6in_10psi_longitudinal.png,5000,reference_radius_mu_scaled_no_round9_longitudinal_transient,130.6629814501711,1.0,D0571,10.0,3.6729003801674254,4.4278776055447615,plots/relaxation/Goodyear_D0571_18p0x6p5_10_6in_10psi_lateral_relaxation.png,lat:transient_step_steer_fit;long:reference_radius_mu_scaled_no_round9_longitudinal_transient,6.0,1bc5d7b04af9d0cce152b14e6017c379c5ce3fa5ca78536e9690d4fd864363ee,0.360840414975396,0.2385468054690571,18.0x6.5-10,33,14
Goodyear,plots/overlays/Goodyear_D0571_18p0x6p5_10_6in_12psi_combined.png,"34,35",nan,nan,,"75,76",0.04930856817033958,4500,215.66206801225036,0.06527027360647207,4500,103.30535068571875,1247.8025,170.96,667.3299999999999,Round_9_Goodyear_D0571_18p0x6p5_10_6in_12psi_MF52_UM14.tir,2.529586632663066,0.013674371622911175,plots/overlays/Goodyear_D0571_18p0x6p5_10_6in_12psi_lateral.png,5000,6,0.10379398910295544,transient_step_steer_fit,68.79226983291647,direct_drive_brake,1.0,0.03332421779457174,plots/overlays/Goodyear_D0571_18p0x6p5_10_6in_12psi_longitudinal.png,5000,reference_radius_mu_scaled_no_round9_longitudinal_transient,172.03665759298124,1.0,D0571,12.0,11.836346006041364,19.99999999999846,plots/relaxation/Goodyear_D0571_18p0x6p5_10_6in_12psi_lateral_relaxation.png,lat:transient_step_steer_fit;long:reference_radius_mu_scaled_no_round9_longitudinal_transient,6.0,f4986ae907e6a7ea54fe604a850a90aa4fc8b179a25252f851278669aa667584,0.26990410942456483,0.23569768923870751,18.0x6.5-10,33,14
Goodyear,plots/overlays/Goodyear_D0571_18p0x6p5_10_6in_14psi_combined.png,"34,35",nan,nan,,"75,76",0.03851045503602147,4500,151.56446182684618,0.05787998111058508,4500,82.2049981919968,1245.4039,168.09830000000002,680.3599999999999,Round_9_Goodyear_D0571_18p0x6p5_10_6in_14psi_MF52_UM14.tir,2.4207934031974716,0.011989344777308583,plots/overlays/Goodyear_D0571_18p0x6p5_10_6in_14psi_lateral.png,5000,6,0.0701835729542013,transient_step_steer_fit,60.03581071291071,direct_drive_brake,1.0,0.022032713019267774,plots/overlays/Goodyear_D0571_18p0x6p5_10_6in_14psi_longitudinal.png,5000,reference_radius_mu_scaled_no_round9_longitudinal_transient,106.5068067328875,1.0,D0571,14.0,12.330779121910211,19.999999999993946,plots/relaxation/Goodyear_D0571_18p0x6p5_10_6in_14psi_lateral_relaxation.png,lat:transient_step_steer_fit;long:reference_radius_mu_scaled_no_round9_longitudinal_transient,6.0,042972bc0df5012b6fd614449532d6c97bade730dfca6ec3893d90f2961ef03e,0.2811786640667853,0.2291506042689479,18.0x6.5-10,33,14
Goodyear,plots/overlays/Goodyear_D0571_18p0x6p5_10_7in_8psi_combined.png,"37,38",nan,nan,,"78,79",0.05327814140817674,4500,240.32975744921546,0.05294743119486798,4500,85.62393835678076,1359.5827499999998,193.00575,664.8499999999999,Round_9_Goodyear_D0571_18p0x6p5_10_7in_8psi_MF52_UM14.tir,2.7224283381892787,0.013699034266049605,plots/overlays/Goodyear_D0571_18p0x6p5_10_7in_8psi_lateral.png,5000,0,nan,"transient_step_steer_pressure_extrapolated_from:10,12,14",67.0600878986052,direct_drive_brake,1.0,0.026092610782806704,plots/overlays/Goodyear_D0571_18p0x6p5_10_7in_8psi_longitudinal.png,5000,reference_radius_mu_scaled_no_round9_longitudinal_transient,138.68458769189348,1.0,D0571,8.0,12.492150240526612,19.999999999980368,,"lat:transient_step_steer_pressure_extrapolated_from:10,12,14;long:reference_radius_mu_scaled_no_round9_longitudinal_transient",7.0,062f02d7459c0b1912b6ba3d96524a27fd4739acbf8ce9387c414a9285dc5503,0.2848584084775235,0.23670941027460693,18.0x6.5-10,36,14
Goodyear,plots/overlays/Goodyear_D0571_18p0x6p5_10_7in_10psi_combined.png,"37,38",nan,nan,,"78,79",0.0403100999793577,4500,176.0102019453174,0.057037775467880594,4500,88.8591504014112,1244.8379999999997,198.5224,670.425,Round_9_Goodyear_D0571_18p0x6p5_10_7in_10psi_MF52_UM14.tir,2.6605491602700164,0.012541536064079931,plots/overlays/Goodyear_D0571_18p0x6p5_10_7in_10psi_lateral.png,5000,6,0.09248892348654808,transient_step_steer_fit,65.96456046704041,direct_drive_brake,1.0,0.022538411484279007,plots/overlays/Goodyear_D0571_18p0x6p5_10_7in_10psi_longitudinal.png,5000,reference_radius_mu_scaled_no_round9_longitudinal_transient,118.43371774701511,1.0,D0571,10.0,11.634747762885821,19.999999999999996,plots/relaxation/Goodyear_D0571_18p0x6p5_10_7in_10psi_lateral_relaxation.png,lat:transient_step_steer_fit;long:reference_radius_mu_scaled_no_round9_longitudinal_transient,7.0,cad359119d2b5ce36687862c63394c854e452a9c0a894fb3a12b3be8f0c6df87,0.2653070661940847,0.23900371054004,18.0x6.5-10,36,14
Goodyear,plots/overlays/Goodyear_D0571_18p0x6p5_10_7in_12psi_combined.png,"37,38",nan,nan,,"78,79",0.04135947274550356,4500,177.36348135345278,0.0678314305344948,4500,103.19931498233994,1210.82,196.08,669.895,Round_9_Goodyear_D0571_18p0x6p5_10_7in_12psi_MF52_UM14.tir,2.5201999971904714,0.013478129546285423,plots/overlays/Goodyear_D0571_18p0x6p5_10_7in_12psi_lateral.png,5000,6,0.09515812871311033,transient_step_steer_fit,69.4175158088566,direct_drive_brake,1.0,0.030227086399146643,plots/overlays/Goodyear_D0571_18p0x6p5_10_7in_12psi_longitudinal.png,5000,reference_radius_mu_scaled_no_round9_longitudinal_transient,154.90586807190354,1.0,D0571,12.0,10.650800459139528,19.99999387156875,plots/relaxation/Goodyear_D0571_18p0x6p5_10_7in_12psi_lateral_relaxation.png,lat:transient_step_steer_fit;long:reference_radius_mu_scaled_no_round9_longitudinal_transient,7.0,84af546311a0573efa4b82d2dfdf62093bc83bcfd40c860f9d02acf500980c60,0.2428701972374496,0.23926660816971843,18.0x6.5-10,36,14
Goodyear,plots/overlays/Goodyear_D0571_18p0x6p5_10_7in_14psi_combined.png,"37,38",nan,nan,,"78,79",0.03384220482846585,4500,129.73072491054344,0.05999538768042317,4500,84.9969356138537,1186.3808000000001,199.52,673.38,Round_9_Goodyear_D0571_18p0x6p5_10_7in_14psi_MF52_UM14.tir,2.399842009818831,0.011117101803350399,plots/overlays/Goodyear_D0571_18p0x6p5_10_7in_14psi_lateral.png,5000,6,0.07651749238555113,transient_step_steer_fit,55.67592996426954,direct_drive_brake,1.0,0.020962507928514815,plots/overlays/Goodyear_D0571_18p0x6p5_10_7in_14psi_longitudinal.png,5000,reference_radius_mu_scaled_no_round9_longitudinal_transient,99.73621679758907,1.0,D0571,14.0,9.856672018202774,19.999999999980368,plots/relaxation/Goodyear_D0571_18p0x6p5_10_7in_14psi_lateral_relaxation.png,lat:transient_step_steer_fit;long:reference_radius_mu_scaled_no_round9_longitudinal_transient,7.0,0c97bceda567281dff36e9d9c10e2da592b0defeab679eabc9cdff672a0d096d,0.22476161829060898,0.23064612239845345,18.0x6.5-10,36,14
MRF,plots/overlays/MRF_ZTD1_18x6p0_10_6in_8psi_combined.png,"40,41",nan,nan,,"63,64",0.05856750955070785,4500,194.68378995743157,0.0522830625836456,4500,71.79690530552126,1225.47685,193.51989999999998,669.345,Round_9_MRF_ZTD1_18x6p0_10_6in_8psi_MF52_UM14.tir,1.9809051728278813,0.010948828059007626,plots/overlays/MRF_ZTD1_18x6p0_10_6in_8psi_lateral.png,5000,0,nan,"transient_step_steer_pressure_extrapolated_from:10,12,14",43.728776207915914,direct_drive_brake,1.0,0.023691754659445872,plots/overlays/MRF_ZTD1_18x6p0_10_6in_8psi_longitudinal.png,5000,reference_radius_mu_scaled_no_round9_longitudinal_transient,87.70155695034757,1.0,ZTD1,8.0,3.3554634313212186,4.446684147668652,,"lat:transient_step_steer_pressure_extrapolated_from:10,12,14;long:reference_radius_mu_scaled_no_round9_longitudinal_transient",6.0,fc75535940e9708cf41a67b7790f9feac0cfe190bab21173d3c599d594aa0aa0,0.3283944394671266,0.20437795149475718,18x6.0-10,39,14
MRF,plots/overlays/MRF_ZTD1_18x6p0_10_6in_10psi_combined.png,"40,41",nan,nan,,"63,64",0.044672913019048605,4500,140.71746470080865,0.047633632912005515,4500,61.49825917643716,1211.857949999999,193.9591,672.485,Round_9_MRF_ZTD1_18x6p0_10_6in_10psi_MF52_UM14.tir,1.8914927629000027,0.009710628753828832,plots/overlays/MRF_ZTD1_18x6p0_10_6in_10psi_lateral.png,5000,6,0.03412177740969503,transient_step_steer_fit,37.085692337744504,direct_drive_brake,1.0,0.022679192203658775,plots/overlays/MRF_ZTD1_18x6p0_10_6in_10psi_longitudinal.png,5000,reference_radius_mu_scaled_no_round9_longitudinal_transient,81.10964754483932,1.0,ZTD1,10.0,3.6632524926379655,5.177010216968834,plots/relaxation/MRF_ZTD1_18x6p0_10_6in_10psi_lateral_relaxation.png,lat:transient_step_steer_fit;long:reference_radius_mu_scaled_no_round9_longitudinal_transient,6.0,316de0f73f4e35461834342ead9c9d6f81b002cc415a733988b58113db8ace3c,0.3118781058070842,0.19988112149146,18x6.0-10,39,14
MRF,plots/overlays/MRF_ZTD1_18x6p0_10_6in_12psi_combined.png,"40,41",nan,nan,,"63,64",0.04235419196964997,4500,135.3095935754163,0.05088178400798947,4500,68.1816668933819,1197.96225,192.80775,673.495,Round_9_MRF_ZTD1_18x6p0_10_6in_12psi_MF52_UM14.tir,1.9321914484370803,0.014663978248077669,plots/overlays/MRF_ZTD1_18x6p0_10_6in_12psi_lateral.png,5000,6,0.02784524113448777,transient_step_steer_fit,56.69580101585751,direct_drive_brake,1.0,0.025775766557089574,plots/overlays/MRF_ZTD1_18x6p0_10_6in_12psi_longitudinal.png,5000,reference_radius_mu_scaled_no_round9_longitudinal_transient,95.78197525314815,1.0,ZTD1,12.0,2.927937958380528,4.446684147668652,plots/relaxation/MRF_ZTD1_18x6p0_10_6in_12psi_lateral_relaxation.png,lat:transient_step_steer_fit;long:reference_radius_mu_scaled_no_round9_longitudinal_transient,6.0,14aa90094f2324ca4375f7ca4338aa89270c100268db71509bd09637ea2a3174,0.2865531287457057,0.19966795344679203,18x6.0-10,39,14
MRF,plots/overlays/MRF_ZTD1_18x6p0_10_6in_14psi_combined.png,"40,41",nan,nan,,"63,64",0.03754294524653402,4500,119.48318265357017,0.046077300500748895,4500,61.40558263318028,1189.3974,194.99,671.885,Round_9_MRF_ZTD1_18x6p0_10_6in_14psi_MF52_UM14.tir,1.8963398734854497,0.010145282998025152,plots/overlays/MRF_ZTD1_18x6p0_10_6in_14psi_lateral.png,5000,6,0.02623085770856985,transient_step_steer_fit,38.757370266602116,direct_drive_brake,1.0,0.02407705719176004,plots/overlays/MRF_ZTD1_18x6p0_10_6in_14psi_longitudinal.png,5000,reference_radius_mu_scaled_no_round9_longitudinal_transient,89.63337027882572,1.0,ZTD1,14.0,2.768465838654518,4.3839696563177295,plots/relaxation/MRF_ZTD1_18x6p0_10_6in_14psi_lateral_relaxation.png,lat:transient_step_steer_fit;long:reference_radius_mu_scaled_no_round9_longitudinal_transient,6.0,0c541041e78d224a2ad3e715c02062ab182f3b7519e67690013e21237ba5db4a,0.2744411167863313,0.2001830130307552,18x6.0-10,39,14
MRF,plots/overlays/MRF_ZTD1_18x6p0_10_7in_8psi_combined.png,"43,44",nan,nan,,"66,67",0.04131423524545521,4500,130.5793831719603,0.04618404528262497,4500,64.7945759979153,1195.9457,188.4282,672.6,Round_9_MRF_ZTD1_18x6p0_10_7in_8psi_MF52_UM14.tir,1.9172665579509671,0.009325319079422495,plots/overlays/MRF_ZTD1_18x6p0_10_7in_8psi_lateral.png,5000,0,nan,"transient_step_steer_pressure_extrapolated_from:10,12,14",36.15985726236867,direct_drive_brake,1.0,0.021308430160646343,plots/overlays/MRF_ZTD1_18x6p0_10_7in_8psi_longitudinal.png,5000,reference_radius_mu_scaled_no_round9_longitudinal_transient,74.72960214431379,1.0,ZTD1,8.0,3.5726883345793703,5.579507192439076,,"lat:transient_step_steer_pressure_extrapolated_from:10,12,14;long:reference_radius_mu_scaled_no_round9_longitudinal_transient",7.0,6ecbb139af920d9b93e8dbd4f1add65b23d948591470efe211f8c24f60744c71,0.2836444550784146,0.20267773596685085,18x6.0-10,42,14
MRF,plots/overlays/MRF_ZTD1_18x6p0_10_7in_10psi_combined.png,"43,44",nan,nan,,"66,67",0.03641335515491917,4500,111.42980078367616,0.045288341803539085,4500,59.60982884373045,1184.86385,185.3146,670.5699999999999,Round_9_MRF_ZTD1_18x6p0_10_7in_10psi_MF52_UM14.tir,1.9067584353415512,0.008373210648959161,plots/overlays/MRF_ZTD1_18x6p0_10_7in_10psi_lateral.png,5000,6,0.042601472414499,transient_step_steer_fit,31.782576641338817,direct_drive_brake,1.0,0.022267207819244923,plots/overlays/MRF_ZTD1_18x6p0_10_7in_10psi_longitudinal.png,5000,reference_radius_mu_scaled_no_round9_longitudinal_transient,77.69770306154935,1.0,ZTD1,10.0,3.3757751587932407,5.579507192439076,plots/relaxation/MRF_ZTD1_18x6p0_10_7in_10psi_lateral_relaxation.png,lat:transient_step_steer_fit;long:reference_radius_mu_scaled_no_round9_longitudinal_transient,7.0,5da6f1892acbda69e022dd5e2988db5382c2964281ff457ca3884efbefed15b9,0.268011036987331,0.19907095819673898,18x6.0-10,42,14
MRF,plots/overlays/MRF_ZTD1_18x6p0_10_7in_12psi_combined.png,"43,44",nan,nan,,"66,67",0.04007287126428126,4500,125.98315643351755,0.055710652355344,4500,77.71360235841331,1178.4714,185.40715,676.185,Round_9_MRF_ZTD1_18x6p0_10_7in_12psi_MF52_UM14.tir,1.8937509827184213,0.009149662120612764,plots/overlays/MRF_ZTD1_18x6p0_10_7in_12psi_lateral.png,5000,6,0.029929274145908295,transient_step_steer_fit,35.020436987759744,direct_drive_brake,1.0,0.026463822244347093,plots/overlays/MRF_ZTD1_18x6p0_10_7in_12psi_longitudinal.png,5000,reference_radius_mu_scaled_no_round9_longitudinal_transient,100.1722890057038,1.0,ZTD1,12.0,2.7450453767239247,4.788545943589263,plots/relaxation/MRF_ZTD1_18x6p0_10_7in_12psi_lateral_relaxation.png,lat:transient_step_steer_fit;long:reference_radius_mu_scaled_no_round9_longitudinal_transient,7.0,c09b9b882d5e64dc380beda3336b8f77a1f94987366b08e7fee4431127dbae61,0.2511386662581048,0.20208630630663682,18x6.0-10,42,14
MRF,plots/overlays/MRF_ZTD1_18x6p0_10_7in_14psi_combined.png,"43,44",nan,nan,,"66,67",0.032459632307446126,4500,103.331571512304,0.04645572527307804,4500,63.96284407658915,1171.124,181.93,673.865,Round_9_MRF_ZTD1_18x6p0_10_7in_14psi_MF52_UM14.tir,1.8638975304215217,0.0088123908232163,plots/overlays/MRF_ZTD1_18x6p0_10_7in_14psi_lateral.png,5000,6,0.024604867129376908,transient_step_steer_fit,32.92500881054015,direct_drive_brake,1.0,0.024147481393337115,plots/overlays/MRF_ZTD1_18x6p0_10_7in_14psi_longitudinal.png,5000,reference_radius_mu_scaled_no_round9_longitudinal_transient,89.43043881503795,1.0,ZTD1,14.0,4.4369862226069765,8.473160668987763,plots/relaxation/MRF_ZTD1_18x6p0_10_7in_14psi_lateral_relaxation.png,lat:transient_step_steer_fit;long:reference_radius_mu_scaled_no_round9_longitudinal_transient,7.0,162b297b0a3e5fddcf43c4d778f61e7390729919b13326b288391228b5406ce9,0.2361247244860921,0.20119637111413158,18x6.0-10,42,14
Hoosier,plots/overlays/Hoosier_43164_20p5x7p0_13_r20_7in_8psi_combined.png,"17,18",nan,nan,,"51,52",0.03205592521471669,4500,174.89781717388638,0.051126821599831666,4500,104.52339288117706,1693.1773500000002,196.156,663.5350000000001,Round_9_Hoosier_43164_20p5x7p0_13_r20_7in_8psi_MF52_UM14.tir,2.726382592891323,0.013285671320862611,plots/overlays/Hoosier_43164_20p5x7p0_13_r20_7in_8psi_lateral.png,5000,0,nan,"transient_step_steer_pressure_extrapolated_from:10,12,14",75.96335669741862,direct_drive_brake,1.0,0.02419278396495591,plots/overlays/Hoosier_43164_20p5x7p0_13_r20_7in_8psi_longitudinal.png,5000,reference_radius_mu_scaled_no_round9_longitudinal_transient,159.01844321813627,1.0,43164,8.0,3.6356167495446186,7.271520229975689,,"lat:transient_step_steer_pressure_extrapolated_from:10,12,14;long:reference_radius_mu_scaled_no_round9_longitudinal_transient",7.0,9e6c72dcd1c6dd69f85c6c1110c81cf567110826a13811e3531f2a11be947c6e,0.2555074424030511,0.28573713272903917,20.5x7.0-13 R20,16,14
Hoosier,plots/overlays/Hoosier_43164_20p5x7p0_13_r20_7in_10psi_combined.png,"17,18",nan,nan,,"51,52",0.03271618138251581,4500,183.42592093176688,0.04277647261124149,4500,92.69794221921127,1661.2125500000002,197.22050000000002,675.3399999999999,Round_9_Hoosier_43164_20p5x7p0_13_r20_7in_10psi_MF52_UM14.tir,2.592363080975172,0.009859072308925488,plots/overlays/Hoosier_43164_20p5x7p0_13_r20_7in_10psi_lateral.png,5000,6,0.02836477480893314,transient_step_steer_fit,63.46080762458543,direct_drive_brake,1.0,0.017444875088806006,plots/overlays/Hoosier_43164_20p5x7p0_13_r20_7in_10psi_longitudinal.png,5000,reference_radius_mu_scaled_no_round9_longitudinal_transient,113.65503591157966,1.0,43164,10.0,2.6063503439350932,5.7994844091924564,plots/relaxation/Hoosier_43164_20p5x7p0_13_r20_7in_10psi_lateral_relaxation.png,lat:transient_step_steer_fit;long:reference_radius_mu_scaled_no_round9_longitudinal_transient,7.0,8d1530f81803e67ca0fd812863bc3d1dfb9cacf572d4697636add68ceee49baa,0.2272515529877991,0.26396707709148354,20.5x7.0-13 R20,16,14
Hoosier,plots/overlays/Hoosier_43164_20p5x7p0_13_r20_7in_12psi_combined.png,"17,18",nan,nan,,"51,52",0.03683822658421897,4500,200.75254970390205,0.049116167105519616,4500,103.85110093749293,1651.5162999999995,191.7603,672.745,Round_9_Hoosier_43164_20p5x7p0_13_r20_7in_12psi_MF52_UM14.tir,2.4370243344964564,0.01175299751174544,plots/overlays/Hoosier_43164_20p5x7p0_13_r20_7in_12psi_lateral.png,5000,6,0.0220334827546831,transient_step_steer_fit,74.6676452844384,direct_drive_brake,1.0,0.027253324269045094,plots/overlays/Hoosier_43164_20p5x7p0_13_r20_7in_12psi_longitudinal.png,5000,reference_radius_mu_scaled_no_round9_longitudinal_transient,172.3023021066461,1.0,43164,12.0,3.1968329990512436,7.271520229975689,plots/relaxation/Hoosier_43164_20p5x7p0_13_r20_7in_12psi_lateral_relaxation.png,lat:transient_step_steer_fit;long:reference_radius_mu_scaled_no_round9_longitudinal_transient,7.0,a284b12f9c17e8aaab871abdebd8cef12af7ff7b6e61840dae839b0591d9dfd2,0.2246701673050575,0.2623235890216202,20.5x7.0-13 R20,16,14
Hoosier,plots/overlays/Hoosier_43164_20p5x7p0_13_r20_7in_14psi_combined.png,"17,18",nan,nan,,"51,52",0.027335665593571288,4500,139.6767497911497,0.04072534749177963,4500,83.97285647907269,1643.0724,189.3,676.9100000000001,Round_9_Hoosier_43164_20p5x7p0_13_r20_7in_14psi_MF52_UM14.tir,2.41795409317588,0.009881651679783379,plots/overlays/Hoosier_43164_20p5x7p0_13_r20_7in_14psi_lateral.png,5000,6,0.016869746813895484,transient_step_steer_fit,62.21617347228622,direct_drive_brake,1.0,0.01830979882951201,plots/overlays/Hoosier_43164_20p5x7p0_13_r20_7in_14psi_longitudinal.png,5000,reference_radius_mu_scaled_no_round9_longitudinal_transient,111.55028881254003,1.0,43164,14.0,7.0687908042482395,19.99999999999934,plots/relaxation/Hoosier_43164_20p5x7p0_13_r20_7in_14psi_lateral_relaxation.png,lat:transient_step_steer_fit;long:reference_radius_mu_scaled_no_round9_longitudinal_transient,7.0,2570cbece556fd5aae0f2dac4a05e4868dbc9eecdd99a878e9a1472604065bb7,0.18357702602355008,0.2571983642561491,20.5x7.0-13 R20,16,14
Hoosier,plots/overlays/Hoosier_43164_20p5x7p0_13_r20_8in_8psi_combined.png,"20,21",nan,nan,,"54,55",0.03314913705518968,4500,179.56138372298804,0.046174628718118935,4500,98.90637793661179,1653.600300000001,191.52,669.72,Round_9_Hoosier_43164_20p5x7p0_13_r20_8in_8psi_MF52_UM14.tir,2.6009628507722304,0.010658874097903304,plots/overlays/Hoosier_43164_20p5x7p0_13_r20_8in_8psi_lateral.png,5000,0,nan,"transient_step_steer_pressure_extrapolated_from:10,12,14",66.97654895429731,direct_drive_brake,1.0,0.025568931912393233,plots/overlays/Hoosier_43164_20p5x7p0_13_r20_8in_8psi_longitudinal.png,5000,reference_radius_mu_scaled_no_round9_longitudinal_transient,176.660084516684,1.0,43164,8.0,4.639304634343038,9.552995632961208,,"lat:transient_step_steer_pressure_extrapolated_from:10,12,14;long:reference_radius_mu_scaled_no_round9_longitudinal_transient",8.0,ef7b3f98a434299bde51d7c44b4bd8e4b2718b3d248e52349f3ee19265ace001,0.2501312130844242,0.2900939645727674,20.5x7.0-13 R20,19,14
Hoosier,plots/overlays/Hoosier_43164_20p5x7p0_13_r20_8in_10psi_combined.png,"20,21",nan,nan,,"54,55",0.0342214089861881,4500,186.3480456333697,0.04400195326077168,4500,93.90813261202696,1640.51695,192.2222,675.8599999999999,Round_9_Hoosier_43164_20p5x7p0_13_r20_8in_10psi_MF52_UM14.tir,2.55902372331956,0.01013891722509217,plots/overlays/Hoosier_43164_20p5x7p0_13_r20_8in_10psi_lateral.png,5000,6,0.009859800362135988,transient_step_steer_fit,66.58658352645956,direct_drive_brake,1.0,0.01877202032693241,plots/overlays/Hoosier_43164_20p5x7p0_13_r20_8in_10psi_longitudinal.png,5000,reference_radius_mu_scaled_no_round9_longitudinal_transient,122.61729746985569,1.0,43164,10.0,3.1720179645345756,7.406920526734781,plots/relaxation/Hoosier_43164_20p5x7p0_13_r20_8in_10psi_lateral_relaxation.png,lat:transient_step_steer_fit;long:reference_radius_mu_scaled_no_round9_longitudinal_transient,8.0,f622f05ec792f5f207601e45491efb982129b39d32a4a2640c0cd0dcd103731c,0.21899830486027133,0.26517987562513484,20.5x7.0-13 R20,19,14
Hoosier,plots/overlays/Hoosier_43164_20p5x7p0_13_r20_8in_12psi_combined.png,"20,21",nan,nan,,"54,55",0.037391684444223125,4500,199.47590555161264,0.0526477085277188,4500,111.7510790751065,1627.3868000000004,191.0354,675.2,Round_9_Hoosier_43164_20p5x7p0_13_r20_8in_12psi_MF52_UM14.tir,2.430808795454136,0.011933580753670453,plots/overlays/Hoosier_43164_20p5x7p0_13_r20_8in_12psi_lateral.png,5000,6,0.012418445653169005,transient_step_steer_fit,76.30388218405469,direct_drive_brake,1.0,0.027821095668275366,plots/overlays/Hoosier_43164_20p5x7p0_13_r20_8in_12psi_longitudinal.png,5000,reference_radius_mu_scaled_no_round9_longitudinal_transient,171.52609665100985,1.0,43164,12.0,3.6729030461373946,9.552995632961208,plots/relaxation/Hoosier_43164_20p5x7p0_13_r20_8in_12psi_lateral_relaxation.png,lat:transient_step_steer_fit;long:reference_radius_mu_scaled_no_round9_longitudinal_transient,8.0,b6397ab5e980efdb58eb702176618c8bbecc9e528f77435b4f480b0cf8872231,0.19802702492760957,0.2602860527362264,20.5x7.0-13 R20,19,14
Hoosier,plots/overlays/Hoosier_43164_20p5x7p0_13_r20_8in_14psi_combined.png,"20,21",nan,nan,,"54,55",0.027534985703528084,4500,142.80100666612344,0.04381096733552143,4500,86.20149548809061,1623.4176,190.3824,673.085,Round_9_Hoosier_43164_20p5x7p0_13_r20_8in_14psi_MF52_UM14.tir,2.385733920781887,0.010063318646945549,plots/overlays/Hoosier_43164_20p5x7p0_13_r20_8in_14psi_lateral.png,5000,6,0.011959208630777114,transient_step_steer_fit,63.41130548433,direct_drive_brake,1.0,0.020165779529893752,plots/overlays/Hoosier_43164_20p5x7p0_13_r20_8in_14psi_longitudinal.png,5000,reference_radius_mu_scaled_no_round9_longitudinal_transient,120.30341442285729,1.0,43164,14.0,4.398436141916496,14.082745246010298,plots/relaxation/Hoosier_43164_20p5x7p0_13_r20_8in_14psi_lateral_relaxation.png,lat:transient_step_steer_fit;long:reference_radius_mu_scaled_no_round9_longitudinal_transient,8.0,be91de0b40c42cf03e93f126fa7cad8074b7de0b791addb6ac6061f95f320517,0.16181330255771087,0.2544341126723892,20.5x7.0-13 R20,19,14
Goodyear,plots/overlays/Goodyear_D2704_20p0x7p0_13_7in_8psi_combined.png,"23,24",nan,nan,,"57,58",0.05431846376696225,4500,319.54734741224206,0.0724813393583672,4500,142.57525212027883,1730.0114000000003,185.5195,651.47,Round_9_Goodyear_D2704_20p0x7p0_13_7in_8psi_MF52_UM14.tir,3.4690355015012124,0.016606077868744618,plots/overlays/Goodyear_D2704_20p0x7p0_13_7in_8psi_lateral.png,5000,0,nan,"transient_step_steer_pressure_extrapolated_from:10,12,14",97.40671931879778,direct_drive_brake,1.0,0.03767685013629749,plots/overlays/Goodyear_D2704_20p0x7p0_13_7in_8psi_longitudinal.png,5000,reference_radius_mu_scaled_no_round9_longitudinal_transient,229.42360898504893,1.0,D2704,8.0,4.58485730310514,6.96442366056684,,"lat:transient_step_steer_pressure_extrapolated_from:10,12,14;long:reference_radius_mu_scaled_no_round9_longitudinal_transient",7.0,f676d2c06e9622121c4365c0678890050f14e2262a25dc3a19ce86de448809c4,0.32767361419987906,0.2572537315441921,20.0x7.0-13,22,14
Goodyear,plots/overlays/Goodyear_D2704_20p0x7p0_13_7in_10psi_combined.png,"23,24",nan,nan,,"57,58",0.04182974954890185,4500,244.43078202214772,0.061207570103124574,4500,123.12419930210879,1722.7200000000005,185.196,661.765,Round_9_Goodyear_D2704_20p0x7p0_13_7in_10psi_MF52_UM14.tir,3.0589621471829957,0.014898558833285216,plots/overlays/Goodyear_D2704_20p0x7p0_13_7in_10psi_lateral.png,5000,6,0.04559881719707747,transient_step_steer_fit,93.18487619479829,direct_drive_brake,1.0,0.023204004995157842,plots/overlays/Goodyear_D2704_20p0x7p0_13_7in_10psi_longitudinal.png,5000,reference_radius_mu_scaled_no_round9_longitudinal_transient,158.63926182649055,1.0,D2704,10.0,3.2700099452564784,5.363553144826447,plots/relaxation/Goodyear_D2704_20p0x7p0_13_7in_10psi_lateral_relaxation.png,lat:transient_step_steer_fit;long:reference_radius_mu_scaled_no_round9_longitudinal_transient,7.0,3cded7dbaaf8c19f47589003900fe2289cc37089dbd812c7b14beaa6e6928f9f,0.29930919554256435,0.26608516307094254,20.0x7.0-13,22,14
Goodyear,plots/overlays/Goodyear_D2704_20p0x7p0_13_7in_12psi_combined.png,"23,24",nan,nan,,"57,58",0.038055491828073024,4500,222.77260597420064,0.05897497444342973,4500,112.15786920933412,1697.5527,185.3094,667.135,Round_9_Goodyear_D2704_20p0x7p0_13_7in_12psi_MF52_UM14.tir,2.722973219737664,0.016657692316071112,plots/overlays/Goodyear_D2704_20p0x7p0_13_7in_12psi_lateral.png,5000,6,0.06503523307092401,transient_step_steer_fit,105.59827547619277,direct_drive_brake,1.0,0.039907028544067975,plots/overlays/Goodyear_D2704_20p0x7p0_13_7in_12psi_longitudinal.png,5000,reference_radius_mu_scaled_no_round9_longitudinal_transient,257.4858548714084,1.0,D2704,12.0,4.787360107237988,9.729277981266216,plots/relaxation/Goodyear_D2704_20p0x7p0_13_7in_12psi_lateral_relaxation.png,lat:transient_step_steer_fit;long:reference_radius_mu_scaled_no_round9_longitudinal_transient,7.0,cc923cf6422d6d4d0b2baaf24106ee5e69d3dec11fb9bb10356dc8a086abf817,0.24735190825541778,0.25912486296659143,20.0x7.0-13,22,14
Goodyear,plots/overlays/Goodyear_D2704_20p0x7p0_13_7in_14psi_combined.png,"23,24",nan,nan,,"57,58",0.03526169260209246,4500,191.51247621070848,0.051622043062780634,4500,100.50003899349458,1669.4331,183.0123,671.6600000000001,Round_9_Goodyear_D2704_20p0x7p0_13_7in_14psi_MF52_UM14.tir,2.706750502746135,0.00986812255184263,plots/overlays/Goodyear_D2704_20p0x7p0_13_7in_14psi_lateral.png,5000,6,0.05268597234234006,transient_step_steer_fit,64.38856711319202,direct_drive_brake,1.0,0.019417140050952256,plots/overlays/Goodyear_D2704_20p0x7p0_13_7in_14psi_longitudinal.png,5000,reference_radius_mu_scaled_no_round9_longitudinal_transient,120.15389369234423,1.0,D2704,14.0,3.229162535944757,6.96442366056684,plots/relaxation/Goodyear_D2704_20p0x7p0_13_7in_14psi_lateral_relaxation.png,lat:transient_step_steer_fit;long:reference_radius_mu_scaled_no_round9_longitudinal_transient,7.0,5801a9b3a2e568fa21e9b84411da0a84a094f1445c5c8ed0c8cfbe8ec2f8aefc,0.23078392391301886,0.25401691361663814,20.0x7.0-13,22,14
Goodyear,plots/overlays/Goodyear_D2704_20p0x7p0_13_8in_8psi_combined.png,"46,49",nan,nan,,"60,61",0.050733910216133764,4500,305.6502471403641,0.07738814985925777,4500,166.91478580023986,1675.5128,185.6908,654.565,Round_9_Goodyear_D2704_20p0x7p0_13_8in_8psi_MF52_UM14.tir,2.8196477896007086,nan,,0,0,nan,"transient_step_steer_pressure_extrapolated_from:10,12,14",nan,pressure_extrapolated_lateral_direct_drive_brake,1.0,0.03685427657172405,plots/overlays/Goodyear_D2704_20p0x7p0_13_8in_8psi_longitudinal.png,5000,reference_radius_mu_scaled_no_round9_longitudinal_transient,227.81618479917506,1.0,D2704,8.0,3.3344292694165927,5.83370727147613,,"lat:transient_step_steer_pressure_extrapolated_from:10,12,14;long:reference_radius_mu_scaled_no_round9_longitudinal_transient",8.0,6d63ffdb611a7b5cf98c76bf7bb987bfe619749511a07aeee48ccaf268f4aeb5,0.28207408004525636,0.25880935131550076,20.0x7.0-13,25,14
Goodyear,plots/overlays/Goodyear_D2704_20p0x7p0_13_8in_10psi_combined.png,"46,49",nan,nan,,"60,61",0.042895362771527376,4500,251.57875038092317,0.05579097600967302,4500,109.643104021058,1675.5128,185.6908,654.565,Round_9_Goodyear_D2704_20p0x7p0_13_8in_10psi_MF52_UM14.tir,2.6960965085553332,0.01266367421387416,plots/overlays/Goodyear_D2704_20p0x7p0_13_8in_10psi_lateral.png,5000,6,0.07343144181356188,transient_step_steer_fit,78.87853150413913,direct_drive_brake,1.0,0.025778241476158915,plots/overlays/Goodyear_D2704_20p0x7p0_13_8in_10psi_longitudinal.png,5000,reference_radius_mu_scaled_no_round9_longitudinal_transient,169.9507517366583,1.0,D2704,10.0,2.677805647244368,5.002544645972761,plots/relaxation/Goodyear_D2704_20p0x7p0_13_8in_10psi_lateral_relaxation.png,lat:transient_step_steer_fit;long:reference_radius_mu_scaled_no_round9_longitudinal_transient,8.0,776e2e8b0b59d60597460bcfebbaf813ed9bba2e144eafdf0aff6aa0dc8b3ae4,0.2614781732032313,0.2661846543920761,20.0x7.0-13,25,14
Goodyear,plots/overlays/Goodyear_D2704_20p0x7p0_13_8in_12psi_combined.png,"46,49",nan,nan,,"60,61",0.040600347929495836,4500,230.96457967835264,0.0497266119538758,4500,104.56671086819257,1605.0111999999992,178.1916,672.29,Round_9_Goodyear_D2704_20p0x7p0_13_8in_12psi_MF52_UM14.tir,2.6113227399572234,0.013536564384812492,plots/overlays/Goodyear_D2704_20p0x7p0_13_8in_12psi_lateral.png,5000,6,0.0756892060431279,transient_step_steer_fit,72.45100227750854,direct_drive_brake,1.0,0.04043505531537088,plots/overlays/Goodyear_D2704_20p0x7p0_13_8in_12psi_longitudinal.png,5000,reference_radius_mu_scaled_no_round9_longitudinal_transient,262.4811693856367,1.0,D2704,12.0,2.8180080065913926,5.83370727147613,plots/relaxation/Goodyear_D2704_20p0x7p0_13_8in_12psi_lateral_relaxation.png,lat:transient_step_steer_fit;long:reference_radius_mu_scaled_no_round9_longitudinal_transient,8.0,e9351935a50d23dcf7fa706e70ee0ff67b592bd01883c275e7e1b6588c44dbfc,0.2383877274921207,0.26196588338927196,20.0x7.0-13,25,14
Goodyear,plots/overlays/Goodyear_D2704_20p0x7p0_13_8in_14psi_combined.png,"46,49",nan,nan,,"60,61",0.03283375597274891,4500,175.17455636454207,0.04429790837657128,4500,90.21559192188607,1633.007,180.533,668.345,Round_9_Goodyear_D2704_20p0x7p0_13_8in_14psi_MF52_UM14.tir,2.4683827026882126,0.008545643214342053,plots/overlays/Goodyear_D2704_20p0x7p0_13_8in_14psi_lateral.png,5000,6,0.047995645918102695,transient_step_steer_fit,55.38091250615153,direct_drive_brake,1.0,0.018201750686830238,plots/overlays/Goodyear_D2704_20p0x7p0_13_8in_14psi_longitudinal.png,5000,reference_radius_mu_scaled_no_round9_longitudinal_transient,112.37470556125534,1.0,D2704,14.0,2.6766786582708306,6.04230900554422,plots/relaxation/Goodyear_D2704_20p0x7p0_13_8in_14psi_lateral_relaxation.png,lat:transient_step_steer_fit;long:reference_radius_mu_scaled_no_round9_longitudinal_transient,8.0,3bfc63d268f78ed5db314f5bc5cd53a10fe2e9b3012917cde068e336c1263695,0.21903909008463807,0.24061149773352086,20.0x7.0-13,25,14
