candidate_id,projected_average_lap_s,projected_terminal_energy_kwh_per_lap,efficiency_factor,efficiency_points,inherited_competition_efficiency_factor,inherited_competition_efficiency_points,pack_aware_cohort_full_dynamic_points_with_inherited_efficiency,pack_aware_cohort_full_dynamic_points_with_inherited_efficiency_rank
tenpower_60xg_125s3p,63.86141684451132,0.1677885289061496,0.7193964338265985,84.7237074461808,0.7193964338265985,84.7237074461808,647.4292000208903,28
reliance_rs50_110s4p,63.81844360580077,0.1696885045599506,0.7118204583600724,83.23237369292762,0.7118204583600724,83.23237369292762,649.7087331812392,17
ampace_jp50_110s4p,63.94685271575076,0.1698200357068107,0.7098408592282298,82.8426888244547,0.7098408592282298,82.8426888244547,646.2427424320027,30
tenpower_50xg_110s4p,64.02603754769176,0.1697987203000166,0.7090519550750897,82.68739273131688,0.7090519550750897,82.68739273131688,644.2228401675571,36
tenpower_60xg_120s3p,64.12820132794819,0.1614110880275468,0.7447091204906438,89.70651978162279,0.7447091204906438,89.70651978162279,648.7208895313324,22
molicel_p50b_110s4p,64.24174491348758,0.1636769607866896,0.733101681686735,87.42159088321556,0.733101681686735,87.42159088321556,649.294935655404,21
reliance_rs50_140s3p,64.13979579952637,0.1620907479886837,0.7414524376582187,89.06544048390131,0.7414524376582187,89.06544048390131,651.593362889134,9
molicel_p50b_140s3p,64.59200381869417,0.1565412818700956,0.7623623728120509,93.18156945119112,0.7623623728120509,93.18156945119112,651.9490915327764,8
ampace_jp50_140s3p,64.26612763344237,0.1622139830349857,0.73943274044497,88.66786229231694,0.73943274044497,88.66786229231694,648.216104052566,24
ampace_jp50_135s3p,64.37673948485022,0.1555577921631464,0.7697476098985587,94.63535627924384,0.7697476098985587,94.63535627924384,652.8021245106851,4
tenpower_50xg_140s3p,64.3519156390832,0.1620901392022276,0.7390112025371145,88.58488238919577,0.7390112025371145,88.58488238919577,646.2288252084787,31
tenpower_60xg_115s3p,64.45895695693413,0.1548242255731323,0.7724082550185581,95.1591053186138,0.7724082550185581,95.1591053186138,649.5787129860388,20
reliance_rs50_135s3p,64.42851284956528,0.1562886284210438,0.7655324590891427,93.8056021829021,0.7655324590891427,93.8056021829021,652.6929781826391,5
tenpower_60xg_110s3p,64.66445728958976,0.1473357491983577,0.8090871874466345,100.0,0.8090871874466345,100.0,651.2502143168862,11
molicel_p50b_135s3p,64.88230341144194,0.1511161436304715,0.786198072852037,97.87363638819627,0.786198072852037,97.87363638819627,653.7668611978424,3
tenpower_50xg_135s3p,64.44990296844485,0.1555993149189899,0.768668613662545,94.42295544538288,0.768668613662545,94.42295544538288,650.8701244939581,13
reliance_rs50_130s3p,64.56682370464704,0.1497306046797939,0.7973501787126814,100.0,0.7973501787126814,100.0,657.0359552624177,1
molicel_p50b_130s3p,65.22940369740142,0.1455965576856349,0.8116608174705061,100.0,0.8116608174705061,100.0,652.290833955311,6
reliance_rs50_125s3p,65.14447216119498,0.1444082219964196,0.8194068803488813,100.0,0.8194068803488813,100.0,649.7281116700992,16
ampace_jp50_130s3p,64.68633007541843,0.1498458080278703,0.7952652139230861,99.65850667777283,0.7952652139230861,99.65850667777283,653.9030261787558,2
tenpower_50xg_130s3p,64.76663327009823,0.1498265219293848,0.7943814181849921,99.48453113877795,0.7943814181849921,99.48453113877795,651.9554717434279,7
tenpower_30xg_130s5p,64.91149155505744,0.1528319926645396,0.7770218518798975,96.06729367714516,0.7770218518798975,96.06729367714516,650.0188559453335,15
ampace_jp50_125s3p,65.27129259188641,0.1444091140694857,0.8178097420363502,100.0,0.8178097420363502,100.0,646.9162540946015,29
tenpower_30xg_125s5p,65.2741175997025,0.1466585333004628,0.8052314886560716,100.0,0.8052314886560716,100.0,650.3290645676492,14
ampace_jp30_130s5p,65.00030668538405,0.1527549649345196,0.7763514278076739,95.93532043458148,0.7763514278076739,95.93532043458148,647.9535644135468,26
tenpower_50xg_125s3p,65.33311291842367,0.1445794315686498,0.8160734188868498,100.0,0.8160734188868498,100.0,645.4077424092739,33
ampace_jp30_125s5p,65.12881346912044,0.1461349018745668,0.8099197290489999,100.0,0.8099197290489999,100.0,651.2645608296393,10
molicel_p30b_130s5p,65.192,0.1483181818181818,0.7972240632635236,100.0,0.7972240632635236,100.0,649.6303663148489,18
molicel_p50b_125s3p,65.36570702787726,0.1390878695125382,0.8478711903844081,100.0,0.8478711903844081,100.0,650.929731560995,12
molicel_p30b_125s5p,65.29306894682851,0.1418221804815898,0.8324494224242265,100.0,0.8324494224242265,100.0,648.5850598524282,23
reliance_rs50_120s3p,65.26664436675397,0.1380196272931205,0.8557304026008736,100.0,0.8557304026008736,100.0,647.8833488718808,27
ampace_jp50_120s3p,65.3958509922544,0.1379392685750917,0.8545372175649089,100.0,0.8545372175649089,100.0,645.0906338420059,34
tenpower_30xg_120s5p,65.39949676463311,0.1400084966767958,0.8418608193057754,100.0,0.8418608193057754,100.0,649.5944079286476,19
tenpower_50xg_120s3p,65.47017808874736,0.1379314082080819,0.8536157197406737,100.0,0.8536157197406737,100.0,643.4599488565693,38
ampace_jp30_120s5p,65.46234250791802,0.140210675962693,0.8398398377405358,100.0,0.8398398377405358,100.0,648.0477800008589,25
molicel_p50b_120s3p,65.79744497764727,0.1335534867274264,0.8772125498590243,100.0,0.8772125498590243,100.0,645.9658440997508,32
molicel_p30b_120s5p,65.71137564305145,0.1361400870158377,0.8616730573695738,100.0,0.8616730573695738,100.0,643.6515402192184,37
reliance_rs50_115s3p,65.74584361182991,0.1321241381927865,0.8873983701878043,100.0,0.8873983701878043,100.0,641.6380862743362,40
ampace_jp50_115s3p,65.85916180119933,0.1321929726352771,0.8854102164601881,100.0,0.8854102164601881,100.0,639.0985680569987,43
tenpower_30xg_115s5p,65.86708826086276,0.1339859048831915,0.8734569759100802,100.0,0.8734569759100802,100.0,644.7850874963285,35
tenpower_50xg_115s3p,65.93545324345175,0.132140195480723,0.8847389675540615,100.0,0.8847389675540615,100.0,637.4823023754033,47
ampace_jp30_115s5p,65.94783023400178,0.1340079846352271,0.8722438369946042,100.0,0.8722438369946042,100.0,642.9407336769787,39
molicel_p30b_115s5p,66.21560046420008,0.1303757466114924,0.8929187990009633,100.0,0.8929187990009633,100.0,637.6589856551507,46
molicel_p50b_115s3p,66.31589337838729,0.127926986243978,0.9086346689690578,100.0,0.9086346689690578,100.0,639.9554394381257,42
tenpower_30xg_140s4p,66.21837972061986,0.1303761971231609,0.8928782369123219,100.0,0.8928782369123219,100.0,641.1846348172609,41
tenpower_60xg_140s2p,66.40051947664419,0.1250265507718539,0.9285287804658758,100.0,0.9285287804658758,100.0,626.7985848500314,60
reliance_rs50_110s3p,66.30823841738481,0.1261699091251262,0.9213949254189994,100.0,0.9213949254189994,100.0,634.3476021870509,50
ampace_jp30_140s4p,66.30177066946129,0.1303457242914564,0.8919636993968886,100.0,0.8919636993968886,100.0,639.0563819042117,44
ampace_jp50_110s3p,66.43459915767615,0.1260752761248122,0.9203326928303182,100.0,0.9203326928303182,100.0,631.7216562750857,54
tenpower_50xg_110s3p,66.50668783649658,0.126057038994386,0.9194681189985328,100.0,0.9194681189985328,100.0,630.1952825770213,57
tenpower_30xg_110s5p,66.43682172425028,0.1278125778792238,0.9077926336496414,100.0,0.9077926336496414,100.0,638.8537647711507,45
molicel_p30b_140s4p,66.56755196461931,0.1268517335656943,0.9128724573009608,100.0,0.9128724573009608,100.0,633.4809710855562,53
ampace_jp30_110s5p,66.49660181593899,0.1279983975259486,0.9056598440762856,100.0,0.9056598440762856,100.0,636.8354162814338,48
molicel_p30b_110s5p,66.75478442170828,0.1243823801717733,0.9283844032314386,100.0,0.9283844032314386,100.0,631.2229500525274,56
molicel_p50b_110s3p,66.8392436465814,0.1223459444898238,0.9426446171825096,100.0,0.9426446171825096,100.0,633.8697842171423,52
tenpower_30xg_135s4p,66.674943202815,0.1253792436460121,0.9221058910998902,100.0,0.9221058910998902,100.0,636.5022942749629,49
tenpower_60xg_135s2p,66.87499100173096,0.1204460916799745,0.9570015645688013,100.0,0.9570015645688013,100.0,620.2431249360857,64
ampace_jp30_135s4p,66.75288052982988,0.1253589386884553,0.921178469651326,100.0,0.921178469651326,100.0,634.0518041939997,51
molicel_p30b_135s4p,67.01963330901332,0.1221999199104947,0.9412307953825988,100.0,0.9412307953825988,100.0,628.0922679095586,59
tenpower_30xg_130s4p,67.16301915384467,0.1204797870500452,0.9526309667818876,100.0,0.9526309667818876,100.0,631.340693125807,55
tenpower_60xg_130s2p,67.38492676953813,0.1158574268599671,0.9873757509265212,100.0,0.9873757509265212,100.0,613.2155009519988,68
ampace_jp30_130s4p,67.24158746511357,0.1204278508444158,0.9519282223237068,100.0,0.9519282223237068,100.0,628.6152012829913,58
molicel_p30b_130s4p,67.50605529739296,0.1175159018251379,0.9716944632135548,100.0,0.9716944632135548,100.0,622.2862264419314,63
tenpower_30xg_125s4p,67.69370428378149,0.1156801523396891,0.9843781492859548,100.0,0.9843781492859548,100.0,625.5508959239235,61
tenpower_60xg_125s2p,67.92485767559067,0.1112463045289502,1.0201282310491095,100.0,1.0201282310491095,100.0,605.7829970788682,73
ampace_jp30_125s4p,67.79824426818494,0.1155005495611685,0.9843886523231448,100.0,0.9843886523231448,100.0,622.414430340636,62
molicel_p30b_125s4p,68.07263375332906,0.1127289416453254,1.0045258405419062,100.0,1.0045258405419062,100.0,615.5567987778677,67
tenpower_30xg_120s4p,68.26425958769244,0.1106508556700426,1.0205186264302508,100.0,1.0205186264302508,100.0,619.3283560945013,65
ampace_jp30_120s4p,68.34685039535327,0.110536436890222,1.020340510175154,100.0,1.020340510175154,100.0,616.3081721475446,66
tenpower_60xg_120s2p,68.50677270820381,0.1065518634921474,1.056025823531576,100.0,1.056025823531576,100.0,597.8145423254167,81
molicel_p30b_120s4p,68.62799285964098,0.1078129740645711,1.0418297933404912,100.0,1.0418297933404912,100.0,608.9273322393816,71
reliance_rs50_140s2p,68.64873424167955,0.1059517131617974,1.0598113817764678,100.0,1.0598113817764678,100.0,604.2168942998455,75
ampace_jp50_140s2p,68.76254449134643,0.1058727768692295,1.058846129977293,100.0,1.058846129977293,100.0,601.9690173457324,77
tenpower_50xg_140s2p,68.81071254834474,0.1059688778980646,1.057145355169637,100.0,1.057145355169637,100.0,600.8429521843959,80
tenpower_30xg_115s4p,68.89217411742656,0.1056993587216043,1.058587724736049,100.0,1.058587724736049,100.0,612.4903398533778,69
molicel_p50b_140s2p,69.16275714502702,0.1030654015705165,1.0813938590558123,100.0,1.0813938590558123,100.0,607.1174705953483,72
tenpower_60xg_115s2p,69.14186673141542,0.101772290826338,1.0954648466377306,100.0,1.0954648466377306,100.0,589.1833465284765,90
ampace_jp30_115s4p,68.97837028267942,0.1055839809935914,1.0584202358938362,100.0,1.0584202358938362,100.0,609.288469133649,70
molicel_p30b_115s4p,69.24931335699037,0.1030581886332408,1.0801177925720924,100.0,1.0801177925720924,100.0,601.5459547349158,78
reliance_rs50_135s2p,69.19166160989384,0.1017745583652677,1.0946520885469833,100.0,1.0946520885469833,100.0,597.2823207656131,82
ampace_jp50_135s2p,69.29462339398351,0.1017763151725151,1.0930067267174557,100.0,1.0930067267174557,100.0,595.198337260046,83
tenpower_50xg_135s2p,69.34178580094462,0.1018426137595722,1.0915522714463788,100.0,1.0915522714463788,100.0,594.108095059825,85
molicel_p50b_135s2p,69.688607380535,0.0993036801764942,1.1138891331370868,100.0,1.1138891331370868,100.0,601.0501343644163,79
tenpower_30xg_110s4p,69.5817162212656,0.1004510316473821,1.1028579011529558,100.0,1.1028579011529558,100.0,605.0077014379766,74
ampace_jp30_110s4p,69.63277120493649,0.1005588541983855,1.100867628078218,100.0,1.100867628078218,100.0,602.0213433922904,76
tenpower_60xg_110s2p,69.87301800460375,0.0972441144080782,1.1344784980239888,100.0,1.1344784980239888,100.0,579.4364444605659,99
reliance_rs50_130s2p,69.81488561502424,0.0978109186642614,1.1288434774030554,100.0,1.1288434774030554,100.0,589.4436506364725,89
molicel_p30b_110s4p,69.93946665164542,0.0983911336828632,1.1201877418630983,100.0,1.1201877418630983,100.0,593.4030516851383,86
ampace_jp50_130s2p,69.92221980440365,0.0977856733695328,1.1274016306166008,100.0,1.1274016306166008,100.0,587.3617507623643,92
tenpower_50xg_130s2p,69.9981742708435,0.0977149983155061,1.1269928353624206,100.0,1.1269928353624206,100.0,585.995247150987,93
molicel_p50b_130s2p,70.45425669471923,0.0955111302157936,1.145533713122987,100.0,1.145533713122987,100.0,592.4657905486542,87
tenpower_30xg_140s3p,70.50255356601153,0.0957280041072481,1.1421555260208904,100.0,1.1421555260208904,100.0,595.1831007108825,84
reliance_rs50_125s2p,70.63733424035144,0.0936393934203817,1.1654031932064126,100.0,1.1654031932064126,100.0,579.5033692983567,98
ampace_jp30_140s3p,70.61404671590702,0.0955425324276233,1.1425658719685654,100.0,1.1425658719685654,100.0,591.343425146508,88
ampace_jp50_125s2p,70.71105029855354,0.0937741559645697,1.1625152125798226,100.0,1.1625152125798226,100.0,577.8225106316843,101
tenpower_50xg_125s2p,70.78784009523865,0.0936680456248904,1.162569638146258,100.0,1.162569638146258,100.0,576.4824977683256,103
molicel_p30b_140s3p,70.91828309741821,0.0935204160340962,1.1622631098095917,100.0,1.1622631098095917,100.0,582.1888267424077,96
molicel_p50b_125s2p,71.09414158023111,0.0914786187286603,1.1852656094769984,100.0,1.1852656094769984,100.0,585.2090344919486,94
tenpower_30xg_135s3p,71.13368613972452,0.091867108739289,1.1795972024315922,100.0,1.1795972024315922,100.0,588.4602378106521,91
reliance_rs50_120s2p,71.2812135190387,0.0894652658169768,1.2087585396984668,100.0,1.2087585396984668,100.0,571.3907008673233,106
ampace_jp30_135s3p,71.21786386759302,0.0917001232673683,1.1803484498945034,100.0,1.1803484498945034,100.0,584.7574282520561,95
ampace_jp50_120s2p,71.35273770836363,0.0895899296873845,1.2058665821508865,100.0,1.2058665821508865,100.0,569.7756580413209,108
molicel_p30b_135s3p,71.47242028726016,0.0898843136201994,1.1999045531289996,100.0,1.1999045531289996,100.0,575.682630646496,104
tenpower_50xg_120s2p,71.43453359169575,0.0894549338640266,1.2063034897140432,100.0,1.2063034897140432,100.0,568.4172918162744,109
molicel_p50b_120s2p,71.78115364599952,0.0874574210784977,1.227897162883306,100.0,1.227897162883306,100.0,577.4662012569013,102
tenpower_30xg_130s3p,71.77622508252749,0.0880119077075411,1.2202450319783034,100.0,1.2202450319783034,100.0,581.6409907957291,97
ampace_jp30_130s3p,71.81866713711594,0.0880939956997949,1.2183875341911004,100.0,1.2183875341911004,100.0,578.1979526706709,100
reliance_rs50_115s2p,72.03759828385844,0.0853809615793459,1.2532820798486142,100.0,1.2532820798486142,100.0,562.0901084233152,113
molicel_p30b_130s3p,72.10567595684554,0.0862261308909254,1.2398260158499366,100.0,1.2398260158499366,100.0,568.3464294080784,110
ampace_jp50_115s2p,72.11490438900245,0.0853402354218832,1.252536031549642,100.0,1.252536031549642,100.0,560.4630997097738,115
tenpower_50xg_115s2p,72.15250247378714,0.085404016540089,1.2509484181818569,100.0,1.2509484181818569,100.0,559.5761118236455,116
molicel_p50b_115s2p,72.62854343171816,0.0835420110148045,1.270447833152479,100.0,1.270447833152479,100.0,568.1360307816294,111
tenpower_30xg_125s3p,72.52744685702578,0.0842026696174862,1.2622368248923603,100.0,1.2622368248923603,100.0,573.7638735098607,105
ampace_jp30_125s3p,72.57455714507657,0.0842584281582178,1.2605827188138423,100.0,1.2605827188138423,100.0,570.101437561899,107
molicel_p30b_125s3p,72.98125703355595,0.0826321128825472,1.2782296860771414,100.0,1.2782296860771414,100.0,558.6196925347123,117
ampace_jp50_110s2p,73.13161624684368,0.0812349576103148,1.2975406328964272,100.0,1.2975406328964272,100.0,548.6296279347366,122
tenpower_50xg_110s2p,73.17232246551688,0.081286936194933,1.2959895577098863,100.0,1.2959895577098863,100.0,547.740540641155,123
molicel_p50b_110s2p,73.52488911169746,0.0795020265690515,1.318731922171501,100.0,1.318731922171501,100.0,558.3588891440384,118
tenpower_30xg_120s3p,73.4162020304292,0.0804554819107768,1.3050331461461342,100.0,1.3050331461461342,100.0,564.6011093359198,112
reliance_rs50_110s2p,73.60804030229575,0.0814165498302088,1.2862670564280023,100.0,1.2862670564280023,100.0,544.9123033277951,125
ampace_jp30_120s3p,73.46380169324394,0.0805161873464411,1.3032042749997952,100.0,1.3032042749997952,100.0,560.7547127798108,114
molicel_p30b_120s3p,73.80269956459719,0.0787926812463799,1.3255953423530755,100.0,1.3255953423530755,100.0,549.4326842401717,121
tenpower_30xg_115s3p,74.24271333777203,0.0767415325681286,1.352959489287872,100.0,1.352959489287872,100.0,556.0830399267024,119
ampace_jp30_115s3p,74.32290317324957,0.0766406859042426,1.35327808290893,100.0,1.35327808290893,100.0,551.746202942642,120
molicel_p30b_115s3p,74.66802785728419,0.075119666688768,1.3742975224268668,100.0,1.3742975224268668,100.0,539.8254887806696,127
tenpower_30xg_110s3p,75.26517118203506,0.0728558380148161,1.4057583924744266,100.0,1.4057583924744266,100.0,545.7961957353439,124
ampace_jp30_110s3p,75.34405507198709,0.0727541756555977,1.406248854940976,100.0,1.406248854940976,100.0,541.2815959088505,126
molicel_p30b_110s3p,75.70950296007948,0.0715191085583636,1.4236282881002018,100.0,1.4236282881002018,100.0,528.6159021241308,128
