case,front_rc_mm,rear_rc_mm,front_arb_nm_per_rad,rear_arb_nm_per_rad,front_lltd_pct,steady_roll_deg,max_steady_lltd_error_pp,ay_final,ay_t90_s,ay_rise_10_90_s,ay_overshoot_pct,ay_settling_2pct_s,yaw_final,yaw_t90_s,yaw_rise_10_90_s,yaw_overshoot_pct,yaw_settling_2pct_s,turnin_mean_t90_ms,yaw_t90_ms,worst_overshoot_pct,worst_settling_ms,min_tire_load_n,max_speed_error_mps,valid,eligible,rank,pareto
F010_R010,10,10,2160.336412553594,2839.663587446406,46.73769282339188,0.8438200828842302,0.01168896736554359,5.17159046302379,0.16668443970117508,0.14896774019717518,0.6419062959868382,0.2250000000000001,0.345404557048099,0.15302231842406733,0.12441509984966359,0.23962233008074652,0.18500000000000005,159.8533790626212,153.02231842406732,0.6419062959868382,225.00000000000009,444.42141218638005,0.027451921096497856,True,True,22,False
F010_R020,10,20,2564.3775591395524,2435.6224408604476,46.737692823864116,0.8276202433994656,0.010086460949452203,5.171629069122884,0.1669377153444871,0.1492709283184821,0.5766749498778756,0.2250000000000001,0.3454047547981565,0.1532008292533551,0.12456193318507913,0.22975457924707676,0.18500000000000005,160.0692722989211,153.2008292533551,0.5766749498778756,225.00000000000009,444.77872384103773,0.027348692195687363,True,True,27,False
F010_R030,10,30,2984.252325813222,2015.747674186778,46.73769282386396,0.8114444058342677,0.009124379310911479,5.171669334343382,0.16719170658118143,0.14957492985082443,0.5226630573938351,0.2250000000000001,0.3454050734405161,0.15337180052975374,0.12470126620354338,0.22144111094910546,0.18500000000000005,160.2817535554676,153.37180052975376,0.5226630573938351,225.00000000000009,445.0995123178549,0.027245898487912257,True,True,30,False
F010_R040,10,40,3420.8887419022008,1579.1112580977992,46.73769282386407,0.7952927149267377,0.008849428289174455,5.1717114361105265,0.16744621940931714,0.14987956221158627,0.47934828574183186,0.22999999999999998,0.3454055247032448,0.1535352540292103,0.12483313849802635,0.21420358002708362,0.18500000000000005,160.49073671926374,153.5352540292103,0.47934828574183186,229.99999999999997,445.389697476945,0.027143534806517877,True,True,33,False
F010_R050,10,50,3875.288405600105,1124.7115943998951,46.73769282386399,0.7791653197104791,0.00931272748732681,5.171755569484571,0.16770062431702892,0.1501842104068163,0.44524209390433,0.22999999999999998,0.3454061214901447,0.15369112616269254,0.12495750537172645,0.20774187251471066,0.18500000000000005,160.69587523986073,153.69112616269254,0.44524209390433,229.99999999999997,445.655070202414,0.027041595920323402,True,True,35,False
F010_R060,10,60,4348.533904596134,651.4660954038663,46.73769282386398,0.7630623739987059,0.010570280882902239,5.171801949095682,0.16795445915390528,0.15048843002172196,0.41873995659067464,0.22999999999999998,0.34540687801013487,0.1538396895149703,0.1250746589174676,0.201840546009735,0.18500000000000005,160.89707433443778,153.8396895149703,0.41873995659067464,229.99999999999997,445.9010531355761,0.026940076526802414,True,True,36,True
F020_R010,20,10,1780.979345965853,3219.020654034147,46.737692823864094,0.8302377321502168,0.023913568468515223,5.171546279418132,0.16627438633996783,0.14865939635840442,0.638387381255745,0.2250000000000001,0.3454036708060794,0.1528485664401198,0.12427405752462883,0.24792418195145327,0.18500000000000005,159.56147639004382,152.84856644011978,0.638387381255745,225.00000000000009,444.45148473655865,0.027541455625568645,True,True,16,False
F020_R020,20,20,2184.2313354935413,2815.7686645064587,46.737692823863874,0.814055357592707,0.022036921846748214,5.171583874271455,0.16653003992450532,0.14896322989987043,0.5748270908067177,0.2250000000000001,0.34540380103040763,0.15302754064217106,0.1244222440766165,0.23656723706724225,0.18500000000000005,159.7787902833382,153.02754064217106,0.5748270908067177,225.00000000000009,444.8207951395214,0.027438226251355502,True,True,20,False
F020_R030,20,30,2603.547140696188,2396.452859303812,46.73769282386396,0.7978968981928081,0.020798153194988345,5.171623115921787,0.16678641576353193,0.1492678818009574,0.522451737259777,0.2250000000000001,0.3454040513043962,0.15319889957144972,0.12456286315969356,0.22734842264744426,0.18500000000000005,159.99265766749082,153.19889957144972,0.522451737259777,225.00000000000009,445.148702201297,0.02733543115353676,True,True,25,False
F020_R040,20,40,3039.884330330252,1960.115669669748,46.73769282386394,0.7817624972785969,0.020244184322436354,5.17166418163988,0.16704302382927816,0.1495728746920455,0.4804900642454868,0.22999999999999998,0.345404433344583,0.15336278041015006,0.12469606968268665,0.2194534984800267,0.18500000000000005,160.2029021197141,153.36278041015007,0.4804900642454868,229.99999999999997,445.44311454961695,0.027233065117597377,True,True,29,False
F020_R050,20,50,3494.2777158201843,1505.7222841798157,46.737692823863966,0.7656523023585702,0.020426431343786078,5.171707266553059,0.16729944057947832,0.14987780060958777,0.44742401009476573,0.22999999999999998,0.345404960058406,0.15351913035157128,0.12482182932367425,0.2125236074708381,0.18500000000000005,160.4092854655248,153.51913035157128,0.44742401009476573,229.99999999999997,445.7121396108104,0.02713112286604158,True,True,32,False
F020_R060,20,60,3967.8472835832936,1032.1527164167064,46.737692823864,0.7495664656118535,0.021401292662581284,5.171752585652749,0.1675551673745681,0.1501821797648908,0.42151679524402574,0.22999999999999998,0.34540564567778453,0.15366806691574886,0.12494027888497783,0.20629273730539133,0.18500000000000005,160.61161714515848,153.66806691574885,0.42151679524402574,229.99999999999997,445.9613064558222,0.027029599043203234,True,True,34,True
F030_R010,30,10,1389.245994778099,3610.754005221901,46.737692823863995,0.8166724894769537,0.03607767915141835,5.171502593144561,0.16587058904137586,0.14835420710414415,0.6353415793293404,0.2250000000000001,0.34540281145740437,0.15268220332706184,0.12413855189020584,0.2572135950130283,0.18500000000000005,159.27639618421884,152.68220332706184,0.6353415793293404,225.00000000000009,444.4812415274754,0.027630716060844662,True,True,10,False
F030_R020,30,20,1791.4400640026174,3208.5599359973826,46.73769282386395,0.8005075138851627,0.03391990065803441,5.171539150312558,0.16612867118775276,0.148658758474707,0.5730821282719845,0.2250000000000001,0.3454028724303261,0.15286166906127008,0.12428810568302429,0.24433008497311004,0.18500000000000005,159.49517012451142,152.86166906127008,0.5730821282719845,225.00000000000009,444.85694572104416,0.027527488002702327,True,True,14,False
F030_R030,30,30,2209.925113541802,2790.074886458198,46.73769282386408,0.78436636700567,0.03239710867981671,5.17157734054412,0.166387415097476,0.14896406555237895,0.5223328056295662,0.2250000000000001,0.34540305251640335,0.15303343387880508,0.1244300158195899,0.23387413622948383,0.18500000000000005,159.71042448814055,153.03343387880508,0.5223328056295662,225.00000000000009,445.1926095421817,0.02742469331646724,True,True,19,False
F030_R040,30,40,2645.6890784020243,2354.3109215979757,46.73769282386411,0.7682491906516057,0.03155642679381998,5.171617340865838,0.16664625483918205,0.14926957638725846,0.4816989780339176,0.22999999999999998,0.3454033634148861,0.1531977019514419,0.1245645030124618,0.22519747068647789,0.18500000000000005,159.92197839531198,153.1977019514419,0.4816989780339176,229.99999999999997,445.4942605120596,0.02732232674306978,True,True,24,False
F030_R050,30,50,3099.8010067907658,1900.1989932092342,46.737692823864094,0.7521561307382588,0.031449558517003595,5.171659346404695,0.16690477045049268,0.14957488775908723,0.4496406265219077,0.22999999999999998,0.3454038180321966,0.1533544292542699,0.12469154147156747,0.21770533393365987,0.18500000000000005,160.1295998523813,153.3544292542699,0.4496406265219077,229.99999999999997,445.76792230692513,0.02722038295765472,True,True,28,False
F030_R060,30,60,3573.419543758285,1426.5804562417152,46.73769282386397,0.7360873377340551,0.032133290559634986,5.171703572439386,0.1671624169075725,0.14987947471035912,0.42429747943308893,0.22999999999999998,0.3454044306182978,0.15350379860210572,0.12481133302248937,0.2110764823737954,0.18500000000000005,160.33310775483912,153.50379860210572,0.42429747943308893,229.99999999999997,446.01936830678784,0.027118856551746617,True,True,31,True
F040_R010,40,10,984.5355188071356,4015.4644811928642,46.73769282386395,0.8031242661933521,0.04817004691484783,5.17145937055926,0.16547359976523524,0.14805275751334834,0.6324056208850903,0.2250000000000001,0.34540197682166457,0.1525233526528833,0.12400870182306023,0.26752786011581264,0.17999999999999994,158.99847620905928,152.52335265288332,0.6324056208850903,225.00000000000009,444.5021255889208,0.027719705290136787,True,True,6,False
F040_R020,40,20,1385.3775317975822,3614.6224682024176,46.73769282386411,0.7869766248701293,0.045723722514331655,5.171494862477681,0.16573426651205425,0.14835820236032782,0.5714911633859066,0.2250000000000001,0.34540196674300927,0.15270314432979548,0.12415944590279371,0.252917922404583,0.18500000000000005,159.21870542092486,152.7031443297955,0.5714911633859066,225.00000000000009,444.8909550147549,0.027616480362514295,True,True,9,False
F040_R030,40,30,1802.7334749916677,3197.2665250083323,46.73769282386411,0.7708527261090299,0.04390911218906268,5.171531972198241,0.16599539599752133,0.1486642020817417,0.5222982171064983,0.2250000000000001,0.34540207473917584,0.152875334881025,0.12430265362290505,0.2410574714632352,0.18500000000000005,159.43536543927317,152.875334881025,0.5222982171064983,225.00000000000009,445.2351658062177,0.027513687915124763,True,True,13,True
F040_R040,40,40,2237.622445575441,2762.377554424559,46.737692823864016,0.7547527101418688,0.04277352733738837,5.171570876409483,0.16625656289108104,0.14897034615438565,0.4829632689682839,0.22999999999999998,0.345402312486065,0.1530399522602226,0.12443837020197535,0.23145520487295457,0.18500000000000005,159.64825757565183,153.0399522602226,0.4829632689682839,229.99999999999997,445.541400571832,0.02741132264755386,True,True,18,False
F040_R050,40,50,2691.148729537332,2308.851270462668,46.737692823863966,0.7386767212298372,0.04236894622743392,5.171611770154741,0.16651720285880667,0.14927608795727876,0.4518763932220615,0.22999999999999998,0.3454026928834166,0.15319711350815934,0.12456673060615486,0.22329663524733867,0.18500000000000005,159.857158183483,153.19711350815933,0.4518763932220615,229.99999999999997,445.8189940131483,0.027309379186965188,True,True,23,False
F040_R060,40,60,3164.510878550973,1835.4891214490272,46.737692823864165,0.7226249080415225,0.04275253517074162,5.17165486891286,0.16677686625304822,0.1495809990996564,0.42712803009479217,0.22999999999999998,0.34540323019357694,0.15334679956527975,0.12468773454191573,0.21619338734779614,0.18500000000000005,160.06183290916397,153.34679956527975,0.42712803009479217,229.99999999999997,446.0738305414275,0.027207852074669248,True,True,26,True
F050_R010,50,10,566.2072924789067,4433.792707521094,46.73769282339195,0.7895929714080651,0.060179174003749836,5.171416578718023,0.16508413919010012,0.14775580150066236,0.6295778008511999,0.2250000000000001,0.34540116476622884,0.1523719355170634,0.12388442282909651,0.2789451841816559,0.17999999999999994,158.72803735358175,152.3719355170634,0.6295778008511999,225.00000000000009,444.52367551619994,0.027808426245959694,True,True,3,False
F050_R020,50,20,965.3752243536272,4034.6247756463727,46.73769282386394,0.7734626009378233,0.057436424777755235,5.171450976592573,0.16534740070695353,0.14806216919990067,0.5704564316682426,0.2250000000000001,0.3454010817540859,0.15255212713022015,0.1240364174779407,0.26234065075931845,0.17999999999999994,158.94976391858683,152.55212713022016,0.5704564316682426,225.00000000000009,444.9196613124613,0.02770520628597062,True,True,5,False
F050_R030,50,30,1381.2744515905572,3618.725548409443,46.73769282386401,0.7573558871896137,0.05532169845068324,5.171486975344186,0.16561101090577957,0.1483689753850097,0.5223378784038557,0.2250000000000001,0.34540111566776216,0.15272472586876806,0.12418089236694363,0.24898190857129965,0.18500000000000005,159.1678683872738,152.72472586876808,0.5223378784038557,225.00000000000009,445.27187702511156,0.027602417930939538,True,True,8,True
F050_R040,50,40,1814.9559850676203,3185.0440149323795,46.73769282386396,0.7412729687579402,0.05388247758997977,5.171524751232945,0.16587452449569717,0.14867579057898728,0.48426964837637865,0.22999999999999998,0.3454012781536646,0.15288973567963948,0.1243178684528119,0.23824096185400823,0.18500000000000005,159.38213008766832,152.88973567963947,0.48426964837637865,229.99999999999997,445.5864676503201,0.027500055838782345,True,True,12,False
F050_R050,50,50,2267.5603126026963,2732.4396873973037,46.73769282386402,0.7252139881558136,0.05317099970222472,5.171564499112323,0.1661373902452492,0.14898208230992616,0.45411695858992296,0.22999999999999998,0.3454015820979216,0.15304722669885829,0.12444743354064092,0.22930217035399547,0.18500000000000005,159.59230847205376,153.04722669885828,0.45411695858992296,229.99999999999997,445.86963777863485,0.02739811459138153,True,True,17,False
F050_R060,50,60,2740.327113501712,2259.672886498288,46.73769282386404,0.7091790921752065,0.05324479755373801,5.171606434573053,0.166399106335253,0.14928737113930146,0.4299861133391314,0.22999999999999998,0.34540204176926187,0.15319726262477285,0.12456966983945161,0.2216399314872941,0.18500000000000005,159.79818448001294,153.19726262477283,0.4299861133391314,229.99999999999997,446.12746705819205,0.027296588679368128,True,True,21,True
F060_R010,60,10,133.5775489987834,4866.422451001216,46.73769282390556,0.77607851219354,0.07209331190939139,5.171374185498047,0.16465210522345664,0.14740898772911315,0.6268530793751115,0.2250000000000001,0.34540037321412287,0.15222809465245746,0.12376585022814224,0.29132254754238307,0.17999999999999994,158.44009993795706,152.22809465245746,0.6268530793751115,225.00000000000009,444.53550659799237,0.027896881901428472,True,True,1,True
F060_R020,60,20,530.7186821399212,4469.281317860079,46.73769282337547,0.7599653504788308,0.06904575312209005,5.171407459201584,0.1649633434447748,0.1477621364966375,0.569510514483329,0.2250000000000001,0.34540021529817905,0.15240867669650338,0.12391907314544226,0.2725896451322152,0.17999999999999994,158.6860100706391,152.40867669650336,0.569510514483329,225.00000000000009,444.94577953801803,0.02779366877190448,True,True,2,True
F060_R030,60,30,944.8013085369306,4055.1986914630693,46.737692823864016,0.7438757599661855,0.06662206307614582,5.171442315044606,0.16523491081274733,0.14807906686820171,0.5228176496822945,0.2250000000000001,0.34540017303838516,0.1525816805846092,0.12406479933085435,0.25755717720727933,0.17999999999999994,158.90829569867827,152.5816805846092,0.5228176496822945,225.00000000000009,445.3075382032044,0.027690886388841207,True,True,4,True
F060_R040,60,40,1376.9090417754944,3623.090958224506,46.737692823863995,0.727809877539694,0.06486987593243043,5.171478928757746,0.16550091207450057,0.14838671133488823,0.48560465449294377,0.22999999999999998,0.3454002580450181,0.1527469852304839,0.1242029245031877,0.24556083885909352,0.18500000000000005,159.12394865249223,152.74698523048392,0.48560465449294377,229.99999999999997,445.62714436714634,0.027588529370866866,True,True,7,True
F060_R050,60,50,1828.2194809619086,3171.7805190380914,46.737692823864016,0.7117678438788593,0.06384166998412866,5.171517494890745,0.16576608773063972,0.14869365377009847,0.4563477882426392,0.22999999999999998,0.34540048318292177,0.1529047889244537,0.12433366430256987,0.2357197051536808,0.18500000000000005,159.3354383275467,152.9047889244537,0.4563477882426392,229.99999999999997,445.91457913769057,0.027486592254668096,True,True,11,True
F060_R060,60,60,2300.014608172294,2699.985391827706,46.73769282386402,0.6957498039061558,0.06359532934408918,5.171558229041357,0.16602992856185272,0.14899940850937754,0.4327972502808697,0.22999999999999998,0.34540086272027404,0.1530551279238399,0.12445707322465283,0.2274062219172368,0.18500000000000005,159.54252824284632,153.0551279238399,0.4327972502808697,229.99999999999997,446.17604757934885,0.02738506948193553,True,True,15,True
