"Index","Length_m","TotalLength_m","Radius_m","Direction","Grade","X_m","Y_m","Z_m","CarAttitude","Sector"
"0","0.1","0.1","9.125","1","0","0.100174118264643","-0.000549871579663182","0","0","0"
"1","0.1","0.2","9.125","1","0","0.200346626918705","-4.31879135640723E-07","0","0.0109783829866145","0"
"2","0.1","0.3","9.125","1","0","0.300507062608241","0.00164868471030633","0","0.0219567664608784","0"
"3","0.1","0.4","9.125","1","0","0.400643353823755","0.00439727938541404","0","0.0329351504014332","0"
"4","0.1","0.5","9.125","1","0","0.50074343196564","0.00824502083406171","0","0.0439135347868593","0"
"5","0.1","0.6","9.125","1","0","0.60079523279868","0.0131914452751761","0","0.0548919195956263","0"
"6","0.1","0.7","9.125","1","0","0.70078669790603","0.0192359565146314","0","0.0658703048061831","0"
"7","0.1","0.8","9.125","1","0","0.800705776142497","0.0263778260171022","0","0.0768486903969791","0"
"8","0.1","0.9","9.125","1","0","0.900540425086936","0.0346161929938669","0","0.0878270763463622","0"
"9","0.1","1","9.125","1","0","1.00027861249361","0.0439500645065493","0","0.09880546263264","0"
"10","0.1","1.1","9.125","1","0","1.09990831774229","0.0543783155867873","0","0.10978384923411","0"
"11","0.1","1.2","9.125","1","0","1.19941753328701","0.0658996893718144","0","0.120762236129019","0"
"12","0.1","1.3","9.125","1","0","1.29879426610321","0.0785127972559362","0","0.131740623295564","0"
"13","0.1","1.4","9.125","1","0","1.39802653913309","0.0922161190578847","0","0.14271901071192","0"
"14","0.1","1.5","9.125","1","0","1.49710239272914","0.107008003204031","0","0.153697398356243","0"
"15","0.1","1.6","9.125","1","0","1.59600988609548","0.12288666692743","0","0.164675786206619","0"
"16","0.1","1.7","9.125","1","0","1.69473709872696","0.139850196482685","0","0.175654174241174","0"
"17","0.1","1.8","9.125","1","0","1.79327213184585","0.157896547376585","0","0.186632562437951","0"
"18","0.1","1.9","9.125","1","0","1.89160310983585","0.177023544614509","0","0.197610950775015","0"
"19","0.1","2","9.125","1","0","1.98971818167332","0.197228882962561","0","0.208589339230412","0"
"20","0.1","2.1","9.125","1","0","2.08760552235562","0.218510127225387","0","0.219567727782146","0"
"21","0.1","2.2","9.125","1","0","2.18525333432619","0.240864712539672","0","0.23054611640822","0"
"22","0.1","2.3","9.125","1","0","2.28264984889646","0.264289944683253","0","0.241524505086649","0"
"23","0.1","2.4","9.125","1","0","2.37978332766413","0.288783000399827","0","0.252502893795417","0"
"24","0.1","2.5","9.125","1","0","2.47664206392796","0.314340927739211","0","0.263481282512488","0"
"25","0.1","2.6","9.125","1","0","2.57321438409859","0.340960646413106","0","0.274459671215866","0"
"26","0.1","2.7","9.125","1","0","2.6694886491055","0.368638948166338","0","0.285438059883515","0"
"27","0.1","2.8","9.125","1","0","2.76545325579968","0.397372497163513","0","0.296416448493469","0"
"28","0.1","2.9","9.125","1","0","2.86109663835211","0.427157830391052","0","0.307394837023743","0"
"29","0.1","3","9.125","1","0","2.95640726964763","0.457991358074552","0","0.31837322545232","0"
"30","0.1","3.1","9.125","1","0","3.05137366267419","0.489869364111427","0","0.329351613757225","0"
"31","0.1","3.2","9.125","1","0","3.14598437190727","0.522788006518769","0","0.340330001916473","0"
"32","0.1","3.3","9.125","1","0","3.24022799468928","0.556743317896386","0","0.351308389908138","0"
"33","0.1","3.4","9.125","1","0","3.33409317260384","0.591731205904949","0","0.362286777710305","0"
"34","0.1","3.5","9.125","1","0","3.42756859284463","0.627747453759205","0","0.37326516530106","0"
"35","0.1","3.6","9.125","1","0","3.52064298957889","0.664787720736176","0","0.384243552658518","0"
"36","0.1","3.7","9.125","1","0","3.61330514530509","0.702847542698309","0","0.395221939760865","0"
"37","0.1","3.8","9.125","1","0","3.70554389220494","0.741922332631487","0","0.406200326586248","0"
"38","0.1","3.9","9.125","1","0","3.79734811348928","0.782007381197861","0","0.417178713112861","0"
"39","0.1","4","9.125","1","0","3.88870674473787","0.823097857303411","0","0.428157099319014","0"
"40","0.1","4.1","9.125","1","0","3.97960877523293","0.865188808680199","0","0.439135485182952","0"
"41","0.1","4.2","9.125","1","0","4.07004324928609","0.908275162483202","0","0.450113870683014","0"
"42","0.1","4.3","9.125","1","0","4.15999926755878","0.952351725901704","0","0.461092255797608","0"
"43","0.1","4.4","9.125","1","0","4.24946598837583","0.997413186785121","0","0.472070640505144","0"
"44","0.1","4.5","9.125","1","0","4.33843262903212","1.04345411428323","0","0.48304902478409","0"
"45","0.1","4.6","9.125","1","0","4.42688846709207","1.09046895950068","0","0.494027408612937","0"
"46","0.1","4.7","9.125","1","0","4.51482284168192","1.13845205616576","0","0.505005791970294","0"
"47","0.1","4.8","9.125","1","0","4.6022251547746","1.1873976213133","0","0.515984174834774","0"
"48","0.1","4.9","9.125","1","0","4.68908487246698","1.2372997559816","0","0.526962557185088","0"
"49","0.1","5","9.125","1","0","4.77539152624941","1.28815244592341","0","0.537940938999978","0"
"50","0.1","5.1","9.125","1","0","4.86113471426739","1.33994956233074","0","0.548919320258288","0"
"51","0.1","5.2","9.125","1","0","4.94630410257522","1.39268486257353","0","0.559897700938863","0"
"52","0.1","5.3","9.125","1","0","5.0308894263814","1.44635199095198","0","0.570876081020706","0"
"53","0.1","5.4","9.125","1","0","5.11488049128578","1.50094447946254","0","0.581854460482813","0"
"54","0.1","5.5","9.125","1","0","5.19826717450818","1.55645574857748","0","0.592832839304312","0"
"55","0.1","5.6","9.125","1","0","5.28103942610835","1.61287910803777","0","0.603811217464348","0"
"56","0.1","5.7","9.125","1","0","5.36318727019725","1.67020775765948","0","0.61478959494221","0"
"57","0.1","5.8","9.125","1","0","5.44470080613928","1.72843478815325","0","0.625767971717238","0"
"58","0.1","5.9","9.125","1","0","5.52557020974555","1.78755318195709","0","0.636746347768852","0"
"59","0.1","5.99999999999999","9.125","1","0","5.60578573445785","1.84755581408202","0","0.647724723076572","0"
"60","0.1","6.09999999999999","9.125","1","0","5.68533771252335","1.9084354529709","0","0.65870309761998","0"
"61","0.1","6.19999999999999","9.125","1","0","5.76421655615969","1.97018476136986","0","0.669681471378779","0"
"62","0.1","6.29999999999999","9.125","1","0","5.84241275871057","2.03279629721267","0","0.680659844332785","0"
"63","0.1","6.39999999999999","9.125","1","0","5.91991689579144","2.0962625145176","0","0.69163821646185","0"
"64","0.1","6.49999999999999","9.125","1","0","5.99671962642534","2.16057576429691","0","0.702616587745993","0"
"65","0.1","6.59999999999999","9.125","1","0","6.07281169416867","2.22572829547864","0","0.71359495816529","0"
"66","0.1","6.69999999999999","9.125","1","0","6.1481839282268","2.29171225584083","0","0.72457332769993","0"
"67","0.1","6.79999999999999","9.125","1","0","6.22282724455929","2.35851969295785","0","0.735551696330233","0"
"68","0.1","6.89999999999999","9.125","1","0","6.29673264697471","2.42614255515879","0","0.74653006403657","0"
"69","0.1","6.99999999999999","9.125","1","0","6.3698912282149","2.49457269249789","0","0.757508430799492","0"
"70","0.1","7.09999999999999","9.125","1","0","6.4422941710284","2.56380185773676","0","0.768486796599624","0"
"71","0.1","7.19999999999999","9.125","1","0","6.51393274923316","2.63382170733832","0","0.779465161417699","0"
"72","0.1","7.29999999999999","9.125","1","0","6.5847983287682","2.70462380247236","0","0.790443525234615","0"
"73","0.1","7.39999999999999","9.125","1","0","6.65488236873418","2.77619961003261","0","0.801421888031359","0"
"74","0.1","7.49999999999999","9.125","1","0","6.72417642242275","2.84854050366513","0","0.812400249789039","0"
"75","0.1","7.59999999999999","9.125","1","0","6.79267213833454","2.92163776480797","0","0.823378610488876","0"
"76","0.1","7.69999999999999","9.125","1","0","6.8603612611857","2.99548258374191","0","0.83435697011221","0"
"77","0.1","7.79999999999999","9.125","1","0","6.92723563290282","3.07006606065221","0","0.845335328640586","0"
"78","0.1","7.89999999999999","9.125","1","0","6.9932871936061","3.14537920670123","0","0.856313686055618","0"
"79","0.1","7.99999999999999","9.125","1","0","7.05850798258079","3.22141294511176","0","0.867292042339061","0"
"80","0.1","8.09999999999999","9.125","1","0","7.12289013923656","3.29815811226092","0","0.878270397472824","0"
"81","0.1","8.19999999999999","9.125","1","0","7.1864259040549","3.3756054587846","0","0.889248751438915","0"
"82","0.1","8.29999999999999","9.125","1","0","7.24910761952425","3.45374565069218","0","0.900227104219546","0"
"83","0.1","8.39999999999999","9.125","1","0","7.31092773106292","3.53256927049143","0","0.911205455797008","0"
"84","0.1","8.49999999999999","9.125","1","0","7.37187878792954","3.61206681832355","0","0.922183806153775","0"
"85","0.1","8.59999999999999","9.125","1","0","7.43195344412106","3.69222871310806","0","0.933162155272452","0"
"86","0.1","8.69999999999999","9.125","1","0","7.49114445925802","3.77304529369751","0","0.944140503135828","0"
"87","0.1","8.79999999999998","9.125","1","0","7.54944469945725","3.85450682004188","0","0.95511884972677","0"
"88","0.1","8.89999999999998","9.125","1","0","7.60684713819155","3.93660347436239","0","0.966097195028339","0"
"89","0.1","8.99999999999998","9.125","1","0","7.66334485713661","4.01932536233476","0","0.977075539023828","0"
"90","0.1","9.09999999999998","9.125","1","0","7.71893104700474","4.10266251428169","0","0.98805388169656","0"
"91","0.1","9.19999999999998","9.125","1","0","7.77359900836555","4.18660488637441","0","0.999032223030061","0"
"92","0.1","9.29999999999998","9.125","1","0","7.8273421524534","4.27114236184309","0","1.01001056300807","0"
"93","0.1","9.39999999999998","9.125","1","0","7.88015400196139","4.3562647521962","0","1.02098890161444","0"
"94","0.1","9.49999999999998","9.125","1","0","7.9320281918221","4.44196179844838","0","1.0319672388332","0"
"95","0.1","9.59999999999998","9.125","1","0","7.98295846997463","4.52822317235685","0","1.04294557464852","0"
"96","0.1","9.69999999999998","9.125","1","0","8.03293869811815","4.61503847766618","0","1.05392390904478","0"
"97","0.1","9.79999999999998","9.125","1","0","8.08196285245164","4.70239725136123","0","1.06490224200652","0"
"98","0.1","9.89999999999998","9.125","1","0","8.13002502439994","4.79028896492817","0","1.07588057351846","0"
"99","0.1","9.99999999999998","9.125","1","0","8.17711942132577","4.87870302562335","0","1.08685890356543","0"
"100","0.1","10.1","9.125","1","0","8.22324036722794","4.96762877774998","0","1.09783723213251","0"
"101","0.1","10.2","9.125","1","0","8.26838230342536","5.05705550394228","0","1.108815559205","0"
"102","0.1","10.3","9.125","1","0","8.31253978922698","5.14697242645721","0","1.11979388476824","0"
"103","0.1","10.4","9.125","1","0","8.35570750258755","5.23736870847336","0","1.13077220880787","0"
"104","0.1","10.5","9.125","1","0","8.39788024074897","5.32823345539699","0","1.14175053130968","0"
"105","0.1","10.6","9.125","1","0","8.43905292086734","5.4195557161751","0","1.15272885225958","0"
"106","0.1","10.7","9.125","1","0","8.47922058062557","5.51132448461518","0","1.16370717164381","0"
"107","0.1","10.8","9.125","1","0","8.51837837883144","5.60352870071172","0","1.17468548944866","0"
"108","0.1","10.9","9.125","1","0","8.55652159600099","5.69615725197915","0","1.1856638056607","0"
"109","0.1","11","9.125","1","0","8.59364563492741","5.7891989747911","0","1.19664212026662","0"
"110","0.1","11.1","9.125","1","0","8.62974602123502","5.88264265572586","0","1.20762043325334","0"
"111","0.1","11.2","9.125","1","0","8.66481840391855","5.9764770329178","0","1.21859874460804","0"
"112","0.1","11.3","9.125","1","0","8.69885855586753","6.07069079741466","0","1.22957705431793","0"
"113","0.1","11.4","9.125","1","0","8.73186237437573","6.16527259454049","0","1.24055536237062","0"
"114","0.1","11.5","9.125","1","0","8.76382588163561","6.26021102526414","0","1.25153366875376","0"
"115","0.1","11.6","9.125","1","0","8.79474522521771","6.35549464757304","0","1.26251197345526","0"
"116","0.1","11.7","9.125","1","0","8.82461667853502","6.4511119778522","0","1.27349027646327","0"
"117","0.1","11.8","9.125","1","0","8.853436641292","6.5470514922682","0","1.28446857776611","0"
"118","0.1","11.9","9.125","1","0","8.88120163991857","6.64330162815808","0","1.29544687735229","0"
"119","0.1","12","9.125","1","0","8.90790832798871","6.73985078542282","0","1.30642517521052","0"
"120","0.1","12.1","9.125","1","0","8.93355348662376","6.83668732792541","0","1.31740347132975","0"
"121","0.1","12.2","9.125","1","0","8.95813402488039","6.93379958489324","0","1.3283817656992","0"
"122","0.1","12.3","9.125","1","0","8.9816469801231","7.03117585232463","0","1.3393600583081","0"
"123","0.1","12.4","9.125","1","0","9.00408951838128","7.12880439439943","0","1.35033834914609","0"
"124","0.1","12.5","9.125","1","0","9.02545893469075","7.22667344489339","0","1.36131663820301","0"
"125","0.1","12.6","9.125","1","0","9.04575265341978","7.32477120859623","0","1.37229492546875","0"
"126","0.1","12.7","9.125","1","0","9.06496822857949","7.42308586273322","0","1.3832732109336","0"
"127","0.1","12.8","9.125","1","0","9.08310334411865","7.52160555839001","0","1.39425149458796","0"
"128","0.1","12.9","9.125","1","0","9.1001558142028","7.62031842194071","0","1.40522977642251","0"
"129","0.1","13","9.125","1","0","9.1161235834777","7.71921255647887","0","1.41620805642808","0"
"130","0.1","13.1","9.125","1","0","9.13100472731703","7.81827604325129","0","1.42718633459579","0"
"131","0.1","13.2","9.125","1","0","9.14479745205434","7.91749694309448","0","1.43816461091697","0"
"132","0.1","13.3","9.125","1","0","9.15750009519924","8.01686329787355","0","1.44914288538309","0"
"133","0.1","13.4","9.125","1","0","9.16911112563775","8.11636313192342","0","1.46012115798599","0"
"134","0.1","13.5","9.125","1","0","9.17962914381683","8.21598445349211","0","1.47109942871763","0"
"135","0.1","13.6","9.125","1","0","9.18905288191307","8.31571525618599","0","1.48207769757016","0"
"136","0.1","13.7","9.125","1","0","9.19738120398546","8.41554352041679","0","1.4930559645361","0"
"137","0.1","13.8","9.125","1","0","9.20461310611231","8.51545721485019","0","1.50403422960805","0"
"138","0.1","13.9","9.125","1","0","9.21074771651225","8.61544429785584","0","1.51501249277897","0"
"139","0.1","14","9.125","1","0","9.21578429564928","8.71549271895862","0","1.52599075404189","0"
"140","0.1","14.1","9.125","1","0","9.21972223632191","8.81559042029094","0","1.53696901339021","0"
"141","0.1","14.2","9.125","1","0","9.22256106373634","8.91572533804599","0","1.54794727081754","0"
"142","0.1","14.3","9.125","1","0","9.22430043556366","9.01588540393162","0","1.5589255263176","0"
"143","0.1","14.4","9.125","1","0","9.22494014198115","9.11605854662485","0","1.56990377988452","0"
"144","0.1","14.5","9.125","1","0","9.22448010569752","9.21623269322667","0","1.58088203151258","0"
"145","0.1","14.6","9.125","1","0","9.22292038196227","9.3163957707171","0","1.59186028119623","0"
"146","0.1","14.7","9.125","1","0","9.22026115855899","9.41653570741019","0","1.60283852893024","0"
"147","0.1","14.8","9.125","1","0","9.21650275578277","9.51664043440893","0","1.61381677470959","0"
"148","0.1","14.9","9.125","1","0","9.21164562640156","9.61669788705975","0","1.62479501852955","0"
"149","0.1","15","9.125","1","0","9.20569035560163","9.71669600640659","0","1.63577326038549","0"
"150","0.1","15.1","9.125","1","0","9.19863766091701","9.81662274064424","0","1.64675150027316","0"
"151","0.1","15.2","9.125","1","0","9.19048839214306","9.91646604657079","0","1.6577297381885","0"
"152","0.1","15.3","9.125","1","0","9.18124353123401","10.0162138910391","0","1.66870797412761","0"
"153","0.1","15.4","9.125","1","0","9.17090419218466","10.115854252407","0","1.67968620808689","0"
"154","0.1","15.5","9.125","1","0","9.15947162089607","10.2153751219863","0","1.69066444006305","0"
"155","0.1","15.6","9.125","1","0","9.14694719502542","10.3147645054896","0","1.70164267005289","0"
"156","0.1","15.7","9.125","1","0","9.13333242382002","10.4140104244766","0","1.71262089805361","0"
"157","0.1","15.8","9.125","1","0","9.11862894793535","10.5131009177971","0","1.72359912406249","0"
"158","0.1","15.9","9.125","1","0","9.10283853923737","10.6120240430327","0","1.7345773480772","0"
"159","0.1","16","9.125","1","0","9.08596310058896","10.7107678779363","0","1.74555557009551","0"
"160","0.1","16.1","9.125","1","0","9.06800466562059","10.8093205218687","0","1.75653379011559","0"
"161","0.1","16.2","9.125","1","0","9.04896539848523","10.9076700972332","0","1.76751200813574","0"
"162","0.1","16.3","9.125","1","0","9.02884759359753","11.0058047509067","0","1.77849022415441","0"
"163","0.1","16.4","9.125","1","0","9.00765367535728","11.1037126556685","0","1.78946843817048","0"
"164","0.1","16.5","9.125","1","0","8.98538619785725","11.2013820116257","0","1.80044665018305","0"
"165","0.1","16.6","9.125","1","0","8.96204784457533","11.298801047635","0","1.81142486019133","0"
"166","0.1","16.7","9.125","1","0","8.93764142805118","11.3959580227219","0","1.8224030681949","0"
"167","0.1","16.8","9.125","1","0","8.9121698895472","11.4928412274953","0","1.83338127419347","0"
"168","0.1","16.9","9.125","1","0","8.88563629869407","11.5894389855588","0","1.84435947818711","0"
"169","0.1","17","9.125","1","0","8.85804385312083","11.6857396549181","0","1.85533768017601","0"
"170","0.1","17.1","9.125","1","0","8.82939587806947","11.7817316293839","0","1.8663158801607","0"
"171","0.1","17.2","9.125","1","0","8.79969582599416","11.8774033399707","0","1.87729407814197","0"
"172","0.1","17.3","9.125","1","0","8.7689472761452","11.9727432562912","0","1.88827227412071","0"
"173","0.1","17.4","9.125","1","0","8.73715393413763","12.0677398879459","0","1.89925046809816","0"
"174","0.1","17.5","9.125","1","0","8.70431963150462","12.1623817859078","0","1.91022866007582","0"
"175","0.1","17.6","9.125","1","0","8.67044832523572","12.2566575439025","0","1.92120685005533","0"
"176","0.1","17.7","9.125","1","0","8.63554409729992","12.3505557997826","0","1.93218503803867","0"
"177","0.1","17.8","9.125","1","0","8.59961115415376","12.4440652368971","0","1.943163224028","0"
"178","0.1","17.9","9.125","1","0","8.5626538262343","12.5371745854555","0","1.95414140802578","0"
"179","0.1","18","9.125","1","0","8.52467656743726","12.6298726238858","0","1.9651195900346","0"
"180","0.1","18.1","9.125","1","0","8.48568395458021","12.7221481801872","0","1.97609777005745","0"
"181","0.1","18.2","9.125","1","0","8.44568068685101","12.8139901332761","0","1.98707594809745","0"
"182","0.1","18.3","9.125","1","0","8.40467158524142","12.9053874143268","0","1.99805412415792","0"
"183","0.1","18.4","9.125","1","0","8.3626615919661","12.9963290081053","0","2.00903229824257","0"
"184","0.1","18.5","9.125","1","0","8.31965576986698","13.0868039542972","0","2.02001047035521","0"
"185","0.1","18.6","9.125","1","0","8.27565930180307","13.1768013488281","0","2.03098864049989","0"
"186","0.1","18.7","9.125","1","0","8.23067749002585","13.2663103451781","0","2.04196680868101","0"
"187","0.1","18.8","9.125","1","0","8.1847157555402","13.3553201556889","0","2.0529449749031","0"
"188","0.1","18.9","9.125","1","0","8.1377796374511","13.4438200528641","0","2.06392313917102","0"
"189","0.1","19","9.125","1","0","8.08987479229604","13.531799370662","0","2.07490130148971","0"
"190","0.1","19.1","9.125","1","0","8.04100699336332","13.6192475057807","0","2.08587946186455","0"
"191","0.1","19.2","9.125","1","0","7.99118212999621","13.7061539189367","0","2.09685762030097","0"
"192","0.1","19.3","9.125","1","0","7.94040620688319","13.7925081361346","0","2.10783577680479","0"
"193","0.1","19.4","9.125","1","0","7.88868534333431","13.8782997499294","0","2.1188139313819","0"
"194","0.1","19.5","9.125","1","0","7.8360257725436","13.9635184206811","0","2.12979208403855","0"
"195","0.1","19.6","9.125","1","0","7.78243384083792","14.0481538778006","0","2.14077023478119","0"
"196","0.1","19.7","9.125","1","0","7.72791600691209","14.1321959209878","0","2.15174838361649","0"
"197","0.1","19.8","9.125","1","0","7.67247884105046","14.2156344214603","0","2.16272653055134","0"
"198","0.1","19.9","9.125","1","0","7.61612902433509","14.298459323175","0","2.17370467559284","0"
"199","0.1","20","9.125","1","0","7.55887334784053","14.3806606440393","0","2.18468281874839","0"
"200","0.1","20.1","9.125","1","0","7.50071871181538","14.4622284771146","0","2.19566096002557","0"
"201","0.1","20.2","9.125","1","0","7.44167212485064","14.5431529918101","0","2.20663909943216","0"
"202","0.1","20.3","9.125","1","0","7.38174070303508","14.6234244350675","0","2.21761723697623","0"
"203","0.1","20.4","9.125","1","0","7.32093166909758","14.7030331325365","0","2.22859537266601","0"
"204","0.1","20.5","9.125","1","0","7.25925235153664","14.7819694897411","0","2.23957350651","0"
"205","0.1","20.6","9.125","1","0","7.1967101837372","14.8602239932352","0","2.2505516385169","0"
"206","0.1","20.7","9.125","1","0","7.13331270307471","14.93778721175","0","2.26152976869563","0"
"207","0.1","20.8","9.125","1","0","7.06906755000675","15.0146497973298","0","2.2725078970554","0"
"208","0.1","20.9","9.125","1","0","7.00398246715223","15.0908024864593","0","2.28348602360553","0"
"209","0.1","21","9.125","1","0","6.93806529835822","15.1662361011797","0","2.29446414835557","0"
"210","0.1","21.1","9.125","1","0","6.8713239877546","15.240941550195","0","2.30544227131539","0"
"211","0.1","21.2","9.125","1","0","6.80376657879669","15.3149098299675","0","2.31642039249496","0"
"212","0.1","21.3","9.125","1","0","6.73540121329579","15.3881320258029","0","2.32739851190457","0"
"213","0.1","21.4","9.125","1","0","6.66623613043797","15.4605993129249","0","2.33837662955458","0"
"214","0.1","21.5","9.125","1","0","6.59627966579108","15.5323029575387","0","2.34935474545568","0"
"215","0.1","21.6","9.125","1","0","6.52554025030013","15.6032343178834","0","2.36033285961878","0"
"216","0.1","21.7","9.125","1","0","6.45402640927122","15.6733848452737","0","2.37131097205495","0"
"217","0.1","21.8","9.125","1","0","6.38174676134405","15.7427460851302","0","2.38228908277541","0"
"218","0.1","21.9","9.125","1","0","6.30871001745323","15.8113096779981","0","2.39326719179174","0"
"219","0.1","22","9.125","1","0","6.2349249797784","15.8790673605551","0","2.40424529911556","0"
"220","0.1","22.1","9.125","1","0","6.16040054068343","15.9460109666069","0","2.41522340475883","0"
"221","0.1","22.2","9.125","1","0","6.0851456816447","16.0121324280715","0","2.42620150873365","0"
"222","0.1","22.3","9.125","1","0","6.00916947216865","16.0774237759516","0","2.4371796110523","0"
"223","0.1","22.4","9.125","1","0","5.93248106869873","16.1418771412952","0","2.44815771172727","0"
"224","0.1","22.5000000000001","9.125","1","0","5.85508971351186","16.2054847561436","0","2.45913581077136","0"
"225","0.1","22.6000000000001","9.125","1","0","5.77700473360457","16.2682389544678","0","2.47011390819732","0"
"226","0.1","22.7000000000001","9.125","1","0","5.69823553956891","16.3301321730925","0","2.48109200401839","0"
"227","0.1","22.8000000000001","9.125","1","0","5.61879162445825","16.3911569526074","0","2.49207009824777","0"
"228","0.1","22.9000000000001","9.125","1","0","5.53868256264323","16.4513059382663","0","2.50304819089892","0"
"229","0.1","23.0000000000001","9.125","1","0","5.45791800865782","16.5105718808735","0","2.51402628198564","0"
"230","0.1","23.1000000000001","9.125","1","0","5.37650769603581","16.5689476376577","0","2.52500437152171","0"
"231","0.1","23.2000000000001","9.125","1","0","5.29446143613764","16.6264261731322","0","2.53598245952112","0"
"232","0.1","23.3000000000001","9.125","1","0","5.21178911696803","16.6830005599435","0","2.54696054599818","0"
"233","0.1","23.4000000000001","9.125","1","0","5.1285007019842","16.7386639797059","0","2.55793863096724","0"
"234","0.1","23.5000000000001","9.125","1","0","5.04460622889516","16.7934097238232","0","2.56891671444298","0"
"235","0.1","23.6000000000001","9.125","1","0","4.96011580845187","16.8472311942974","0","2.57989479644013","0"
"236","0.1","23.7000000000001","9.125","1","0","4.87503962322879","16.9001219045236","0","2.5908728769736","0"
"237","0.1","23.8000000000001","9.125","1","0","4.78938792639659","16.952075480072","0","2.6018509560586","0"
"238","0.1","23.9000000000001","9.125","1","0","4.70317104048651","17.0030856594561","0","2.61282903371041","0"
"239","0.1","24.0000000000001","9.125","1","0","4.61639935614627","17.0531462948875","0","2.62380710994444","0"
"240","0.1","24.1000000000001","9.125","1","0","4.52908333088777","17.1022513530162","0","2.63478518477648","0"
"241","0.1","24.2000000000001","9.125","1","0","4.44123348782677","17.1503949156586","0","2.64576325822219","0"
"242","0.1","24.3000000000001","9.125","1","0","4.35286041441463","17.1975711805102","0","2.65674133029771","0"
"243","0.1","24.4000000000001","9.125","1","0","4.26397476116236","17.243774461845","0","2.66771940101906","0"
"244","0.1","24.5000000000001","9.125","1","0","4.17458724035697","17.2889991912008","0","2.67869747040257","0"
"245","0.1","24.6000000000001","9.125","1","0","4.08470862477044","17.3332399180503","0","2.6896755384648","0"
"246","0.1","24.7000000000001","9.125","1","0","3.99434974636139","17.376491310458","0","2.70065360522231","0"
"247","0.1","24.8000000000001","9.125","1","0","3.90352149496965","17.4187481557226","0","2.7116316706919","0"
"248","0.1","24.9000000000001","9.125","1","0","3.81223481700375","17.4600053610058","0","2.7226097348906","0"
"249","0.1","25.0000000000001","9.125","1","0","3.72050071412173","17.5002579539454","0","2.73358779783534","0"
"250","0.1","25.1000000000001","9.125","1","0","3.62833024190516","17.539501083255","0","2.74456585954355","0"
"251","0.1","25.2000000000001","9.125","1","0","3.53573450852677","17.5777300193084","0","2.75554392003254","0"
"252","0.1","25.3000000000001","9.125","1","0","3.44272467341169","17.6149401547101","0","2.7665219793198","0"
"253","0.1","25.4000000000001","9.125","1","0","3.34931194589248","17.6511270048498","0","2.77750003742319","0"
"254","0.1","25.5000000000001","9.125","1","0","3.25550758385825","17.6862862084437","0","2.78847809436037","0"
"255","0.1","25.6000000000001","9.125","1","0","3.16132289239778","17.7204135280597","0","2.79945615014934","0"
"256","0.1","25.7000000000001","9.125","1","0","3.0667692224371","17.7535048506279","0","2.81043420480834","0"
"257","0.1","25.8000000000001","9.125","1","0","2.97185796937146","17.7855561879369","0","2.82141225835545","0"
"258","0.1","25.9000000000001","9.125","1","0","2.87660057169194","17.8165636771138","0","2.8323903108092","0"
"259","0.1","26.0000000000001","9.125","1","0","2.7810085096069","17.8465235810903","0","2.84336836218802","0"
"260","0.1","26.1000000000001","9.125","1","0","2.6850933036584","17.8754322890527","0","2.85434641251052","0"
"261","0.1","26.2000000000001","9.125","1","0","2.58886651333371","17.9032863168773","0","2.86532446179562","0"
"262","0.1","26.3000000000001","9.125","1","0","2.4923397356722","17.9300823075503","0","2.87630251006209","0"
"263","0.1","26.4000000000001","9.125","1","0","2.39552460386766","17.9558170315723","0","2.88728055732895","0"
"264","0.1","26.5000000000001","9.125","1","0","2.29843278586625","17.9804873873473","0","2.89825860361541","0"
"265","0.1","26.6000000000001","9.125","1","0","2.20107598296031","18.0040904015572","0","2.90923664894065","0"
"266","0.1","26.7000000000001","9.125","1","0","2.10346592837809","18.0266232295192","0","2.92021469332408","0"
"267","0.1","26.8000000000001","9.125","1","0","2.00561438586968","18.0480831555296","0","2.93119273678525","0"
"268","0.1","26.9000000000001","9.125","1","0","1.90753314828928","18.0684675931902","0","2.94217077934363","0"
"269","0.1","27.0000000000001","9.125","1","0","1.80923403617384","18.0877740857207","0","2.95314882101904","0"
"270","0.1","27.1000000000001","9.125","1","0","1.71072889631855","18.1060003062545","0","2.96412686183124","0"
"271","0.1","27.2000000000001","9.125","1","0","1.61202960034901","18.1231440581192","0","2.97510490180011","0"
"272","0.1","27.3000000000001","9.125","1","0","1.51314804329045","18.139203275101","0","2.9860829409458","0"
"273","0.1","27.4000000000001","9.125","1","0","1.41409614213421","18.1541760216945","0","2.99706097928825","0"
"274","0.1","27.5000000000001","9.125","1","0","1.31488583440144","18.1680604933351","0","3.00803901684781","0"
"275","0.1","27.6000000000001","9.125","1","0","1.21552907670443","18.1808550166171","0","3.01901705364474","0"
"276","0.1","27.7000000000001","9.125","1","0","1.11603784330557","18.1925580494951","0","3.02999508969942","0"
"277","0.1","27.8000000000001","9.125","1","0","1.01642412467427","18.2031681814698","0","3.04097312503243","0"
"278","0.1","27.9000000000001","9.125","1","0","0.916699926041809","18.2126841337583","0","3.05195115966424","0"
"279","0.1","28.0000000000001","9.125","1","0","0.816877265954496","18.2211047594478","0","3.06292919361553","0"
"280","0.1","28.1000000000001","9.125","1","0","0.7169681748252","18.2284290436342","0","3.07390722690715","0"
"281","0.1","28.2000000000001","9.125","1","0","0.616984693483442","18.2346561035441","0","3.08488525955978","0"
"282","0.1","28.3000000000001","9.125","1","0","0.516938871724235","18.2397851886416","0","3.09586329159438","0"
"283","0.1","28.4000000000001","9.125","1","0","0.416842766855846","18.2438156807182","0","3.10684132303198","0"
"284","0.1","28.5000000000001","9.125","1","0","0.316708442246653","18.2467470939679","0","3.11781935389352","0"
"285","0.1","28.6000000000001","9.125","1","0","0.216547965871268","18.2485790750452","0","3.12879738420021","0"
"286","0.1","28.7000000000001","9.125","1","0","0.116373408856111","18.2493114031081","0","3.13977541397319","0"
"287","0.1","28.8000000000001","9.125","1","0","0.0161968440245964","18.2489439898446","0","3.15075344323367","0"
"288","0.1","28.9000000000001","9.125","1","0","-0.0839696555578803","18.2474768794831","0","3.16173147200308","0"
"289","0.1","29.0000000000001","9.125","1","0","-0.184114018038984","18.2449102487874","0","3.17270950030268","0"
"290","0.1","29.1000000000001","9.125","1","0","-0.28422417423434","18.2412444070353","0","3.18368752815389","0"
"291","0.1","29.2000000000001","9.125","1","0","-0.384288059082108","18.2364797959813","0","3.19466555557828","0"
"292","0.1","29.3000000000001","9.125","1","0","-0.484293613097059","18.2306169898033","0","3.20564358259723","0"
"293","0.1","29.4000000000001","9.125","1","0","-0.584228783823988","18.2236566950334","0","3.21662160923256","0"
"294","0.1","29.5000000000001","9.125","1","0","-0.684081527290266","18.215599750473","0","3.22759963550565","0"
"295","0.1","29.6000000000002","9.125","1","0","-0.783839809457383","18.2064471270912","0","3.23857766143825","0"
"296","0.1","29.7000000000002","9.125","1","0","-0.883491607671285","18.1961999279084","0","3.24955568705218","0"
"297","0.1","29.8000000000002","9.125","1","0","-0.983024912111343","18.184859387863","0","3.26053371236904","0"
"298","0.1","29.9000000000002","9.125","1","0","-1.08242772723777","18.1724268736623","0","3.27151173741063","0"
"299","0.1","30.0000000000002","9.125","1","0","-1.18168807323734","18.1589038836186","0","3.28248976219893","0"
"300","0.1","30.1000000000002","9.125","1","0","-1.28079398746715","18.1442920474678","0","3.29346778675555","0"
"301","0.1","30.2000000000002","9.125","1","0","-1.37973352589641","18.1285931261733","0","3.30444581110257","0"
"302","0.1","30.3000000000002","9.125","1","0","-1.47849476454589","18.111809011714","0","3.31542383526175","0"
"303","0.1","30.4000000000002","9.125","1","0","-1.57706580092502","18.0939417268559","0","3.32640185925505","0"
"304","0.1","30.5000000000002","9.125","1","0","-1.67543475546637","18.0749934249085","0","3.33737988310453","0"
"305","0.1","30.6000000000002","9.125","1","0","-1.77358977295738","18.0549663894653","0","3.34835790683201","0"
"306","0.1","30.7000000000002","9.125","1","0","-1.87151902396911","18.0338630341285","0","3.35933593045947","0"
"307","0.1","30.8000000000002","9.125","1","0","-1.969210706282","18.0116859022183","0","3.37031395400899","0"
"308","0.1","30.9000000000002","9.125","1","0","-2.06665304630817","17.9884376664659","0","3.38129197750249","0"
"309","0.1","31.0000000000002","9.125","1","0","-2.16383430051046","17.9641211286921","0","3.39227000096208","0"
"310","0.1","31.1000000000002","9.125","1","0","-2.2607427568177","17.9387392194689","0","3.40324802440963","0"
"311","0.1","31.2000000000002","9.125","1","0","-2.35736673603628","17.9122949977671","0","3.41422604786715","0"
"312","0.1","31.3000000000002","9.125","1","0","-2.45369459325769","17.8847916505867","0","3.42520407135681","0"
"313","0.1","31.4000000000002","9.125","1","0","-2.54971471926202","17.8562324925736","0","3.43618209490044","0"
"314","0.1","31.5000000000002","9.125","1","0","-2.64541554191703","17.8266209656196","0","3.44716011852008","0"
"315","0.1","31.6000000000002","9.125","1","0","-2.74078552757287","17.795960638448","0","3.4581381422378","0"
"316","0.1","31.7000000000002","9.125","1","0","-2.8358131824521","17.7642552061833","0","3.46911616607547","0"
"317","0.1","31.8000000000002","9.125","1","0","-2.93048705403491","17.7315084899055","0","3.48009419005521","0"
"318","0.1","31.9000000000002","9.125","1","0","-3.02479573243938","17.6977244361904","0","3.49107221419878","0"
"319","0.1","32.0000000000002","9.125","1","0","-3.11872785179661","17.6629071166332","0","3.5020502385282","0"
"320","0.1","32.1000000000002","9.125","1","0","-3.21227209162051","17.6270607273582","0","3.51302826306539","0"
"321","0.1","32.2000000000002","9.125","1","0","-3.30541717817215","17.5901895885129","0","3.52400628783218","0"
"322","0.1","32.3000000000002","9.125","1","0","-3.39815188581849","17.5522981437475","0","3.53498431285042","0"
"323","0.1","32.4000000000002","9.125","1","0","-3.49046503838525","17.5133909596793","0","3.54596233814198","0"
"324","0.1","32.5000000000002","9.125","1","0","-3.58234551050389","17.4734727253422","0","3.55694036372859","0"
"325","0.1","32.6000000000002","9.125","1","0","-3.67378222895245","17.4325482516216","0","3.56791838963211","0"
"326","0.1","32.7000000000002","9.125","1","0","-3.76476417399005","17.3906224706749","0","3.57889641587409","0"
"327","0.1","32.8000000000002","9.125","1","0","-3.85528038068501","17.3477004353366","0","3.5898744424763","0"
"328","0.1","32.9000000000002","9.125","1","0","-3.94531994023636","17.3037873185097","0","3.6008524694604","0"
"329","0.1","33.0000000000002","9.125","1","0","-4.03487200128852","17.2588884125423","0","3.6118304968479","0"
"330","0.1","33.1000000000002","9.125","1","0","-4.12392577123916","17.2130091285892","0","3.62280852466032","0"
"331","0.1","33.2000000000002","9.125","1","0","-4.21247051753987","17.1661549959605","0","3.63378655291928","0"
"332","0.1","33.3000000000002","9.125","1","0","-4.30049556898968","17.1183316614549","0","3.64476458164604","0"
"333","0.1","33.4000000000002","9.125","1","0","-4.38799031702114","17.0695448886787","0","3.65574261086217","0"
"334","0.1","33.5000000000002","9.125","1","0","-4.47494421697884","17.0198005573521","0","3.66672064058878","0"
"335","0.1","33.6000000000002","9.125","1","0","-4.56134678939031","16.9691046625997","0","3.67769867084718","0"
"336","0.1","33.7000000000002","9.125","1","0","-4.64718762122893","16.9174633142286","0","3.68867670165866","0"
"337","0.1","33.8000000000002","9.125","1","0","-4.73245636716896","16.8648827359914","0","3.69965473304427","0"
"338","0.1","33.9000000000002","9.125","1","0","-4.81714275083231","16.811369264837","0","3.71063276502499","0"
"339","0.1","34.0000000000002","9.125","1","0","-4.90123656602712","16.7569293501459","0","3.72161079762195","0"
"340","0.1","34.1000000000002","9.125","1","0","-4.98472767797771","16.7015695529536","0","3.73258883085595","0"
"341","0.1","34.2000000000002","9.125","1","0","-5.06760602454612","16.6452965451598","0","3.74356686474789","0"
"342","0.1","34.3000000000002","9.125","1","0","-5.14986161744472","16.5881171087239","0","3.75454489931847","0"
"343","0.1","34.4000000000002","9.125","1","0","-5.23148454344004","16.5300381348479","0","3.76552293458831","0"
"344","0.1","34.5000000000002","9.125","1","0","-5.31246496554749","16.4710666231461","0","3.77650097057814","0"
"345","0.1","34.6000000000002","9.125","1","0","-5.39279312421692","16.4112096808011","0","3.78747900730833","0"
"346","0.1","34.7000000000002","9.125","1","0","-5.47245933850885","16.3504745217075","0","3.79845704479934","0"
"347","0.1","34.8000000000002","9.125","1","0","-5.55145400726118","16.2888684656023","0","3.8094350830715","0"
"348","0.1","34.9000000000002","9.125","1","0","-5.62976761024637","16.226398937183","0","3.82041312214498","0"
"349","0.1","35.0000000000002","9.125","1","0","-5.70739070931878","16.1630734652124","0","3.83139116204","0"
"350","0.1","35.1000000000002","9.125","1","0","-5.78431394955213","16.0988996816117","0","3.84236920277651","0"
"351","0.1","35.2000000000002","9.125","1","0","-5.86052806036705","16.0338853205402","0","3.85334724437444","0"
"352","0.1","35.3000000000002","9.125","1","0","-5.93602385664824","15.9680382174635","0","3.86432528685366","0"
"353","0.1","35.4000000000002","9.125","1","0","-6.01079223985156","15.9013663082092","0","3.87530333023384","0"
"354","0.1","35.5000000000002","9.125","1","0","-6.08482419910054","15.8338776280103","0","3.88628137453462","0"
"355","0.1","35.6000000000002","9.125","1","0","-6.15811081227238","15.7655803105369","0","3.89725941977546","0"
"356","0.1","35.7000000000002","9.125","1","0","-6.23064324707322","15.6964825869158","0","3.90823746597576","0"
"357","0.1","35.8000000000002","9.125","1","0","-6.30241276210265","15.6265927847387","0","3.91921551315481","0"
"358","0.1","35.9000000000002","9.125","1","0","-6.37341070790718","15.5559193270585","0","3.93019356133173","0"
"359","0.1","36.0000000000002","9.125","1","0","-6.4436285280227","15.4844707313738","0","3.9411716105256","0"
"360","0.1","36.1000000000002","9.125","1","0","-6.51305776000568","15.4122556086031","0","3.95214966075525","0"
"361","0.1","36.2000000000002","9.125","1","0","-6.58169003645307","15.3392826620463","0","3.96312771203951","0"
"362","0.1","36.3000000000002","9.125","1","0","-6.64951708601076","15.2655606863361","0","3.97410576439703","0"
"363","0.1","36.4000000000002","9.125","1","0","-6.7165307343704","15.1910985663781","0","3.98508381784636","0"
"364","0.1","36.5000000000002","9.125","1","0","-6.7827229052546","15.11590527628","0","3.99606187240583","0"
"365","0.1","36.6000000000003","9.125","1","0","-6.84808562139026","15.0399898782699","0","4.00703992809375","0"
"366","0.1","36.7000000000003","9.125","1","0","-6.91261100547002","14.9633615216041","0","4.01801798492828","0"
"367","0.1","36.8000000000003","9.125","1","0","-6.97629128110158","14.8860294414648","0","4.02899604292734","0"
"368","0.1","36.9000000000003","9.125","1","0","-7.03911877374497","14.8080029578465","0","4.03997410210877","0"
"369","0.1","37.0000000000003","9.125","1","0","-7.10108591163744","14.7292914744333","0","4.05095216249034","0"
"370","0.1","37.1000000000003","9.125","1","0","-7.16218522670601","14.6499044774652","0","4.06193022408955","0"
"371","0.1","37.2000000000003","9.125","1","0","-7.22240935546756","14.5698515345951","0","4.07290828692385","0"
"372","0.1","37.3000000000003","9.125","1","0","-7.28175103991621","14.4891422937354","0","4.08388635101043","0"
"373","0.1","37.4000000000003","9.125","1","0","-7.34020312839812","14.4077864818954","0","4.09486441636649","0"
"374","0.1","37.5000000000003","9.125","1","0","-7.39775857647336","14.3257939040093","0","4.105842483009","0"
"375","0.1","37.6000000000003","9.125","1","0","-7.45441044776495","14.2431744417538","0","4.1168205509547","0"
"376","0.1","37.7000000000003","9.125","1","0","-7.51015191479475","14.1599380523579","0","4.12779862022027","0"
"377","0.1","37.8000000000003","9.125","1","0","-7.56497625980641","14.0760947674023","0","4.13877669082217","0"
"378","0.1","37.9000000000003","9.125","1","0","-7.6188768755749","13.9916546916108","0","4.14975476277675","0"
"379","0.1","38.0000000000003","9.125","1","0","-7.67184726620289","13.9066280016323","0","4.16073283610019","0"
"380","0.1","38.1000000000003","9.125","1","0","-7.72388104790356","13.8210249448142","0","4.17171091080845","0"
"381","0.1","38.2000000000003","9.125","1","0","-7.77497194977003","13.7348558379676","0","4.18268898691739","0"
"382","0.1","38.3000000000003","9.125","1","0","-7.82511381453111","13.6481310661239","0","4.19366706444268","0"
"383","0.1","38.4000000000003","9.125","1","0","-7.87430059929335","13.560861081283","0","4.20464514339982","0"
"384","0.1","38.5000000000003","9.125","1","0","-7.92252637626938","13.4730564011538","0","4.21562322380408","0"
"385","0.1","38.6000000000003","9.125","1","0","-7.96978533349226","13.3847276078865","0","4.22660130567061","0"
"386","0.1","38.7000000000003","9.125","1","0","-8.016071775516","13.2958853467976","0","4.23757938901446","0"
"387","0.1","38.8000000000003","9.125","1","0","-8.06138012410193","13.2065403250864","0","4.24855747385036","0"
"388","0.1","38.9000000000003","9.125","1","0","-8.10570491889101","13.1167033105447","0","4.25953556019288","0"
"389","0.1","39.0000000000003","9.125","1","0","-8.14904081806189","13.0263851302594","0","4.27051364805657","0"
"390","0.1","39.1000000000003","9.125","1","0","-8.19138259897475","12.9355966693073","0","4.28149173745563","0"
"391","0.1","39.2000000000003","9.125","1","0","-8.23272515880068","12.8443488694434","0","4.29246982840406","0"
"392","0.1","39.3000000000003","9.125","1","0","-8.2730635151367","12.7526527277821","0","4.30344792091582","0"
"393","0.1","39.4000000000003","9.125","1","0","-8.31239280660623","12.6605192954718","0","4.31442601500452","0"
"394","0.1","39.5000000000003","9.125","1","0","-8.35070829344498","12.5679596763631","0","4.3254041106837","0"
"395","0.1","39.6000000000003","9.125","1","0","-8.38800535807221","12.4749850256706","0","4.33638220796666","0"
"396","0.1","39.7000000000003","9.125","1","0","-8.42427950564719","12.3816065486284","0","4.34736030686654","0"
"397","0.1","39.8000000000003","9.125","1","0","-8.45952636461096","12.2878354991397","0","4.35833840739622","0"
"398","0.1","39.9000000000003","9.125","1","0","-8.49374168721319","12.1936831784203","0","4.3693165095684","0"
"399","0.1","40.0000000000003","9.125","1","0","-8.52692135002409","12.099160933637","0","4.38029461339568","0"
"400","0.1","40.1000000000003","9.125","1","0","-8.55906135443137","12.0042801565396","0","4.39127271889032","0"
"401","0.1","40.2000000000003","9.125","1","0","-8.59015782712217","11.9090522820881","0","4.40225082606443","0"
"402","0.1","40.3000000000003","9.125","1","0","-8.62020702054989","11.8134887870747","0","4.41322893493","0"
"403","0.1","40.4000000000003","9.125","1","0","-8.64920531338576","11.7176011887405","0","4.42420704549869","0"
"404","0.1","40.5000000000003","9.125","1","0","-8.67714921095538","11.6214010433874","0","4.43518515778204","0"
"405","0.1","40.6000000000003","9.125","1","0","-8.70403534565985","11.5248999449855","0","4.44616327179136","0"
"406","0.1","40.7000000000003","9.125","1","0","-8.72986047738161","11.4281095237758","0","4.45714138753772","0"
"407","0.1","40.8000000000003","9.125","1","0","-8.75462149387499","11.331041444868","0","4.46811950503199","0"
"408","0.1","40.9000000000003","9.125","1","0","-8.77831541114128","11.2337074068356","0","4.47909762428489","0"
"409","0.1","41.0000000000003","9.125","1","0","-8.80093937378833","11.1361191403051","0","4.49007574530689","0"
"410","0.1","41.1000000000003","9.125","1","0","-8.82249065537471","11.0382884065426","0","4.50105386810821","0"
"411","0.1","41.2000000000003","9.125","1","0","-8.84296665873831","10.9402269960364","0","4.51203199269887","0"
"412","0.1","41.3000000000003","9.125","1","0","-8.86236491630932","10.8419467270759","0","4.52301011908879","0"
"413","0.1","41.4000000000003","9.125","1","0","-8.88068309040764","10.7434594443271","0","4.53398824728748","0"
"414","0.1","41.5000000000003","9.125","1","0","-8.89791897352462","10.6447770174055","0","4.54496637730433","0"
"415","0.1","41.6000000000003","9.125","1","0","-8.91407048858908","10.5459113394452","0","4.55594450914857","0"
"416","0.1","41.7000000000003","9.125","1","0","-8.92913568921769","10.4468743256658","0","4.56692264282909","0"
"417","0.1","41.8000000000003","9.125","1","0","-8.94311275994948","10.3476779119361","0","4.57790077835462","0"
"418","0.1","41.9000000000003","9.125","1","0","-8.95600001646471","10.2483340533358","0","4.58887891573372","0"
"419","0.1","42.0000000000003","9.125","1","0","-8.96779590578781","10.1488547227147","0","4.59985705497461","0"
"420","0.1","42.1000000000003","9.125","1","0","-8.97849900647457","10.0492519092495","0","4.61083519608536","0"
"421","0.1","42.2000000000003","9.125","1","0","-8.98810802878343","9.94953761699935","0","4.62181333907378","0"
"422","0.1","42.3000000000003","9.125","1","0","-8.99662181483097","9.84972386345843","0","4.63279148394757","0"
"423","0.1","42.4000000000003","9.125","1","0","-9.00403933873139","9.74982267810817","0","4.64376963071399","0"
"424","0.1","42.5000000000003","9.125","1","0","-9.0103597067202","9.64984610096723","0","4.6547477793802","0"
"425","0.1","42.6000000000003","9.125","1","0","-9.01558215726192","9.54980618114046","0","4.66572592995325","0"
"426","0.1","42.7000000000003","9.125","1","0","-9.01970606114184","9.44971497536677","0","4.6767040824397","0"
"427","0.1","42.8000000000003","9.125","1","0","-9.02273092154189","9.34958454656605","0","4.68768223684605","0"
"428","0.1","42.9000000000003","9.125","1","0","-9.02465637410051","9.24942696238532","0","4.69866039317853","0"
"429","0.1","43.0000000000003","9.125","1","0","-9.02548218695652","9.14925429374439","0","4.70963855144314","0"
"430","0.1","43.1000000000003","9.125","1","0","-9.02520826077712","9.049078613381","0","4.72061671164562","0"
"431","0.1","43.2000000000003","9.125","1","0","-9.02383462876982","8.94891199439591","0","4.73159487379152","0"
"432","0.1","43.3000000000003","9.125","1","0","-9.02136145667847","8.84876650879778","0","4.74257303788617","0"
"433","0.1","43.4000000000003","9.125","1","0","-9.01778904276325","8.74865422604828","0","4.75355120393453","0"
"434","0.1","43.5000000000003","9.125","1","0","-9.01311781776477","8.64858721160749","0","4.76452937194151","0"
"435","0.1","43.6000000000004","9.125","1","0","-9.00734834485211","8.54857752547974","0","4.7755075419117","0"
"436","0.1","43.7000000000004","9.125","1","0","-9.00048131955496","8.4486372207602","0","4.78648571384943","0"
"437","0.1","43.8000000000004","9.125","1","0","-8.99251756967982","8.34877834218217","0","4.7974638877588","0"
"438","0.1","43.9000000000004","9.125","1","0","-8.98345805521022","8.24901292466551","0","4.80844206364373","0"
"439","0.1","44.0000000000004","9.125","1","0","-8.97330386819099","8.14935299186615","0","4.81942024150783","0"
"440","0.1","44.1000000000004","9.125","1","0","-8.9620562325967","8.04981055472706","0","4.83039842135449","0"
"441","0.1","44.2000000000004","9.125","1","0","-8.94971650418411","7.95039761003062","0","4.84137660318687","0"
"442","0.1","44.3000000000004","9.125","1","0","-8.93628617032879","7.85112613895283","0","4.85235478700794","0"
"443","0.1","44.4000000000004","9.125","1","0","-8.92176684984586","7.7520081056193","0","4.86333297282037","0"
"444","0.1","44.5000000000004","9.125","1","0","-8.90616029279488","7.65305545566337","0","4.87431116062656","0"
"445","0.1","44.6000000000004","9.125","1","0","-8.88946838026895","7.5542801147864","0","4.88528935042877","0"
"446","0.1","44.7000000000004","9.125","1","0","-8.87169312416799","7.45569398732049","0","4.89626754222895","0"
"447","0.1","44.8000000000004","9.125","1","0","-8.85283666695627","7.3573089547938","0","4.90724573602877","0"
"448","0.1","44.9000000000004","9.125","1","0","-8.83290128140421","7.25913687449855","0","4.91822393182977","0"
"449","0.1","45.0000000000004","9.125","1","0","-8.81188937031442","7.16118957806201","0","4.92920212963316","0"
"450","0.1","45.1000000000004","9.125","1","0","-8.7898034662322","7.06347887002052","0","4.94018032943993","0"
"451","0.1","45.2000000000004","9.125","1","0","-8.76664623114024","6.96601652639687","0","4.95115853125087","0"
"452","0.1","45.3000000000004","9.125","1","0","-8.74242045613782","6.86881429328099","0","4.96213673506651","0"
"453","0.1","45.4000000000004","9.125","1","0","-8.71712906110446","6.77188388541437","0","4.97311494088707","0"
"454","0.1","45.5000000000004","9.125","1","0","-8.69077509434797","6.67523698477816","0","4.98409314871259","0"
"455","0.1","45.6000000000004","9.125","1","0","-8.6633617322371","6.57888523918528","0","4.99507135854293","0"
"456","0.1","45.7000000000004","9.125","1","0","-8.63489227881871","6.48284026087662","0","5.00604957037754","0"
"457","0.1","45.8000000000004","9.125","1","0","-8.60537016541957","6.38711362512154","0","5.01702778421577","0"
"458","0.1","45.9000000000004","9.125","1","0","-8.57479895023284","6.29171686882283","0","5.0280060000567","0"
"459","0.1","46.0000000000004","9.125","1","0","-8.54318231788917","6.19666148912626","0","5.03898421789914","0"
"460","0.1","46.1000000000004","9.125","1","0","-8.51052407901272","6.10195894203496","0","5.04996243774168","0"
"461","0.1","46.2000000000004","9.125","1","0","-8.47682816976184","6.00762064102877","0","5.06094065958264","0"
"462","0.1","46.3000000000004","9.125","1","0","-8.4420986513547","5.91365795568863","0","5.07191888342018","0"
"463","0.1","46.4000000000004","9.125","1","0","-8.40633970957985","5.82008221032638","0","5.08289710925213","0"
"464","0.1","46.5000000000004","9.125","1","0","-8.36955565429172","5.72690468261993","0","5.09387533707608","0"
"465","0.1","46.6000000000004","9.125","1","0","-8.33175091889124","5.63413660225407","0","5.10485356688946","0"
"466","0.1","46.7000000000004","9.125","1","0","-8.29293005979147","5.54178914956708","0","5.11583179868935","0"
"467","0.1","46.8000000000004","9.125","1","0","-8.2530977558685","5.44987345420328","0","5.12681003247269","0"
"468","0.1","46.9000000000004","9.125","1","0","-8.21225880789758","5.35840059377169","0","5.13778826823617","0"
"469","0.1","47.0000000000004","9.125","1","0","-8.17041813797445","5.26738159251094","0","5.14876650597614","0"
"470","0.1","47.1000000000004","9.125","1","0","-8.1275807889222","5.17682741996066","0","5.15974474568885","0"
"471","0.1","47.2000000000004","9.125","1","0","-8.0837519236835","5.0867489896394","0","5.17072298737019","0"
"472","0.1","47.3000000000004","9.125","1","0","-8.03893682469833","4.99715715772937","0","5.18170123101594","0"
"473","0.1","47.4000000000004","9.125","1","0","-7.99314089326736","4.90806272176802","0","5.19267947662151","0"
"474","0.1","47.5000000000004","9.125","1","0","-7.94636964890102","4.81947641934676","0","5.2036577241822","0"
"475","0.1","47.6000000000004","9.125","1","0","-7.89862872865422","4.73140892681684","0","5.21463597369295","0"
"476","0.1","47.7000000000004","9.125","1","0","-7.84992388644703","4.64387085800263","0","5.22561422514858","0"
"477","0.1","47.8000000000004","9.125","1","0","-7.8002609923712","4.55687276292249","0","5.23659247854357","0"
"478","0.1","47.9000000000004","9.125","1","0","-7.7496460319827","4.47042512651724","0","5.24757073387227","0"
"479","0.1","48.0000000000004","9.125","1","0","-7.69808510558032","4.38453836738652","0","5.25854899112871","0"
"480","0.1","48.1000000000004","9.125","1","0","-7.64558442747052","4.29922283653317","0","5.26952725030671","0"
"481","0.1","48.2000000000004","9.125","1","0","-7.59215032521842","4.21448881611572","0","5.2805055113999","0"
"482","0.1","48.3000000000004","9.125","1","0","-7.53778923888523","4.13034651820916","0","5.29148377440164","0"
"483","0.1","48.4000000000004","9.125","1","0","-7.4825077202521","4.0468060835742","0","5.30246203930509","0"
"484","0.1","48.5000000000004","9.125","1","0","-7.42631243203049","3.96387758043514","0","5.31344030610316","0"
"485","0.1","48.6000000000004","9.125","1","0","-7.3692101470592","3.88157100326639","0","5.32441857478848","0"
"486","0.1","48.7000000000004","9.125","1","0","-7.31120774748808","3.79989627158798","0","5.33539684535357","0"
"487","0.1","48.8000000000004","9.125","1","0","-7.25231222394862","3.71886322877004","0","5.34637511779062","0"
"488","0.1","48.9000000000004","9.125","1","0","-7.19253067471143","3.6384816408465","0","5.35735339209166","0"
"489","0.1","49.0000000000004","9.125","1","0","-7.13187030483074","3.55876119533808","0","5.36833166824845","0"
"490","0.1","49.1000000000004","9.125","1","0","-7.0703384252761","3.47971150008473","0","5.37930994625257","0"
"491","0.1","49.2000000000004","9.125","1","0","-7.0079424520512","3.40134208208773","0","5.39028822609533","0"
"492","0.1","49.3000000000004","9.125","1","0","-6.94468990530014","3.32366238636147","0","5.40126650776783","0"
"493","0.1","49.4000000000004","9.125","1","0","-6.88058840840109","3.24668177479518","0","5.412244791261","0"
"494","0.1","49.5000000000004","9.125","1","0","-6.8156456870475","3.17040952502457","0","5.42322307656546","0"
"495","0.1","49.6000000000004","9.125","1","0","-6.74986956831706","3.09485482931376","0","5.43420136367166","0"
"496","0.1","49.7000000000004","9.125","1","0","-6.6832679797283","3.02002679344737","0","5.44517965256991","0"
"497","0.1","49.8000000000004","9.125","1","0","-6.61584894828525","2.94593443563316","0","5.45615794325017","0"
"498","0.1","49.9000000000004","9.125","1","0","-6.54762059950996","2.87258668541507","0","5.46713623570225","0"
"499","0.1","50.0000000000004","9.125","1","0","-6.47859115646325","2.79999238259714","0","5.47811452991575","0"
"500","0.1","50.1000000000004","9.125","1","0","-6.40876893875366","2.72816027617803","0","5.48909282588002","0"
"501","0.1","50.2000000000004","9.125","1","0","-6.33816236153478","2.65709902329668","0","5.5000711235843","0"
"502","0.1","50.3000000000004","9.125","1","0","-6.26677993449105","2.58681718818889","0","5.51104942301749","0"
"503","0.1","50.4000000000004","9.125","1","0","-6.19463026081215","2.51732324115522","0","5.52202772416835","0"
"504","0.1","50.5000000000004","9.125","1","0","-6.1217220361562","2.44862555754008","0","5.53300602702545","0"
"505","0.1","50.6000000000004","9.125","1","0","-6.04806404760172","2.38073241672239","0","5.54398433157706","0"
"506","0.1","50.7000000000005","9.125","1","0","-5.97366517258862","2.31365200111775","0","5.55496263781138","0"
"507","0.1","50.8000000000005","9.125","1","0","-5.8985343778483","2.24739239519226","0","5.56594094571631","0"
"508","0.1","50.9000000000005","9.125","1","0","-5.82268071832297","2.18196158448822","0","5.57691925527957","0"
"509","0.1","51.0000000000005","9.125","1","0","-5.74611333607437","2.11736745466167","0","5.58789756648872","0"
"510","0.1","51.1000000000005","9.125","1","0","-5.66884145918195","2.05361779053206","0","5.59887587933107","0"
"511","0.1","51.2000000000005","9.125","1","0","-5.59087440063073","1.99072027514402","0","5.60985419379375","0"
"512","0.1","51.3000000000005","9.125","1","0","-5.51222155718885","1.92868248884135","0","5.62083250986369","0"
"513","0.1","51.4000000000005","9.125","1","0","-5.43289240827513","1.86751190835349","0","5.63181082752766","0"
"514","0.1","51.5000000000005","9.125","1","0","-5.3528965148166","1.80721590589443","0","5.64278914677222","0"
"515","0.1","51.6000000000005","9.125","1","0","-5.27224351809617","1.74780174827415","0","5.6537674675837","0"
"516","0.1","51.7000000000005","9.125","1","0","-5.19094313859075","1.6892765960229","0","5.66474578994826","0"
"517","0.1","51.8000000000005","9.125","1","0","-5.10900517479965","1.63164750252818","0","5.67572411385192","0"
"518","0.1","51.9000000000005","9.125","1","0","-5.02643950206374","1.57492141318466","0","5.68670243928048","0"
"519","0.1","52.0000000000005","9.125","1","0","-4.94325607137522","1.51910516455714","0","5.69768076621954","0"
"520","0.1","52.1000000000005","9.125","1","0","-4.85946490817837","1.46420548355658","0","5.70865909465452","0"
"521","0.1","52.2000000000005","9.125","1","0","-4.77507611116128","1.41022898662942","0","5.71963742457072","0"
"522","0.1","52.3000000000005","9.125","1","0","-4.69009985103872","1.35718217896013","0","5.73061575595316","0"
"523","0.1","52.4000000000005","9.125","1","0","-4.60454636932641","1.30507145368723","0","5.74159408878678","0"
"524","0.1","52.5000000000005","9.125","1","0","-4.5184259771067","1.25390309113275","0","5.75257242305628","0"
"525","0.1","52.6000000000005","9.125","1","0","-4.43174905378588","1.20368325804539","0","5.76355075874623","0"
"526","0.1","52.7000000000005","9.125","1","0","-4.34452604584325","1.15441800685724","0","5.77452909584098","0"
"527","0.1","52.8000000000005","9.125","1","0","-4.25676746557213","1.10611327495439","0","5.78550743432477","0"
"528","0.1","52.9000000000005","9.125","1","0","-4.1684838898129","1.05877488396135","0","5.79648577418164","0"
"529","0.1","53.0000000000005","9.125","1","0","-4.07968595867829","1.01240853903938","0","5.80746411539547","0"
"530","0.1","53.1000000000005","9.125","1","0","-3.99038437427104","0.967019828198974","0","5.81844245794994","0"
"531","0.1","53.2000000000005","9.125","1","0","-3.90058989939407","0.922614221626365","0","5.82942080182864","0"
"532","0.1","53.3000000000005","9.125","1","0","-3.81031335625338","0.879197071024244","0","5.84039914701494","0"
"533","0.1","53.4000000000005","9.125","1","0","-3.71956562515372","0.836773608966795","0","5.8513774934921","0"
"534","0.1","53.5000000000005","9.125","1","0","-3.62835764318734","0.795348948269057","0","5.86235584124315","0"
"535","0.1","53.6000000000005","9.125","1","0","-3.5367004029158","0.754928081370731","0","5.87333419025105","0"
"536","0.1","53.7000000000005","9.125","1","0","-3.44460495104522","0.715515879734492","0","5.88431254049859","0"
"537","0.1","53.8000000000005","9.125","1","0","-3.35208238709485","0.677117093258882","0","5.89529089196836","0"
"538","0.1","53.9000000000005","9.125","1","0","-3.25914386205944","0.63973634970585","0","5.90626924464287","0"
"539","0.1","54.0000000000005","9.125","1","0","-3.16580057706526","0.60337815414302","0","5.91724759850442","0"
"540","0.1","54.1000000000005","9.125","1","0","-3.07206378202019","0.568046888400736","0","5.92822595353523","0"
"541","0.1","54.2000000000005","9.125","1","0","-2.97794477425783","0.53374681054397","0","5.93920430971732","0"
"542","0.1","54.3000000000005","9.125","1","0","-2.88345489717602","0.500482054359134","0","5.95018266703262","0"
"543","0.1","54.4000000000005","9.125","1","0","-2.78860553886967","0.468256628855885","0","5.96116102546289","0"
"544","0.1","54.5000000000005","9.125","1","0","-2.6934081307583","0.437074417783954","0","5.97213938498977","0"
"545","0.1","54.6000000000005","9.125","1","0","-2.59787414620832","0.406939179165079","0","5.98311774559476","0"
"546","0.1","54.7000000000005","9.125","1","0","-2.50201509915027","0.37785454484009","0","5.99409610725925","0"
"547","0.1","54.8000000000005","9.125","1","0","-2.40584254269115","0.349824020031199","0","6.00507446996448","0"
"548","0.1","54.9000000000005","9.125","1","0","-2.30936806772206","0.322850982919551","0","6.01605283369159","0"
"549","0.1","55.0000000000005","9.125","1","0","-2.21260330152125","0.296938684238088","0","6.02703119842154","0"
"550","0.1","55.1000000000005","9.125","1","0","-2.11555990635282","0.27209024687977","0","6.03800956413526","0"
"551","0.1","55.2000000000005","9.125","1","0","-2.01824957806116","0.248308665521206","0","6.04898793081349","0"
"552","0.1","55.3000000000005","9.125","1","0","-1.9206840446614","0.225596806261734","0","6.05996629843686","0"
"553","0.1","55.4000000000005","9.125","1","0","-1.82287506492593","0.203957406277999","0","6.07094466698591","0"
"554","0.1","55.5000000000005","9.125","1","0","-1.72483442696726","0.183393073494074","0","6.08192303644104","0"
"555","0.1","55.6000000000005","9.125","1","0","-1.62657394681728","0.163906286267147","0","6.09290140678259","0"
"556","0.1","55.7000000000005","9.125","1","0","-1.52810546700323","0.145499393088834","0","6.10387977799074","0"
"557","0.1","55.8000000000005","9.125","1","0","-1.42944085512042","0.128174612302138","0","6.11485815004563","0"
"558","0.1","55.9000000000005","9.125","1","0","-1.33059200240197","0.111934031834094","0","6.12583652292721","0"
"559","0.1","56.0000000000005","9.125","1","0","-1.23157082228566","0.0967796089441352","0","6.13681489661537","0"
"560","0.1","56.1000000000005","9.125","1","0","-1.13238924897813","0.0827131699882003","0","6.14779327108992","0"
"561","0.1","56.2000000000005","9.125","1","0","-1.03305923601657","0.0697364101986252","0","6.15877164633057","0"
"562","0.1","56.3000000000005","9.125","1","0","-0.933592754828106","0.0578508934798321","0","6.16975002231694","0"
"563","0.1","56.4000000000005","9.125","1","0","-0.834001793286974","0.0470580522198485","0","6.18072839902855","0"
"564","0.1","56.5000000000005","9.125","1","0","-0.734298354269759","0.0373591871176759","0","6.19170677644483","0"
"565","0.1","56.6000000000005","9.125","1","0","-0.63449445420881","0.0287554670265301","0","6.20268515454513","0"
"566","0.1","56.7000000000005","9.125","1","0","-0.534602121644019","0.021247928812971","0","6.21366353330872","0"
"567","0.1","56.8000000000005","9.125","1","0","-0.434633395773148","0.0148374772319395","0","6.2246419127148","0"
"568","0.1","56.9000000000005","9.125","1","0","-0.334600325000862","0.00952488481771721","0","6.23562029274243","0"
"569","0.1","57.0000000000005","9.125","1","0","-0.234514965486663","0.00531079179082024","0","6.24659867337069","0"
"570","0.1","57.1000000000005","9.125","1","0","-0.13438937969188","0.00219570598084015","0","6.25757705457854","0"
"571","0.1","57.2000000000005","9.125","1","0","-0.0342356349259061","0.000180002765240401","0","6.26855543634487","0"
"572","0.1","57.3000000000005","9.125","1","0","0.0659341981081523","-0.000736074975884058","0","6.26855543634487","0"
"573","0.034065928013176","57.3340659280137","9.125","1","0","0.100174118264643","-0.000549871579663182","0","6.26855543634487","0"
