distance_m,dx_m,curvature_1pm,bank_deg,inclination_deg,grip_factor,sector,x_m,y_m,z_m
0.1,0.1,0.1095890410958904,0.0,-0.0,1.0,0,0.100174118264643,-0.0005498715796631,0.0
0.2,0.1,0.1095890410958904,0.0,-0.0,1.0,0,0.200346626918705,-4.31879135640723e-07,0.0
0.3,0.1,0.1095890410958904,0.0,-0.0,1.0,0,0.300507062608241,0.0016486847103063,0.0
0.4,0.1,0.1095890410958904,0.0,-0.0,1.0,0,0.400643353823755,0.004397279385414,0.0
0.5,0.1,0.1095890410958904,0.0,-0.0,1.0,0,0.50074343196564,0.0082450208340617,0.0
0.6,0.1,0.1095890410958904,0.0,-0.0,1.0,0,0.60079523279868,0.0131914452751761,0.0
0.7,0.1,0.1095890410958904,0.0,-0.0,1.0,0,0.70078669790603,0.0192359565146314,0.0
0.8,0.1,0.1095890410958904,0.0,-0.0,1.0,0,0.800705776142497,0.0263778260171022,0.0
0.9,0.1,0.1095890410958904,0.0,-0.0,1.0,0,0.900540425086936,0.0346161929938669,0.0
1.0,0.1,0.1095890410958904,0.0,-0.0,1.0,0,1.00027861249361,0.0439500645065493,0.0
1.1,0.1,0.1095890410958904,0.0,-0.0,1.0,0,1.09990831774229,0.0543783155867873,0.0
1.2,0.1,0.1095890410958904,0.0,-0.0,1.0,0,1.19941753328701,0.0658996893718144,0.0
1.3,0.1,0.1095890410958904,0.0,-0.0,1.0,0,1.29879426610321,0.0785127972559362,0.0
1.4,0.1,0.1095890410958904,0.0,-0.0,1.0,0,1.39802653913309,0.0922161190578847,0.0
1.5,0.1,0.1095890410958904,0.0,-0.0,1.0,0,1.49710239272914,0.107008003204031,0.0
1.6,0.1,0.1095890410958904,0.0,-0.0,1.0,0,1.59600988609548,0.12288666692743,0.0
1.7,0.1,0.1095890410958904,0.0,-0.0,1.0,0,1.69473709872696,0.139850196482685,0.0
1.8,0.1,0.1095890410958904,0.0,-0.0,1.0,0,1.79327213184585,0.157896547376585,0.0
1.9,0.1,0.1095890410958904,0.0,-0.0,1.0,0,1.89160310983585,0.177023544614509,0.0
2.0,0.1,0.1095890410958904,0.0,-0.0,1.0,0,1.98971818167332,0.197228882962561,0.0
2.1,0.1,0.1095890410958904,0.0,-0.0,1.0,0,2.08760552235562,0.218510127225387,0.0
2.2,0.1,0.1095890410958904,0.0,-0.0,1.0,0,2.18525333432619,0.240864712539672,0.0
2.3,0.1,0.1095890410958904,0.0,-0.0,1.0,0,2.28264984889646,0.264289944683253,0.0
2.4,0.1,0.1095890410958904,0.0,-0.0,1.0,0,2.37978332766413,0.288783000399827,0.0
2.5,0.1,0.1095890410958904,0.0,-0.0,1.0,0,2.47664206392796,0.314340927739211,0.0
2.6,0.1,0.1095890410958904,0.0,-0.0,1.0,0,2.57321438409859,0.340960646413106,0.0
2.7,0.1,0.1095890410958904,0.0,-0.0,1.0,0,2.6694886491055,0.368638948166338,0.0
2.8,0.1,0.1095890410958904,0.0,-0.0,1.0,0,2.76545325579968,0.397372497163513,0.0
2.9,0.1,0.1095890410958904,0.0,-0.0,1.0,0,2.86109663835211,0.427157830391052,0.0
3.0,0.1,0.1095890410958904,0.0,-0.0,1.0,0,2.95640726964763,0.457991358074552,0.0
3.1,0.1,0.1095890410958904,0.0,-0.0,1.0,0,3.05137366267419,0.489869364111427,0.0
3.2,0.1,0.1095890410958904,0.0,-0.0,1.0,0,3.14598437190727,0.522788006518769,0.0
3.3,0.1,0.1095890410958904,0.0,-0.0,1.0,0,3.24022799468928,0.556743317896386,0.0
3.4,0.1,0.1095890410958904,0.0,-0.0,1.0,0,3.33409317260384,0.591731205904949,0.0
3.5,0.1,0.1095890410958904,0.0,-0.0,1.0,0,3.42756859284463,0.627747453759205,0.0
3.6,0.1,0.1095890410958904,0.0,-0.0,1.0,0,3.52064298957889,0.664787720736176,0.0
3.7,0.1,0.1095890410958904,0.0,-0.0,1.0,0,3.61330514530509,0.702847542698309,0.0
3.8,0.1,0.1095890410958904,0.0,-0.0,1.0,0,3.70554389220494,0.741922332631487,0.0
3.9,0.1,0.1095890410958904,0.0,-0.0,1.0,0,3.79734811348928,0.782007381197861,0.0
4.0,0.1,0.1095890410958904,0.0,-0.0,1.0,0,3.88870674473787,0.823097857303411,0.0
4.1,0.1,0.1095890410958904,0.0,-0.0,1.0,0,3.97960877523293,0.865188808680199,0.0
4.2,0.1,0.1095890410958904,0.0,-0.0,1.0,0,4.07004324928609,0.908275162483202,0.0
4.3,0.1,0.1095890410958904,0.0,-0.0,1.0,0,4.15999926755878,0.952351725901704,0.0
4.4,0.1,0.1095890410958904,0.0,-0.0,1.0,0,4.24946598837583,0.997413186785121,0.0
4.5,0.1,0.1095890410958904,0.0,-0.0,1.0,0,4.33843262903212,1.04345411428323,0.0
4.6,0.1,0.1095890410958904,0.0,-0.0,1.0,0,4.42688846709207,1.09046895950068,0.0
4.7,0.1,0.1095890410958904,0.0,-0.0,1.0,0,4.51482284168192,1.13845205616576,0.0
4.8,0.1,0.1095890410958904,0.0,-0.0,1.0,0,4.6022251547746,1.1873976213133,0.0
4.9,0.1,0.1095890410958904,0.0,-0.0,1.0,0,4.68908487246698,1.2372997559816,0.0
5.0,0.1,0.1095890410958904,0.0,-0.0,1.0,0,4.77539152624941,1.28815244592341,0.0
5.1,0.1,0.1095890410958904,0.0,-0.0,1.0,0,4.86113471426739,1.33994956233074,0.0
5.2,0.1,0.1095890410958904,0.0,-0.0,1.0,0,4.94630410257522,1.39268486257353,0.0
5.3,0.1,0.1095890410958904,0.0,-0.0,1.0,0,5.0308894263814,1.44635199095198,0.0
5.4,0.1,0.1095890410958904,0.0,-0.0,1.0,0,5.11488049128578,1.50094447946254,0.0
5.5,0.1,0.1095890410958904,0.0,-0.0,1.0,0,5.19826717450818,1.55645574857748,0.0
5.6,0.1,0.1095890410958904,0.0,-0.0,1.0,0,5.28103942610835,1.61287910803777,0.0
5.7,0.1,0.1095890410958904,0.0,-0.0,1.0,0,5.36318727019725,1.67020775765948,0.0
5.8,0.1,0.1095890410958904,0.0,-0.0,1.0,0,5.44470080613928,1.72843478815325,0.0
5.9,0.1,0.1095890410958904,0.0,-0.0,1.0,0,5.52557020974555,1.78755318195709,0.0
5.99999999999999,0.1,0.1095890410958904,0.0,-0.0,1.0,0,5.60578573445785,1.84755581408202,0.0
6.09999999999999,0.1,0.1095890410958904,0.0,-0.0,1.0,0,5.68533771252335,1.9084354529709,0.0
6.19999999999999,0.1,0.1095890410958904,0.0,-0.0,1.0,0,5.76421655615969,1.97018476136986,0.0
6.29999999999999,0.1,0.1095890410958904,0.0,-0.0,1.0,0,5.84241275871057,2.03279629721267,0.0
6.39999999999999,0.1,0.1095890410958904,0.0,-0.0,1.0,0,5.91991689579144,2.0962625145176,0.0
6.49999999999999,0.1,0.1095890410958904,0.0,-0.0,1.0,0,5.99671962642534,2.16057576429691,0.0
6.59999999999999,0.1,0.1095890410958904,0.0,-0.0,1.0,0,6.07281169416867,2.22572829547864,0.0
6.69999999999999,0.1,0.1095890410958904,0.0,-0.0,1.0,0,6.1481839282268,2.29171225584083,0.0
6.79999999999999,0.1,0.1095890410958904,0.0,-0.0,1.0,0,6.22282724455929,2.35851969295785,0.0
6.89999999999999,0.1,0.1095890410958904,0.0,-0.0,1.0,0,6.29673264697471,2.42614255515879,0.0
6.99999999999999,0.1,0.1095890410958904,0.0,-0.0,1.0,0,6.3698912282149,2.49457269249789,0.0
7.09999999999999,0.1,0.1095890410958904,0.0,-0.0,1.0,0,6.4422941710284,2.56380185773676,0.0
7.19999999999999,0.1,0.1095890410958904,0.0,-0.0,1.0,0,6.51393274923316,2.63382170733832,0.0
7.29999999999999,0.1,0.1095890410958904,0.0,-0.0,1.0,0,6.5847983287682,2.70462380247236,0.0
7.39999999999999,0.1,0.1095890410958904,0.0,-0.0,1.0,0,6.65488236873418,2.77619961003261,0.0
7.49999999999999,0.1,0.1095890410958904,0.0,-0.0,1.0,0,6.72417642242275,2.84854050366513,0.0
7.59999999999999,0.1,0.1095890410958904,0.0,-0.0,1.0,0,6.79267213833454,2.92163776480797,0.0
7.69999999999999,0.1,0.1095890410958904,0.0,-0.0,1.0,0,6.8603612611857,2.99548258374191,0.0
7.79999999999999,0.1,0.1095890410958904,0.0,-0.0,1.0,0,6.92723563290282,3.07006606065221,0.0
7.89999999999999,0.1,0.1095890410958904,0.0,-0.0,1.0,0,6.9932871936061,3.14537920670123,0.0
7.99999999999999,0.1,0.1095890410958904,0.0,-0.0,1.0,0,7.05850798258079,3.22141294511176,0.0
8.09999999999999,0.1,0.1095890410958904,0.0,-0.0,1.0,0,7.12289013923656,3.29815811226092,0.0
8.19999999999999,0.1,0.1095890410958904,0.0,-0.0,1.0,0,7.1864259040549,3.3756054587846,0.0
8.29999999999999,0.1,0.1095890410958904,0.0,-0.0,1.0,0,7.24910761952425,3.45374565069218,0.0
8.39999999999999,0.1,0.1095890410958904,0.0,-0.0,1.0,0,7.31092773106292,3.53256927049143,0.0
8.49999999999999,0.1,0.1095890410958904,0.0,-0.0,1.0,0,7.37187878792954,3.61206681832355,0.0
8.59999999999999,0.1,0.1095890410958904,0.0,-0.0,1.0,0,7.43195344412106,3.69222871310806,0.0
8.69999999999999,0.1,0.1095890410958904,0.0,-0.0,1.0,0,7.49114445925802,3.77304529369751,0.0
8.79999999999998,0.1,0.1095890410958904,0.0,-0.0,1.0,0,7.54944469945725,3.85450682004188,0.0
8.89999999999998,0.1,0.1095890410958904,0.0,-0.0,1.0,0,7.60684713819155,3.93660347436239,0.0
8.99999999999998,0.1,0.1095890410958904,0.0,-0.0,1.0,0,7.66334485713661,4.01932536233476,0.0
9.09999999999998,0.1,0.1095890410958904,0.0,-0.0,1.0,0,7.71893104700474,4.10266251428169,0.0
9.19999999999998,0.1,0.1095890410958904,0.0,-0.0,1.0,0,7.77359900836555,4.18660488637441,0.0
9.29999999999998,0.1,0.1095890410958904,0.0,-0.0,1.0,0,7.8273421524534,4.27114236184309,0.0
9.39999999999998,0.1,0.1095890410958904,0.0,-0.0,1.0,0,7.88015400196139,4.3562647521962,0.0
9.49999999999998,0.1,0.1095890410958904,0.0,-0.0,1.0,0,7.9320281918221,4.44196179844838,0.0
9.59999999999998,0.1,0.1095890410958904,0.0,-0.0,1.0,0,7.98295846997463,4.52822317235685,0.0
9.69999999999998,0.1,0.1095890410958904,0.0,-0.0,1.0,0,8.03293869811815,4.61503847766618,0.0
9.79999999999998,0.1,0.1095890410958904,0.0,-0.0,1.0,0,8.08196285245164,4.70239725136123,0.0
9.89999999999998,0.1,0.1095890410958904,0.0,-0.0,1.0,0,8.13002502439994,4.79028896492817,0.0
9.99999999999998,0.1,0.1095890410958904,0.0,-0.0,1.0,0,8.17711942132577,4.87870302562335,0.0
10.1,0.1,0.1095890410958904,0.0,-0.0,1.0,0,8.22324036722794,4.96762877774998,0.0
10.2,0.1,0.1095890410958904,0.0,-0.0,1.0,0,8.26838230342536,5.05705550394228,0.0
10.3,0.1,0.1095890410958904,0.0,-0.0,1.0,0,8.31253978922698,5.14697242645721,0.0
10.4,0.1,0.1095890410958904,0.0,-0.0,1.0,0,8.35570750258755,5.23736870847336,0.0
10.5,0.1,0.1095890410958904,0.0,-0.0,1.0,0,8.39788024074897,5.32823345539699,0.0
10.6,0.1,0.1095890410958904,0.0,-0.0,1.0,0,8.43905292086734,5.4195557161751,0.0
10.7,0.1,0.1095890410958904,0.0,-0.0,1.0,0,8.47922058062557,5.51132448461518,0.0
10.8,0.1,0.1095890410958904,0.0,-0.0,1.0,0,8.51837837883144,5.60352870071172,0.0
10.9,0.1,0.1095890410958904,0.0,-0.0,1.0,0,8.55652159600099,5.69615725197915,0.0
11.0,0.1,0.1095890410958904,0.0,-0.0,1.0,0,8.59364563492741,5.7891989747911,0.0
11.1,0.1,0.1095890410958904,0.0,-0.0,1.0,0,8.62974602123502,5.88264265572586,0.0
11.2,0.1,0.1095890410958904,0.0,-0.0,1.0,0,8.66481840391855,5.9764770329178,0.0
11.3,0.1,0.1095890410958904,0.0,-0.0,1.0,0,8.69885855586753,6.07069079741466,0.0
11.4,0.1,0.1095890410958904,0.0,-0.0,1.0,0,8.73186237437573,6.16527259454049,0.0
11.5,0.1,0.1095890410958904,0.0,-0.0,1.0,0,8.76382588163561,6.26021102526414,0.0
11.6,0.1,0.1095890410958904,0.0,-0.0,1.0,0,8.79474522521771,6.35549464757304,0.0
11.7,0.1,0.1095890410958904,0.0,-0.0,1.0,0,8.82461667853502,6.4511119778522,0.0
11.8,0.1,0.1095890410958904,0.0,-0.0,1.0,0,8.853436641292,6.5470514922682,0.0
11.9,0.1,0.1095890410958904,0.0,-0.0,1.0,0,8.88120163991857,6.64330162815808,0.0
12.0,0.1,0.1095890410958904,0.0,-0.0,1.0,0,8.90790832798871,6.73985078542282,0.0
12.1,0.1,0.1095890410958904,0.0,-0.0,1.0,0,8.93355348662376,6.83668732792541,0.0
12.2,0.1,0.1095890410958904,0.0,-0.0,1.0,0,8.95813402488039,6.93379958489324,0.0
12.3,0.1,0.1095890410958904,0.0,-0.0,1.0,0,8.9816469801231,7.03117585232463,0.0
12.4,0.1,0.1095890410958904,0.0,-0.0,1.0,0,9.00408951838128,7.12880439439943,0.0
12.5,0.1,0.1095890410958904,0.0,-0.0,1.0,0,9.02545893469075,7.22667344489339,0.0
12.6,0.1,0.1095890410958904,0.0,-0.0,1.0,0,9.04575265341978,7.32477120859623,0.0
12.7,0.1,0.1095890410958904,0.0,-0.0,1.0,0,9.06496822857949,7.42308586273322,0.0
12.8,0.1,0.1095890410958904,0.0,-0.0,1.0,0,9.08310334411865,7.52160555839001,0.0
12.9,0.1,0.1095890410958904,0.0,-0.0,1.0,0,9.1001558142028,7.62031842194071,0.0
13.0,0.1,0.1095890410958904,0.0,-0.0,1.0,0,9.1161235834777,7.71921255647887,0.0
13.1,0.1,0.1095890410958904,0.0,-0.0,1.0,0,9.13100472731703,7.81827604325129,0.0
13.2,0.1,0.1095890410958904,0.0,-0.0,1.0,0,9.14479745205434,7.91749694309448,0.0
13.3,0.1,0.1095890410958904,0.0,-0.0,1.0,0,9.15750009519924,8.01686329787355,0.0
13.4,0.1,0.1095890410958904,0.0,-0.0,1.0,0,9.16911112563775,8.11636313192342,0.0
13.5,0.1,0.1095890410958904,0.0,-0.0,1.0,0,9.17962914381683,8.21598445349211,0.0
13.6,0.1,0.1095890410958904,0.0,-0.0,1.0,0,9.18905288191307,8.31571525618599,0.0
13.7,0.1,0.1095890410958904,0.0,-0.0,1.0,0,9.19738120398546,8.41554352041679,0.0
13.8,0.1,0.1095890410958904,0.0,-0.0,1.0,0,9.20461310611231,8.51545721485019,0.0
13.9,0.1,0.1095890410958904,0.0,-0.0,1.0,0,9.21074771651225,8.61544429785584,0.0
14.0,0.1,0.1095890410958904,0.0,-0.0,1.0,0,9.21578429564928,8.71549271895862,0.0
14.1,0.1,0.1095890410958904,0.0,-0.0,1.0,0,9.21972223632191,8.81559042029094,0.0
14.2,0.1,0.1095890410958904,0.0,-0.0,1.0,0,9.22256106373634,8.91572533804599,0.0
14.3,0.1,0.1095890410958904,0.0,-0.0,1.0,0,9.22430043556366,9.01588540393162,0.0
14.4,0.1,0.1095890410958904,0.0,-0.0,1.0,0,9.22494014198115,9.11605854662485,0.0
14.5,0.1,0.1095890410958904,0.0,-0.0,1.0,0,9.22448010569752,9.21623269322667,0.0
14.6,0.1,0.1095890410958904,0.0,-0.0,1.0,0,9.22292038196227,9.3163957707171,0.0
14.7,0.1,0.1095890410958904,0.0,-0.0,1.0,0,9.22026115855899,9.41653570741019,0.0
14.8,0.1,0.1095890410958904,0.0,-0.0,1.0,0,9.21650275578277,9.51664043440893,0.0
14.9,0.1,0.1095890410958904,0.0,-0.0,1.0,0,9.21164562640156,9.61669788705975,0.0
15.0,0.1,0.1095890410958904,0.0,-0.0,1.0,0,9.20569035560163,9.71669600640659,0.0
15.1,0.1,0.1095890410958904,0.0,-0.0,1.0,0,9.19863766091701,9.81662274064424,0.0
15.2,0.1,0.1095890410958904,0.0,-0.0,1.0,0,9.19048839214306,9.91646604657079,0.0
15.3,0.1,0.1095890410958904,0.0,-0.0,1.0,0,9.18124353123401,10.0162138910391,0.0
15.4,0.1,0.1095890410958904,0.0,-0.0,1.0,0,9.17090419218466,10.115854252407,0.0
15.5,0.1,0.1095890410958904,0.0,-0.0,1.0,0,9.15947162089607,10.2153751219863,0.0
15.6,0.1,0.1095890410958904,0.0,-0.0,1.0,0,9.14694719502542,10.3147645054896,0.0
15.7,0.1,0.1095890410958904,0.0,-0.0,1.0,0,9.13333242382002,10.4140104244766,0.0
15.8,0.1,0.1095890410958904,0.0,-0.0,1.0,0,9.11862894793535,10.5131009177971,0.0
15.9,0.1,0.1095890410958904,0.0,-0.0,1.0,0,9.10283853923737,10.6120240430327,0.0
16.0,0.1,0.1095890410958904,0.0,-0.0,1.0,0,9.08596310058896,10.7107678779363,0.0
16.1,0.1,0.1095890410958904,0.0,-0.0,1.0,0,9.06800466562059,10.8093205218687,0.0
16.2,0.1,0.1095890410958904,0.0,-0.0,1.0,0,9.04896539848523,10.9076700972332,0.0
16.3,0.1,0.1095890410958904,0.0,-0.0,1.0,0,9.02884759359753,11.0058047509067,0.0
16.4,0.1,0.1095890410958904,0.0,-0.0,1.0,0,9.00765367535728,11.1037126556685,0.0
16.5,0.1,0.1095890410958904,0.0,-0.0,1.0,0,8.98538619785725,11.2013820116257,0.0
16.6,0.1,0.1095890410958904,0.0,-0.0,1.0,0,8.96204784457533,11.298801047635,0.0
16.7,0.1,0.1095890410958904,0.0,-0.0,1.0,0,8.93764142805118,11.3959580227219,0.0
16.8,0.1,0.1095890410958904,0.0,-0.0,1.0,0,8.9121698895472,11.4928412274953,0.0
16.9,0.1,0.1095890410958904,0.0,-0.0,1.0,0,8.88563629869407,11.5894389855588,0.0
17.0,0.1,0.1095890410958904,0.0,-0.0,1.0,0,8.85804385312083,11.6857396549181,0.0
17.1,0.1,0.1095890410958904,0.0,-0.0,1.0,0,8.82939587806947,11.7817316293839,0.0
17.2,0.1,0.1095890410958904,0.0,-0.0,1.0,0,8.79969582599416,11.8774033399707,0.0
17.3,0.1,0.1095890410958904,0.0,-0.0,1.0,0,8.7689472761452,11.9727432562912,0.0
17.4,0.1,0.1095890410958904,0.0,-0.0,1.0,0,8.73715393413763,12.0677398879459,0.0
17.5,0.1,0.1095890410958904,0.0,-0.0,1.0,0,8.70431963150462,12.1623817859078,0.0
17.6,0.1,0.1095890410958904,0.0,-0.0,1.0,0,8.67044832523572,12.2566575439025,0.0
17.7,0.1,0.1095890410958904,0.0,-0.0,1.0,0,8.63554409729992,12.3505557997826,0.0
17.8,0.1,0.1095890410958904,0.0,-0.0,1.0,0,8.59961115415376,12.4440652368971,0.0
17.9,0.1,0.1095890410958904,0.0,-0.0,1.0,0,8.5626538262343,12.5371745854555,0.0
18.0,0.1,0.1095890410958904,0.0,-0.0,1.0,0,8.52467656743726,12.6298726238858,0.0
18.1,0.1,0.1095890410958904,0.0,-0.0,1.0,0,8.48568395458021,12.7221481801872,0.0
18.2,0.1,0.1095890410958904,0.0,-0.0,1.0,0,8.44568068685101,12.8139901332761,0.0
18.3,0.1,0.1095890410958904,0.0,-0.0,1.0,0,8.40467158524142,12.9053874143268,0.0
18.4,0.1,0.1095890410958904,0.0,-0.0,1.0,0,8.3626615919661,12.9963290081053,0.0
18.5,0.1,0.1095890410958904,0.0,-0.0,1.0,0,8.31965576986698,13.0868039542972,0.0
18.6,0.1,0.1095890410958904,0.0,-0.0,1.0,0,8.27565930180307,13.1768013488281,0.0
18.7,0.1,0.1095890410958904,0.0,-0.0,1.0,0,8.23067749002585,13.2663103451781,0.0
18.8,0.1,0.1095890410958904,0.0,-0.0,1.0,0,8.1847157555402,13.3553201556889,0.0
18.9,0.1,0.1095890410958904,0.0,-0.0,1.0,0,8.1377796374511,13.4438200528641,0.0
19.0,0.1,0.1095890410958904,0.0,-0.0,1.0,0,8.08987479229604,13.531799370662,0.0
19.1,0.1,0.1095890410958904,0.0,-0.0,1.0,0,8.04100699336332,13.6192475057807,0.0
19.2,0.1,0.1095890410958904,0.0,-0.0,1.0,0,7.99118212999621,13.7061539189367,0.0
19.3,0.1,0.1095890410958904,0.0,-0.0,1.0,0,7.94040620688319,13.7925081361346,0.0
19.4,0.1,0.1095890410958904,0.0,-0.0,1.0,0,7.88868534333431,13.8782997499294,0.0
19.5,0.1,0.1095890410958904,0.0,-0.0,1.0,0,7.8360257725436,13.9635184206811,0.0
19.6,0.1,0.1095890410958904,0.0,-0.0,1.0,0,7.78243384083792,14.0481538778006,0.0
19.7,0.1,0.1095890410958904,0.0,-0.0,1.0,0,7.72791600691209,14.1321959209878,0.0
19.8,0.1,0.1095890410958904,0.0,-0.0,1.0,0,7.67247884105046,14.2156344214603,0.0
19.9,0.1,0.1095890410958904,0.0,-0.0,1.0,0,7.61612902433509,14.298459323175,0.0
20.0,0.1,0.1095890410958904,0.0,-0.0,1.0,0,7.55887334784053,14.3806606440393,0.0
20.1,0.1,0.1095890410958904,0.0,-0.0,1.0,0,7.50071871181538,14.4622284771146,0.0
20.2,0.1,0.1095890410958904,0.0,-0.0,1.0,0,7.44167212485064,14.5431529918101,0.0
20.3,0.1,0.1095890410958904,0.0,-0.0,1.0,0,7.38174070303508,14.6234244350675,0.0
20.4,0.1,0.1095890410958904,0.0,-0.0,1.0,0,7.32093166909758,14.7030331325365,0.0
20.5,0.1,0.1095890410958904,0.0,-0.0,1.0,0,7.25925235153664,14.7819694897411,0.0
20.6,0.1,0.1095890410958904,0.0,-0.0,1.0,0,7.1967101837372,14.8602239932352,0.0
20.7,0.1,0.1095890410958904,0.0,-0.0,1.0,0,7.13331270307471,14.93778721175,0.0
20.8,0.1,0.1095890410958904,0.0,-0.0,1.0,0,7.06906755000675,15.0146497973298,0.0
20.9,0.1,0.1095890410958904,0.0,-0.0,1.0,0,7.00398246715223,15.0908024864593,0.0
21.0,0.1,0.1095890410958904,0.0,-0.0,1.0,0,6.93806529835822,15.1662361011797,0.0
21.1,0.1,0.1095890410958904,0.0,-0.0,1.0,0,6.8713239877546,15.240941550195,0.0
21.2,0.1,0.1095890410958904,0.0,-0.0,1.0,0,6.80376657879669,15.3149098299675,0.0
21.3,0.1,0.1095890410958904,0.0,-0.0,1.0,0,6.73540121329579,15.3881320258029,0.0
21.4,0.1,0.1095890410958904,0.0,-0.0,1.0,0,6.66623613043797,15.4605993129249,0.0
21.5,0.1,0.1095890410958904,0.0,-0.0,1.0,0,6.59627966579108,15.5323029575387,0.0
21.6,0.1,0.1095890410958904,0.0,-0.0,1.0,0,6.52554025030013,15.6032343178834,0.0
21.7,0.1,0.1095890410958904,0.0,-0.0,1.0,0,6.45402640927122,15.6733848452737,0.0
21.8,0.1,0.1095890410958904,0.0,-0.0,1.0,0,6.38174676134405,15.7427460851302,0.0
21.9,0.1,0.1095890410958904,0.0,-0.0,1.0,0,6.30871001745323,15.8113096779981,0.0
22.0,0.1,0.1095890410958904,0.0,-0.0,1.0,0,6.2349249797784,15.8790673605551,0.0
22.1,0.1,0.1095890410958904,0.0,-0.0,1.0,0,6.16040054068343,15.9460109666069,0.0
22.2,0.1,0.1095890410958904,0.0,-0.0,1.0,0,6.0851456816447,16.0121324280715,0.0
22.3,0.1,0.1095890410958904,0.0,-0.0,1.0,0,6.00916947216865,16.0774237759516,0.0
22.4,0.1,0.1095890410958904,0.0,-0.0,1.0,0,5.93248106869873,16.1418771412952,0.0
22.5000000000001,0.1,0.1095890410958904,0.0,-0.0,1.0,0,5.85508971351186,16.2054847561436,0.0
22.6000000000001,0.1,0.1095890410958904,0.0,-0.0,1.0,0,5.77700473360457,16.2682389544678,0.0
22.7000000000001,0.1,0.1095890410958904,0.0,-0.0,1.0,0,5.69823553956891,16.3301321730925,0.0
22.8000000000001,0.1,0.1095890410958904,0.0,-0.0,1.0,0,5.61879162445825,16.3911569526074,0.0
22.9000000000001,0.1,0.1095890410958904,0.0,-0.0,1.0,0,5.53868256264323,16.4513059382663,0.0
23.0000000000001,0.1,0.1095890410958904,0.0,-0.0,1.0,0,5.45791800865782,16.5105718808735,0.0
23.1000000000001,0.1,0.1095890410958904,0.0,-0.0,1.0,0,5.37650769603581,16.5689476376577,0.0
23.2000000000001,0.1,0.1095890410958904,0.0,-0.0,1.0,0,5.29446143613764,16.6264261731322,0.0
23.3000000000001,0.1,0.1095890410958904,0.0,-0.0,1.0,0,5.21178911696803,16.6830005599435,0.0
23.4000000000001,0.1,0.1095890410958904,0.0,-0.0,1.0,0,5.1285007019842,16.7386639797059,0.0
23.5000000000001,0.1,0.1095890410958904,0.0,-0.0,1.0,0,5.04460622889516,16.7934097238232,0.0
23.6000000000001,0.1,0.1095890410958904,0.0,-0.0,1.0,0,4.96011580845187,16.8472311942974,0.0
23.7000000000001,0.1,0.1095890410958904,0.0,-0.0,1.0,0,4.87503962322879,16.9001219045236,0.0
23.8000000000001,0.1,0.1095890410958904,0.0,-0.0,1.0,0,4.78938792639659,16.952075480072,0.0
23.9000000000001,0.1,0.1095890410958904,0.0,-0.0,1.0,0,4.70317104048651,17.0030856594561,0.0
24.0000000000001,0.1,0.1095890410958904,0.0,-0.0,1.0,0,4.61639935614627,17.0531462948875,0.0
24.1000000000001,0.1,0.1095890410958904,0.0,-0.0,1.0,0,4.52908333088777,17.1022513530162,0.0
24.2000000000001,0.1,0.1095890410958904,0.0,-0.0,1.0,0,4.44123348782677,17.1503949156586,0.0
24.3000000000001,0.1,0.1095890410958904,0.0,-0.0,1.0,0,4.35286041441463,17.1975711805102,0.0
24.4000000000001,0.1,0.1095890410958904,0.0,-0.0,1.0,0,4.26397476116236,17.243774461845,0.0
24.5000000000001,0.1,0.1095890410958904,0.0,-0.0,1.0,0,4.17458724035697,17.2889991912008,0.0
24.6000000000001,0.1,0.1095890410958904,0.0,-0.0,1.0,0,4.08470862477044,17.3332399180503,0.0
24.7000000000001,0.1,0.1095890410958904,0.0,-0.0,1.0,0,3.99434974636139,17.376491310458,0.0
24.8000000000001,0.1,0.1095890410958904,0.0,-0.0,1.0,0,3.90352149496965,17.4187481557226,0.0
24.9000000000001,0.1,0.1095890410958904,0.0,-0.0,1.0,0,3.81223481700375,17.4600053610058,0.0
25.0000000000001,0.1,0.1095890410958904,0.0,-0.0,1.0,0,3.72050071412173,17.5002579539454,0.0
25.1000000000001,0.1,0.1095890410958904,0.0,-0.0,1.0,0,3.62833024190516,17.539501083255,0.0
25.2000000000001,0.1,0.1095890410958904,0.0,-0.0,1.0,0,3.53573450852677,17.5777300193084,0.0
25.3000000000001,0.1,0.1095890410958904,0.0,-0.0,1.0,0,3.44272467341169,17.6149401547101,0.0
25.4000000000001,0.1,0.1095890410958904,0.0,-0.0,1.0,0,3.34931194589248,17.6511270048498,0.0
25.5000000000001,0.1,0.1095890410958904,0.0,-0.0,1.0,0,3.25550758385825,17.6862862084437,0.0
25.6000000000001,0.1,0.1095890410958904,0.0,-0.0,1.0,0,3.16132289239778,17.7204135280597,0.0
25.7000000000001,0.1,0.1095890410958904,0.0,-0.0,1.0,0,3.0667692224371,17.7535048506279,0.0
25.8000000000001,0.1,0.1095890410958904,0.0,-0.0,1.0,0,2.97185796937146,17.7855561879369,0.0
25.9000000000001,0.1,0.1095890410958904,0.0,-0.0,1.0,0,2.87660057169194,17.8165636771138,0.0
26.0000000000001,0.1,0.1095890410958904,0.0,-0.0,1.0,0,2.7810085096069,17.8465235810903,0.0
26.1000000000001,0.1,0.1095890410958904,0.0,-0.0,1.0,0,2.6850933036584,17.8754322890527,0.0
26.2000000000001,0.1,0.1095890410958904,0.0,-0.0,1.0,0,2.58886651333371,17.9032863168773,0.0
26.3000000000001,0.1,0.1095890410958904,0.0,-0.0,1.0,0,2.4923397356722,17.9300823075503,0.0
26.4000000000001,0.1,0.1095890410958904,0.0,-0.0,1.0,0,2.39552460386766,17.9558170315723,0.0
26.5000000000001,0.1,0.1095890410958904,0.0,-0.0,1.0,0,2.29843278586625,17.9804873873473,0.0
26.6000000000001,0.1,0.1095890410958904,0.0,-0.0,1.0,0,2.20107598296031,18.0040904015572,0.0
26.7000000000001,0.1,0.1095890410958904,0.0,-0.0,1.0,0,2.10346592837809,18.0266232295192,0.0
26.8000000000001,0.1,0.1095890410958904,0.0,-0.0,1.0,0,2.00561438586968,18.0480831555296,0.0
26.9000000000001,0.1,0.1095890410958904,0.0,-0.0,1.0,0,1.90753314828928,18.0684675931902,0.0
27.0000000000001,0.1,0.1095890410958904,0.0,-0.0,1.0,0,1.80923403617384,18.0877740857207,0.0
27.1000000000001,0.1,0.1095890410958904,0.0,-0.0,1.0,0,1.71072889631855,18.1060003062545,0.0
27.2000000000001,0.1,0.1095890410958904,0.0,-0.0,1.0,0,1.61202960034901,18.1231440581192,0.0
27.3000000000001,0.1,0.1095890410958904,0.0,-0.0,1.0,0,1.51314804329045,18.139203275101,0.0
27.4000000000001,0.1,0.1095890410958904,0.0,-0.0,1.0,0,1.41409614213421,18.1541760216945,0.0
27.5000000000001,0.1,0.1095890410958904,0.0,-0.0,1.0,0,1.31488583440144,18.1680604933351,0.0
27.6000000000001,0.1,0.1095890410958904,0.0,-0.0,1.0,0,1.21552907670443,18.1808550166171,0.0
27.7000000000001,0.1,0.1095890410958904,0.0,-0.0,1.0,0,1.11603784330557,18.1925580494951,0.0
27.8000000000001,0.1,0.1095890410958904,0.0,-0.0,1.0,0,1.01642412467427,18.2031681814698,0.0
27.9000000000001,0.1,0.1095890410958904,0.0,-0.0,1.0,0,0.916699926041809,18.2126841337583,0.0
28.0000000000001,0.1,0.1095890410958904,0.0,-0.0,1.0,0,0.816877265954496,18.2211047594478,0.0
28.1000000000001,0.1,0.1095890410958904,0.0,-0.0,1.0,0,0.7169681748252,18.2284290436342,0.0
28.2000000000001,0.1,0.1095890410958904,0.0,-0.0,1.0,0,0.616984693483442,18.2346561035441,0.0
28.3000000000001,0.1,0.1095890410958904,0.0,-0.0,1.0,0,0.516938871724235,18.2397851886416,0.0
28.4000000000001,0.1,0.1095890410958904,0.0,-0.0,1.0,0,0.416842766855846,18.2438156807182,0.0
28.5000000000001,0.1,0.1095890410958904,0.0,-0.0,1.0,0,0.316708442246653,18.2467470939679,0.0
28.6000000000001,0.1,0.1095890410958904,0.0,-0.0,1.0,0,0.216547965871268,18.2485790750452,0.0
28.7000000000001,0.1,0.1095890410958904,0.0,-0.0,1.0,0,0.116373408856111,18.2493114031081,0.0
28.8000000000001,0.1,0.1095890410958904,0.0,-0.0,1.0,0,0.0161968440245964,18.2489439898446,0.0
28.9000000000001,0.1,0.1095890410958904,0.0,-0.0,1.0,0,-0.0839696555578803,18.2474768794831,0.0
29.0000000000001,0.1,0.1095890410958904,0.0,-0.0,1.0,0,-0.184114018038984,18.2449102487874,0.0
29.1000000000001,0.1,0.1095890410958904,0.0,-0.0,1.0,0,-0.28422417423434,18.2412444070353,0.0
29.2000000000001,0.1,0.1095890410958904,0.0,-0.0,1.0,0,-0.384288059082108,18.2364797959813,0.0
29.3000000000001,0.1,0.1095890410958904,0.0,-0.0,1.0,0,-0.484293613097059,18.2306169898033,0.0
29.4000000000001,0.1,0.1095890410958904,0.0,-0.0,1.0,0,-0.584228783823988,18.2236566950334,0.0
29.5000000000001,0.1,0.1095890410958904,0.0,-0.0,1.0,0,-0.684081527290266,18.215599750473,0.0
29.6000000000002,0.1,0.1095890410958904,0.0,-0.0,1.0,0,-0.783839809457383,18.2064471270912,0.0
29.7000000000002,0.1,0.1095890410958904,0.0,-0.0,1.0,0,-0.883491607671285,18.1961999279084,0.0
29.8000000000002,0.1,0.1095890410958904,0.0,-0.0,1.0,0,-0.983024912111343,18.184859387863,0.0
29.9000000000002,0.1,0.1095890410958904,0.0,-0.0,1.0,0,-1.08242772723777,18.1724268736623,0.0
30.0000000000002,0.1,0.1095890410958904,0.0,-0.0,1.0,0,-1.18168807323734,18.1589038836186,0.0
30.1000000000002,0.1,0.1095890410958904,0.0,-0.0,1.0,0,-1.28079398746715,18.1442920474678,0.0
30.2000000000002,0.1,0.1095890410958904,0.0,-0.0,1.0,0,-1.37973352589641,18.1285931261733,0.0
30.3000000000002,0.1,0.1095890410958904,0.0,-0.0,1.0,0,-1.47849476454589,18.111809011714,0.0
30.4000000000002,0.1,0.1095890410958904,0.0,-0.0,1.0,0,-1.57706580092502,18.0939417268559,0.0
30.5000000000002,0.1,0.1095890410958904,0.0,-0.0,1.0,0,-1.67543475546637,18.0749934249085,0.0
30.6000000000002,0.1,0.1095890410958904,0.0,-0.0,1.0,0,-1.77358977295738,18.0549663894653,0.0
30.7000000000002,0.1,0.1095890410958904,0.0,-0.0,1.0,0,-1.87151902396911,18.0338630341285,0.0
30.8000000000002,0.1,0.1095890410958904,0.0,-0.0,1.0,0,-1.969210706282,18.0116859022183,0.0
30.9000000000002,0.1,0.1095890410958904,0.0,-0.0,1.0,0,-2.06665304630817,17.9884376664659,0.0
31.0000000000002,0.1,0.1095890410958904,0.0,-0.0,1.0,0,-2.16383430051046,17.9641211286921,0.0
31.1000000000002,0.1,0.1095890410958904,0.0,-0.0,1.0,0,-2.2607427568177,17.9387392194689,0.0
31.2000000000002,0.1,0.1095890410958904,0.0,-0.0,1.0,0,-2.35736673603628,17.9122949977671,0.0
31.3000000000002,0.1,0.1095890410958904,0.0,-0.0,1.0,0,-2.45369459325769,17.8847916505867,0.0
31.4000000000002,0.1,0.1095890410958904,0.0,-0.0,1.0,0,-2.54971471926202,17.8562324925736,0.0
31.5000000000002,0.1,0.1095890410958904,0.0,-0.0,1.0,0,-2.64541554191703,17.8266209656196,0.0
31.6000000000002,0.1,0.1095890410958904,0.0,-0.0,1.0,0,-2.74078552757287,17.795960638448,0.0
31.7000000000002,0.1,0.1095890410958904,0.0,-0.0,1.0,0,-2.8358131824521,17.7642552061833,0.0
31.8000000000002,0.1,0.1095890410958904,0.0,-0.0,1.0,0,-2.93048705403491,17.7315084899055,0.0
31.9000000000002,0.1,0.1095890410958904,0.0,-0.0,1.0,0,-3.02479573243938,17.6977244361904,0.0
32.0000000000002,0.1,0.1095890410958904,0.0,-0.0,1.0,0,-3.11872785179661,17.6629071166332,0.0
32.1000000000002,0.1,0.1095890410958904,0.0,-0.0,1.0,0,-3.21227209162051,17.6270607273582,0.0
32.2000000000002,0.1,0.1095890410958904,0.0,-0.0,1.0,0,-3.30541717817215,17.5901895885129,0.0
32.3000000000002,0.1,0.1095890410958904,0.0,-0.0,1.0,0,-3.39815188581849,17.5522981437475,0.0
32.4000000000002,0.1,0.1095890410958904,0.0,-0.0,1.0,0,-3.49046503838525,17.5133909596793,0.0
32.5000000000002,0.1,0.1095890410958904,0.0,-0.0,1.0,0,-3.58234551050389,17.4734727253422,0.0
32.6000000000002,0.1,0.1095890410958904,0.0,-0.0,1.0,0,-3.67378222895245,17.4325482516216,0.0
32.7000000000002,0.1,0.1095890410958904,0.0,-0.0,1.0,0,-3.76476417399005,17.3906224706749,0.0
32.8000000000002,0.1,0.1095890410958904,0.0,-0.0,1.0,0,-3.85528038068501,17.3477004353366,0.0
32.9000000000002,0.1,0.1095890410958904,0.0,-0.0,1.0,0,-3.94531994023636,17.3037873185097,0.0
33.0000000000002,0.1,0.1095890410958904,0.0,-0.0,1.0,0,-4.03487200128852,17.2588884125423,0.0
33.1000000000002,0.1,0.1095890410958904,0.0,-0.0,1.0,0,-4.12392577123916,17.2130091285892,0.0
33.2000000000002,0.1,0.1095890410958904,0.0,-0.0,1.0,0,-4.21247051753987,17.1661549959605,0.0
33.3000000000002,0.1,0.1095890410958904,0.0,-0.0,1.0,0,-4.30049556898968,17.1183316614549,0.0
33.4000000000002,0.1,0.1095890410958904,0.0,-0.0,1.0,0,-4.38799031702114,17.0695448886787,0.0
33.5000000000002,0.1,0.1095890410958904,0.0,-0.0,1.0,0,-4.47494421697884,17.0198005573521,0.0
33.6000000000002,0.1,0.1095890410958904,0.0,-0.0,1.0,0,-4.56134678939031,16.9691046625997,0.0
33.7000000000002,0.1,0.1095890410958904,0.0,-0.0,1.0,0,-4.64718762122893,16.9174633142286,0.0
33.8000000000002,0.1,0.1095890410958904,0.0,-0.0,1.0,0,-4.73245636716896,16.8648827359914,0.0
33.9000000000002,0.1,0.1095890410958904,0.0,-0.0,1.0,0,-4.81714275083231,16.811369264837,0.0
34.0000000000002,0.1,0.1095890410958904,0.0,-0.0,1.0,0,-4.90123656602712,16.7569293501459,0.0
34.1000000000002,0.1,0.1095890410958904,0.0,-0.0,1.0,0,-4.98472767797771,16.7015695529536,0.0
34.2000000000002,0.1,0.1095890410958904,0.0,-0.0,1.0,0,-5.06760602454612,16.6452965451598,0.0
34.3000000000002,0.1,0.1095890410958904,0.0,-0.0,1.0,0,-5.14986161744472,16.5881171087239,0.0
34.4000000000002,0.1,0.1095890410958904,0.0,-0.0,1.0,0,-5.23148454344004,16.5300381348479,0.0
34.5000000000002,0.1,0.1095890410958904,0.0,-0.0,1.0,0,-5.31246496554749,16.4710666231461,0.0
34.6000000000002,0.1,0.1095890410958904,0.0,-0.0,1.0,0,-5.39279312421692,16.4112096808011,0.0
34.7000000000002,0.1,0.1095890410958904,0.0,-0.0,1.0,0,-5.47245933850885,16.3504745217075,0.0
34.8000000000002,0.1,0.1095890410958904,0.0,-0.0,1.0,0,-5.55145400726118,16.2888684656023,0.0
34.9000000000002,0.1,0.1095890410958904,0.0,-0.0,1.0,0,-5.62976761024637,16.226398937183,0.0
35.0000000000002,0.1,0.1095890410958904,0.0,-0.0,1.0,0,-5.70739070931878,16.1630734652124,0.0
35.1000000000002,0.1,0.1095890410958904,0.0,-0.0,1.0,0,-5.78431394955213,16.0988996816117,0.0
35.2000000000002,0.1,0.1095890410958904,0.0,-0.0,1.0,0,-5.86052806036705,16.0338853205402,0.0
35.3000000000002,0.1,0.1095890410958904,0.0,-0.0,1.0,0,-5.93602385664824,15.9680382174635,0.0
35.4000000000002,0.1,0.1095890410958904,0.0,-0.0,1.0,0,-6.01079223985156,15.9013663082092,0.0
35.5000000000002,0.1,0.1095890410958904,0.0,-0.0,1.0,0,-6.08482419910054,15.8338776280103,0.0
35.6000000000002,0.1,0.1095890410958904,0.0,-0.0,1.0,0,-6.15811081227238,15.7655803105369,0.0
35.7000000000002,0.1,0.1095890410958904,0.0,-0.0,1.0,0,-6.23064324707322,15.6964825869158,0.0
35.8000000000002,0.1,0.1095890410958904,0.0,-0.0,1.0,0,-6.30241276210265,15.6265927847387,0.0
35.9000000000002,0.1,0.1095890410958904,0.0,-0.0,1.0,0,-6.37341070790718,15.5559193270585,0.0
36.0000000000002,0.1,0.1095890410958904,0.0,-0.0,1.0,0,-6.4436285280227,15.4844707313738,0.0
36.1000000000002,0.1,0.1095890410958904,0.0,-0.0,1.0,0,-6.51305776000568,15.4122556086031,0.0
36.2000000000002,0.1,0.1095890410958904,0.0,-0.0,1.0,0,-6.58169003645307,15.3392826620463,0.0
36.3000000000002,0.1,0.1095890410958904,0.0,-0.0,1.0,0,-6.64951708601076,15.2655606863361,0.0
36.4000000000002,0.1,0.1095890410958904,0.0,-0.0,1.0,0,-6.7165307343704,15.1910985663781,0.0
36.5000000000002,0.1,0.1095890410958904,0.0,-0.0,1.0,0,-6.7827229052546,15.11590527628,0.0
36.6000000000003,0.1,0.1095890410958904,0.0,-0.0,1.0,0,-6.84808562139026,15.0399898782699,0.0
36.7000000000003,0.1,0.1095890410958904,0.0,-0.0,1.0,0,-6.91261100547002,14.9633615216041,0.0
36.8000000000003,0.1,0.1095890410958904,0.0,-0.0,1.0,0,-6.97629128110158,14.8860294414648,0.0
36.9000000000003,0.1,0.1095890410958904,0.0,-0.0,1.0,0,-7.03911877374497,14.8080029578465,0.0
37.0000000000003,0.1,0.1095890410958904,0.0,-0.0,1.0,0,-7.10108591163744,14.7292914744333,0.0
37.1000000000003,0.1,0.1095890410958904,0.0,-0.0,1.0,0,-7.16218522670601,14.6499044774652,0.0
37.2000000000003,0.1,0.1095890410958904,0.0,-0.0,1.0,0,-7.22240935546756,14.5698515345951,0.0
37.3000000000003,0.1,0.1095890410958904,0.0,-0.0,1.0,0,-7.28175103991621,14.4891422937354,0.0
37.4000000000003,0.1,0.1095890410958904,0.0,-0.0,1.0,0,-7.34020312839812,14.4077864818954,0.0
37.5000000000003,0.1,0.1095890410958904,0.0,-0.0,1.0,0,-7.39775857647336,14.3257939040093,0.0
37.6000000000003,0.1,0.1095890410958904,0.0,-0.0,1.0,0,-7.45441044776495,14.2431744417538,0.0
37.7000000000003,0.1,0.1095890410958904,0.0,-0.0,1.0,0,-7.51015191479475,14.1599380523579,0.0
37.8000000000003,0.1,0.1095890410958904,0.0,-0.0,1.0,0,-7.56497625980641,14.0760947674023,0.0
37.9000000000003,0.1,0.1095890410958904,0.0,-0.0,1.0,0,-7.6188768755749,13.9916546916108,0.0
38.0000000000003,0.1,0.1095890410958904,0.0,-0.0,1.0,0,-7.67184726620289,13.9066280016323,0.0
38.1000000000003,0.1,0.1095890410958904,0.0,-0.0,1.0,0,-7.72388104790356,13.8210249448142,0.0
38.2000000000003,0.1,0.1095890410958904,0.0,-0.0,1.0,0,-7.77497194977003,13.7348558379676,0.0
38.3000000000003,0.1,0.1095890410958904,0.0,-0.0,1.0,0,-7.82511381453111,13.6481310661239,0.0
38.4000000000003,0.1,0.1095890410958904,0.0,-0.0,1.0,0,-7.87430059929335,13.560861081283,0.0
38.5000000000003,0.1,0.1095890410958904,0.0,-0.0,1.0,0,-7.92252637626938,13.4730564011538,0.0
38.6000000000003,0.1,0.1095890410958904,0.0,-0.0,1.0,0,-7.96978533349226,13.3847276078865,0.0
38.7000000000003,0.1,0.1095890410958904,0.0,-0.0,1.0,0,-8.016071775516,13.2958853467976,0.0
38.8000000000003,0.1,0.1095890410958904,0.0,-0.0,1.0,0,-8.06138012410193,13.2065403250864,0.0
38.9000000000003,0.1,0.1095890410958904,0.0,-0.0,1.0,0,-8.10570491889101,13.1167033105447,0.0
39.0000000000003,0.1,0.1095890410958904,0.0,-0.0,1.0,0,-8.14904081806189,13.0263851302594,0.0
39.1000000000003,0.1,0.1095890410958904,0.0,-0.0,1.0,0,-8.19138259897475,12.9355966693073,0.0
39.2000000000003,0.1,0.1095890410958904,0.0,-0.0,1.0,0,-8.23272515880068,12.8443488694434,0.0
39.3000000000003,0.1,0.1095890410958904,0.0,-0.0,1.0,0,-8.2730635151367,12.7526527277821,0.0
39.4000000000003,0.1,0.1095890410958904,0.0,-0.0,1.0,0,-8.31239280660623,12.6605192954718,0.0
39.5000000000003,0.1,0.1095890410958904,0.0,-0.0,1.0,0,-8.35070829344498,12.5679596763631,0.0
39.6000000000003,0.1,0.1095890410958904,0.0,-0.0,1.0,0,-8.38800535807221,12.4749850256706,0.0
39.7000000000003,0.1,0.1095890410958904,0.0,-0.0,1.0,0,-8.42427950564719,12.3816065486284,0.0
39.8000000000003,0.1,0.1095890410958904,0.0,-0.0,1.0,0,-8.45952636461096,12.2878354991397,0.0
39.9000000000003,0.1,0.1095890410958904,0.0,-0.0,1.0,0,-8.49374168721319,12.1936831784203,0.0
40.0000000000003,0.1,0.1095890410958904,0.0,-0.0,1.0,0,-8.52692135002409,12.099160933637,0.0
40.1000000000003,0.1,0.1095890410958904,0.0,-0.0,1.0,0,-8.55906135443137,12.0042801565396,0.0
40.2000000000003,0.1,0.1095890410958904,0.0,-0.0,1.0,0,-8.59015782712217,11.9090522820881,0.0
40.3000000000003,0.1,0.1095890410958904,0.0,-0.0,1.0,0,-8.62020702054989,11.8134887870747,0.0
40.4000000000003,0.1,0.1095890410958904,0.0,-0.0,1.0,0,-8.64920531338576,11.7176011887405,0.0
40.5000000000003,0.1,0.1095890410958904,0.0,-0.0,1.0,0,-8.67714921095538,11.6214010433874,0.0
40.6000000000003,0.1,0.1095890410958904,0.0,-0.0,1.0,0,-8.70403534565985,11.5248999449855,0.0
40.7000000000003,0.1,0.1095890410958904,0.0,-0.0,1.0,0,-8.72986047738161,11.4281095237758,0.0
40.8000000000003,0.1,0.1095890410958904,0.0,-0.0,1.0,0,-8.75462149387499,11.331041444868,0.0
40.9000000000003,0.1,0.1095890410958904,0.0,-0.0,1.0,0,-8.77831541114128,11.2337074068356,0.0
41.0000000000003,0.1,0.1095890410958904,0.0,-0.0,1.0,0,-8.80093937378833,11.1361191403051,0.0
41.1000000000003,0.1,0.1095890410958904,0.0,-0.0,1.0,0,-8.82249065537471,11.0382884065426,0.0
41.2000000000003,0.1,0.1095890410958904,0.0,-0.0,1.0,0,-8.84296665873831,10.9402269960364,0.0
41.3000000000003,0.1,0.1095890410958904,0.0,-0.0,1.0,0,-8.86236491630932,10.8419467270759,0.0
41.4000000000003,0.1,0.1095890410958904,0.0,-0.0,1.0,0,-8.88068309040764,10.7434594443271,0.0
41.5000000000003,0.1,0.1095890410958904,0.0,-0.0,1.0,0,-8.89791897352462,10.6447770174055,0.0
41.6000000000003,0.1,0.1095890410958904,0.0,-0.0,1.0,0,-8.91407048858908,10.5459113394452,0.0
41.7000000000003,0.1,0.1095890410958904,0.0,-0.0,1.0,0,-8.92913568921769,10.4468743256658,0.0
41.8000000000003,0.1,0.1095890410958904,0.0,-0.0,1.0,0,-8.94311275994948,10.3476779119361,0.0
41.9000000000003,0.1,0.1095890410958904,0.0,-0.0,1.0,0,-8.95600001646471,10.2483340533358,0.0
42.0000000000003,0.1,0.1095890410958904,0.0,-0.0,1.0,0,-8.96779590578781,10.1488547227147,0.0
42.1000000000003,0.1,0.1095890410958904,0.0,-0.0,1.0,0,-8.97849900647457,10.0492519092495,0.0
42.2000000000003,0.1,0.1095890410958904,0.0,-0.0,1.0,0,-8.98810802878343,9.94953761699935,0.0
42.3000000000003,0.1,0.1095890410958904,0.0,-0.0,1.0,0,-8.99662181483097,9.84972386345843,0.0
42.4000000000003,0.1,0.1095890410958904,0.0,-0.0,1.0,0,-9.00403933873139,9.74982267810817,0.0
42.5000000000003,0.1,0.1095890410958904,0.0,-0.0,1.0,0,-9.0103597067202,9.64984610096723,0.0
42.6000000000003,0.1,0.1095890410958904,0.0,-0.0,1.0,0,-9.01558215726192,9.54980618114046,0.0
42.7000000000003,0.1,0.1095890410958904,0.0,-0.0,1.0,0,-9.01970606114184,9.44971497536677,0.0
42.8000000000003,0.1,0.1095890410958904,0.0,-0.0,1.0,0,-9.02273092154189,9.34958454656605,0.0
42.9000000000003,0.1,0.1095890410958904,0.0,-0.0,1.0,0,-9.02465637410051,9.24942696238532,0.0
43.0000000000003,0.1,0.1095890410958904,0.0,-0.0,1.0,0,-9.02548218695652,9.14925429374439,0.0
43.1000000000003,0.1,0.1095890410958904,0.0,-0.0,1.0,0,-9.02520826077712,9.049078613381,0.0
43.2000000000003,0.1,0.1095890410958904,0.0,-0.0,1.0,0,-9.02383462876982,8.94891199439591,0.0
43.3000000000003,0.1,0.1095890410958904,0.0,-0.0,1.0,0,-9.02136145667847,8.84876650879778,0.0
43.4000000000003,0.1,0.1095890410958904,0.0,-0.0,1.0,0,-9.01778904276325,8.74865422604828,0.0
43.5000000000003,0.1,0.1095890410958904,0.0,-0.0,1.0,0,-9.01311781776477,8.64858721160749,0.0
43.6000000000004,0.1,0.1095890410958904,0.0,-0.0,1.0,0,-9.00734834485211,8.54857752547974,0.0
43.7000000000004,0.1,0.1095890410958904,0.0,-0.0,1.0,0,-9.00048131955496,8.4486372207602,0.0
43.8000000000004,0.1,0.1095890410958904,0.0,-0.0,1.0,0,-8.99251756967982,8.34877834218217,0.0
43.9000000000004,0.1,0.1095890410958904,0.0,-0.0,1.0,0,-8.98345805521022,8.24901292466551,0.0
44.0000000000004,0.1,0.1095890410958904,0.0,-0.0,1.0,0,-8.97330386819099,8.14935299186615,0.0
44.1000000000004,0.1,0.1095890410958904,0.0,-0.0,1.0,0,-8.9620562325967,8.04981055472706,0.0
44.2000000000004,0.1,0.1095890410958904,0.0,-0.0,1.0,0,-8.94971650418411,7.95039761003062,0.0
44.3000000000004,0.1,0.1095890410958904,0.0,-0.0,1.0,0,-8.93628617032879,7.85112613895283,0.0
44.4000000000004,0.1,0.1095890410958904,0.0,-0.0,1.0,0,-8.92176684984586,7.7520081056193,0.0
44.5000000000004,0.1,0.1095890410958904,0.0,-0.0,1.0,0,-8.90616029279488,7.65305545566337,0.0
44.6000000000004,0.1,0.1095890410958904,0.0,-0.0,1.0,0,-8.88946838026895,7.5542801147864,0.0
44.7000000000004,0.1,0.1095890410958904,0.0,-0.0,1.0,0,-8.87169312416799,7.45569398732049,0.0
44.8000000000004,0.1,0.1095890410958904,0.0,-0.0,1.0,0,-8.85283666695627,7.3573089547938,0.0
44.9000000000004,0.1,0.1095890410958904,0.0,-0.0,1.0,0,-8.83290128140421,7.25913687449855,0.0
45.0000000000004,0.1,0.1095890410958904,0.0,-0.0,1.0,0,-8.81188937031442,7.16118957806201,0.0
45.1000000000004,0.1,0.1095890410958904,0.0,-0.0,1.0,0,-8.7898034662322,7.06347887002052,0.0
45.2000000000004,0.1,0.1095890410958904,0.0,-0.0,1.0,0,-8.76664623114024,6.96601652639687,0.0
45.3000000000004,0.1,0.1095890410958904,0.0,-0.0,1.0,0,-8.74242045613782,6.86881429328099,0.0
45.4000000000004,0.1,0.1095890410958904,0.0,-0.0,1.0,0,-8.71712906110446,6.77188388541437,0.0
45.5000000000004,0.1,0.1095890410958904,0.0,-0.0,1.0,0,-8.69077509434797,6.67523698477816,0.0
45.6000000000004,0.1,0.1095890410958904,0.0,-0.0,1.0,0,-8.6633617322371,6.57888523918528,0.0
45.7000000000004,0.1,0.1095890410958904,0.0,-0.0,1.0,0,-8.63489227881871,6.48284026087662,0.0
45.8000000000004,0.1,0.1095890410958904,0.0,-0.0,1.0,0,-8.60537016541957,6.38711362512154,0.0
45.9000000000004,0.1,0.1095890410958904,0.0,-0.0,1.0,0,-8.57479895023284,6.29171686882283,0.0
46.0000000000004,0.1,0.1095890410958904,0.0,-0.0,1.0,0,-8.54318231788917,6.19666148912626,0.0
46.1000000000004,0.1,0.1095890410958904,0.0,-0.0,1.0,0,-8.51052407901272,6.10195894203496,0.0
46.2000000000004,0.1,0.1095890410958904,0.0,-0.0,1.0,0,-8.47682816976184,6.00762064102877,0.0
46.3000000000004,0.1,0.1095890410958904,0.0,-0.0,1.0,0,-8.4420986513547,5.91365795568863,0.0
46.4000000000004,0.1,0.1095890410958904,0.0,-0.0,1.0,0,-8.40633970957985,5.82008221032638,0.0
46.5000000000004,0.1,0.1095890410958904,0.0,-0.0,1.0,0,-8.36955565429172,5.72690468261993,0.0
46.6000000000004,0.1,0.1095890410958904,0.0,-0.0,1.0,0,-8.33175091889124,5.63413660225407,0.0
46.7000000000004,0.1,0.1095890410958904,0.0,-0.0,1.0,0,-8.29293005979147,5.54178914956708,0.0
46.8000000000004,0.1,0.1095890410958904,0.0,-0.0,1.0,0,-8.2530977558685,5.44987345420328,0.0
46.9000000000004,0.1,0.1095890410958904,0.0,-0.0,1.0,0,-8.21225880789758,5.35840059377169,0.0
47.0000000000004,0.1,0.1095890410958904,0.0,-0.0,1.0,0,-8.17041813797445,5.26738159251094,0.0
47.1000000000004,0.1,0.1095890410958904,0.0,-0.0,1.0,0,-8.1275807889222,5.17682741996066,0.0
47.2000000000004,0.1,0.1095890410958904,0.0,-0.0,1.0,0,-8.0837519236835,5.0867489896394,0.0
47.3000000000004,0.1,0.1095890410958904,0.0,-0.0,1.0,0,-8.03893682469833,4.99715715772937,0.0
47.4000000000004,0.1,0.1095890410958904,0.0,-0.0,1.0,0,-7.99314089326736,4.90806272176802,0.0
47.5000000000004,0.1,0.1095890410958904,0.0,-0.0,1.0,0,-7.94636964890102,4.81947641934676,0.0
47.6000000000004,0.1,0.1095890410958904,0.0,-0.0,1.0,0,-7.89862872865422,4.73140892681684,0.0
47.7000000000004,0.1,0.1095890410958904,0.0,-0.0,1.0,0,-7.84992388644703,4.64387085800263,0.0
47.8000000000004,0.1,0.1095890410958904,0.0,-0.0,1.0,0,-7.8002609923712,4.55687276292249,0.0
47.9000000000004,0.1,0.1095890410958904,0.0,-0.0,1.0,0,-7.7496460319827,4.47042512651724,0.0
48.0000000000004,0.1,0.1095890410958904,0.0,-0.0,1.0,0,-7.69808510558032,4.38453836738652,0.0
48.1000000000004,0.1,0.1095890410958904,0.0,-0.0,1.0,0,-7.64558442747052,4.29922283653317,0.0
48.2000000000004,0.1,0.1095890410958904,0.0,-0.0,1.0,0,-7.59215032521842,4.21448881611572,0.0
48.3000000000004,0.1,0.1095890410958904,0.0,-0.0,1.0,0,-7.53778923888523,4.13034651820916,0.0
48.4000000000004,0.1,0.1095890410958904,0.0,-0.0,1.0,0,-7.4825077202521,4.0468060835742,0.0
48.5000000000004,0.1,0.1095890410958904,0.0,-0.0,1.0,0,-7.42631243203049,3.96387758043514,0.0
48.6000000000004,0.1,0.1095890410958904,0.0,-0.0,1.0,0,-7.3692101470592,3.88157100326639,0.0
48.7000000000004,0.1,0.1095890410958904,0.0,-0.0,1.0,0,-7.31120774748808,3.79989627158798,0.0
48.8000000000004,0.1,0.1095890410958904,0.0,-0.0,1.0,0,-7.25231222394862,3.71886322877004,0.0
48.9000000000004,0.1,0.1095890410958904,0.0,-0.0,1.0,0,-7.19253067471143,3.6384816408465,0.0
49.0000000000004,0.1,0.1095890410958904,0.0,-0.0,1.0,0,-7.13187030483074,3.55876119533808,0.0
49.1000000000004,0.1,0.1095890410958904,0.0,-0.0,1.0,0,-7.0703384252761,3.47971150008473,0.0
49.2000000000004,0.1,0.1095890410958904,0.0,-0.0,1.0,0,-7.0079424520512,3.40134208208773,0.0
49.3000000000004,0.1,0.1095890410958904,0.0,-0.0,1.0,0,-6.94468990530014,3.32366238636147,0.0
49.4000000000004,0.1,0.1095890410958904,0.0,-0.0,1.0,0,-6.88058840840109,3.24668177479518,0.0
49.5000000000004,0.1,0.1095890410958904,0.0,-0.0,1.0,0,-6.8156456870475,3.17040952502457,0.0
49.6000000000004,0.1,0.1095890410958904,0.0,-0.0,1.0,0,-6.74986956831706,3.09485482931376,0.0
49.7000000000004,0.1,0.1095890410958904,0.0,-0.0,1.0,0,-6.6832679797283,3.02002679344737,0.0
49.8000000000004,0.1,0.1095890410958904,0.0,-0.0,1.0,0,-6.61584894828525,2.94593443563316,0.0
49.9000000000004,0.1,0.1095890410958904,0.0,-0.0,1.0,0,-6.54762059950996,2.87258668541507,0.0
50.0000000000004,0.1,0.1095890410958904,0.0,-0.0,1.0,0,-6.47859115646325,2.79999238259714,0.0
50.1000000000004,0.1,0.1095890410958904,0.0,-0.0,1.0,0,-6.40876893875366,2.72816027617803,0.0
50.2000000000004,0.1,0.1095890410958904,0.0,-0.0,1.0,0,-6.33816236153478,2.65709902329668,0.0
50.3000000000004,0.1,0.1095890410958904,0.0,-0.0,1.0,0,-6.26677993449105,2.58681718818889,0.0
50.4000000000004,0.1,0.1095890410958904,0.0,-0.0,1.0,0,-6.19463026081215,2.51732324115522,0.0
50.5000000000004,0.1,0.1095890410958904,0.0,-0.0,1.0,0,-6.1217220361562,2.44862555754008,0.0
50.6000000000004,0.1,0.1095890410958904,0.0,-0.0,1.0,0,-6.04806404760172,2.38073241672239,0.0
50.7000000000005,0.1,0.1095890410958904,0.0,-0.0,1.0,0,-5.97366517258862,2.31365200111775,0.0
50.8000000000005,0.1,0.1095890410958904,0.0,-0.0,1.0,0,-5.8985343778483,2.24739239519226,0.0
50.9000000000005,0.1,0.1095890410958904,0.0,-0.0,1.0,0,-5.82268071832297,2.18196158448822,0.0
51.0000000000005,0.1,0.1095890410958904,0.0,-0.0,1.0,0,-5.74611333607437,2.11736745466167,0.0
51.1000000000005,0.1,0.1095890410958904,0.0,-0.0,1.0,0,-5.66884145918195,2.05361779053206,0.0
51.2000000000005,0.1,0.1095890410958904,0.0,-0.0,1.0,0,-5.59087440063073,1.99072027514402,0.0
51.3000000000005,0.1,0.1095890410958904,0.0,-0.0,1.0,0,-5.51222155718885,1.92868248884135,0.0
51.4000000000005,0.1,0.1095890410958904,0.0,-0.0,1.0,0,-5.43289240827513,1.86751190835349,0.0
51.5000000000005,0.1,0.1095890410958904,0.0,-0.0,1.0,0,-5.3528965148166,1.80721590589443,0.0
51.6000000000005,0.1,0.1095890410958904,0.0,-0.0,1.0,0,-5.27224351809617,1.74780174827415,0.0
51.7000000000005,0.1,0.1095890410958904,0.0,-0.0,1.0,0,-5.19094313859075,1.6892765960229,0.0
51.8000000000005,0.1,0.1095890410958904,0.0,-0.0,1.0,0,-5.10900517479965,1.63164750252818,0.0
51.9000000000005,0.1,0.1095890410958904,0.0,-0.0,1.0,0,-5.02643950206374,1.57492141318466,0.0
52.0000000000005,0.1,0.1095890410958904,0.0,-0.0,1.0,0,-4.94325607137522,1.51910516455714,0.0
52.1000000000005,0.1,0.1095890410958904,0.0,-0.0,1.0,0,-4.85946490817837,1.46420548355658,0.0
52.2000000000005,0.1,0.1095890410958904,0.0,-0.0,1.0,0,-4.77507611116128,1.41022898662942,0.0
52.3000000000005,0.1,0.1095890410958904,0.0,-0.0,1.0,0,-4.69009985103872,1.35718217896013,0.0
52.4000000000005,0.1,0.1095890410958904,0.0,-0.0,1.0,0,-4.60454636932641,1.30507145368723,0.0
52.5000000000005,0.1,0.1095890410958904,0.0,-0.0,1.0,0,-4.5184259771067,1.25390309113275,0.0
52.6000000000005,0.1,0.1095890410958904,0.0,-0.0,1.0,0,-4.43174905378588,1.20368325804539,0.0
52.7000000000005,0.1,0.1095890410958904,0.0,-0.0,1.0,0,-4.34452604584325,1.15441800685724,0.0
52.8000000000005,0.1,0.1095890410958904,0.0,-0.0,1.0,0,-4.25676746557213,1.10611327495439,0.0
52.9000000000005,0.1,0.1095890410958904,0.0,-0.0,1.0,0,-4.1684838898129,1.05877488396135,0.0
53.0000000000005,0.1,0.1095890410958904,0.0,-0.0,1.0,0,-4.07968595867829,1.01240853903938,0.0
53.1000000000005,0.1,0.1095890410958904,0.0,-0.0,1.0,0,-3.99038437427104,0.967019828198974,0.0
53.2000000000005,0.1,0.1095890410958904,0.0,-0.0,1.0,0,-3.90058989939407,0.922614221626365,0.0
53.3000000000005,0.1,0.1095890410958904,0.0,-0.0,1.0,0,-3.81031335625338,0.879197071024244,0.0
53.4000000000005,0.1,0.1095890410958904,0.0,-0.0,1.0,0,-3.71956562515372,0.836773608966795,0.0
53.5000000000005,0.1,0.1095890410958904,0.0,-0.0,1.0,0,-3.62835764318734,0.795348948269057,0.0
53.6000000000005,0.1,0.1095890410958904,0.0,-0.0,1.0,0,-3.5367004029158,0.754928081370731,0.0
53.7000000000005,0.1,0.1095890410958904,0.0,-0.0,1.0,0,-3.44460495104522,0.715515879734492,0.0
53.8000000000005,0.1,0.1095890410958904,0.0,-0.0,1.0,0,-3.35208238709485,0.677117093258882,0.0
53.9000000000005,0.1,0.1095890410958904,0.0,-0.0,1.0,0,-3.25914386205944,0.63973634970585,0.0
54.0000000000005,0.1,0.1095890410958904,0.0,-0.0,1.0,0,-3.16580057706526,0.60337815414302,0.0
54.1000000000005,0.1,0.1095890410958904,0.0,-0.0,1.0,0,-3.07206378202019,0.568046888400736,0.0
54.2000000000005,0.1,0.1095890410958904,0.0,-0.0,1.0,0,-2.97794477425783,0.53374681054397,0.0
54.3000000000005,0.1,0.1095890410958904,0.0,-0.0,1.0,0,-2.88345489717602,0.500482054359134,0.0
54.4000000000005,0.1,0.1095890410958904,0.0,-0.0,1.0,0,-2.78860553886967,0.468256628855885,0.0
54.5000000000005,0.1,0.1095890410958904,0.0,-0.0,1.0,0,-2.6934081307583,0.437074417783954,0.0
54.6000000000005,0.1,0.1095890410958904,0.0,-0.0,1.0,0,-2.59787414620832,0.406939179165079,0.0
54.7000000000005,0.1,0.1095890410958904,0.0,-0.0,1.0,0,-2.50201509915027,0.37785454484009,0.0
54.8000000000005,0.1,0.1095890410958904,0.0,-0.0,1.0,0,-2.40584254269115,0.349824020031199,0.0
54.9000000000005,0.1,0.1095890410958904,0.0,-0.0,1.0,0,-2.30936806772206,0.322850982919551,0.0
55.0000000000005,0.1,0.1095890410958904,0.0,-0.0,1.0,0,-2.21260330152125,0.296938684238088,0.0
55.1000000000005,0.1,0.1095890410958904,0.0,-0.0,1.0,0,-2.11555990635282,0.27209024687977,0.0
55.2000000000005,0.1,0.1095890410958904,0.0,-0.0,1.0,0,-2.01824957806116,0.248308665521206,0.0
55.3000000000005,0.1,0.1095890410958904,0.0,-0.0,1.0,0,-1.9206840446614,0.225596806261734,0.0
55.4000000000005,0.1,0.1095890410958904,0.0,-0.0,1.0,0,-1.82287506492593,0.203957406277999,0.0
55.5000000000005,0.1,0.1095890410958904,0.0,-0.0,1.0,0,-1.72483442696726,0.183393073494074,0.0
55.6000000000005,0.1,0.1095890410958904,0.0,-0.0,1.0,0,-1.62657394681728,0.163906286267147,0.0
55.7000000000005,0.1,0.1095890410958904,0.0,-0.0,1.0,0,-1.52810546700323,0.145499393088834,0.0
55.8000000000005,0.1,0.1095890410958904,0.0,-0.0,1.0,0,-1.42944085512042,0.128174612302138,0.0
55.9000000000005,0.1,0.1095890410958904,0.0,-0.0,1.0,0,-1.33059200240197,0.111934031834094,0.0
56.0000000000005,0.1,0.1095890410958904,0.0,-0.0,1.0,0,-1.23157082228566,0.0967796089441352,0.0
56.1000000000005,0.1,0.1095890410958904,0.0,-0.0,1.0,0,-1.13238924897813,0.0827131699882003,0.0
56.2000000000005,0.1,0.1095890410958904,0.0,-0.0,1.0,0,-1.03305923601657,0.0697364101986252,0.0
56.3000000000005,0.1,0.1095890410958904,0.0,-0.0,1.0,0,-0.933592754828106,0.0578508934798321,0.0
56.4000000000005,0.1,0.1095890410958904,0.0,-0.0,1.0,0,-0.834001793286974,0.0470580522198485,0.0
56.5000000000005,0.1,0.1095890410958904,0.0,-0.0,1.0,0,-0.734298354269759,0.0373591871176759,0.0
56.6000000000005,0.1,0.1095890410958904,0.0,-0.0,1.0,0,-0.63449445420881,0.0287554670265301,0.0
56.7000000000005,0.1,0.1095890410958904,0.0,-0.0,1.0,0,-0.534602121644019,0.021247928812971,0.0
56.8000000000005,0.1,0.1095890410958904,0.0,-0.0,1.0,0,-0.434633395773148,0.0148374772319395,0.0
56.9000000000005,0.1,0.1095890410958904,0.0,-0.0,1.0,0,-0.334600325000862,0.0095248848177172,0.0
57.0000000000005,0.1,0.1095890410958904,0.0,-0.0,1.0,0,-0.234514965486663,0.0053107917908202,0.0
57.1000000000005,0.1,0.1095890410958904,0.0,-0.0,1.0,0,-0.13438937969188,0.0021957059808401,0.0
57.2000000000005,0.1,0.1095890410958904,0.0,-0.0,1.0,0,-0.0342356349259061,0.0001800027652404,0.0
57.3000000000005,0.1,0.1095890410958904,0.0,-0.0,1.0,0,0.0659341981081523,-0.000736074975884,0.0
57.3340659280137,0.034065928013176,0.1095890410958904,0.0,-0.0,1.0,0,0.100174118264643,-0.0005498715796631,0.0
