pair,front_rc_mm,rear_rc_mm,ay_mps2,target_ay_mps2,front_lltd_pct,change_from_baseline_pp
0,20.0,30.0,1.9999999101612562,2.0,46.71724602549664,0.0
0,20.0,30.0,3.999999739937852,4.0,46.721277634285194,0.0
0,20.0,30.0,5.999999977959221,6.0,46.72805402694738,0.0
0,20.0,30.0,7.999992504052292,8.0,46.73769282386402,0.0
0,20.0,30.0,9.999922530252926,10.0,46.75045310735341,0.0
1,45.0,52.62646517796596,1.9999999033842484,2.0,46.6901841916243,-0.027061833872343843
1,45.0,52.62646517796596,3.9999997105060623,4.0,46.699476890126526,-0.02180074415867317
1,45.0,52.62646517796596,5.999999991352733,6.0,46.71518154071962,-0.012872486227766267
1,45.0,52.62646517796596,7.999992984228207,8.0,46.73769282387177,7.743805596760467e-12
1,45.0,52.62646517796596,9.999924756694796,10.0,46.76776181395027,0.017308706596863566
2,70.0,75.2529220675567,1.9999998981553997,2.0,46.663316331187175,-0.053929694309462484
2,70.0,75.2529220675567,3.9999996803303435,4.0,46.67781943431484,-0.04345819997035316
2,70.0,75.2529220675567,5.9999999983361665,6.0,46.70238016625208,-0.02567386069530775
2,70.0,75.2529220675567,7.999993409565744,8.0,46.73769282398147,1.1744494265997218e-10
2,70.0,75.2529220675567,9.999926651216427,10.0,46.785043670443024,0.034590563089614834
3,95.0,97.87918867019097,1.9999998923716393,2.0,46.63667595875607,-0.0805700667405651
3,95.0,97.87918867019097,3.999999649510294,4.0,46.65633045447683,-0.06494717980836673
3,95.0,97.87918867019097,5.999999999923915,6.0,46.68966307655414,-0.03839095039324669
3,95.0,97.87918867019097,7.999993784562097,8.0,46.73769282438267,5.18646237068765e-10
3,95.0,97.87918867019097,9.999928229359353,10.0,46.80228780169491,0.051834694341501564
4,120.00000000000001,120.50507774773008,1.9999998863234612,2.0,46.610296671648584,-0.10694935384805704
4,120.00000000000001,120.50507774773008,3.999999618142913,4.0,46.635035198506074,-0.08624243577912138
4,120.00000000000001,120.50507774773008,5.999999996945172,6.0,46.677043488389906,-0.051010538557477725
4,120.00000000000001,120.50507774773008,7.999994112901767,8.0,46.73769282518441,1.3203882431866987e-09
4,120.00000000000001,120.50507774773008,9.99992950314575,10.0,46.81948344907765,0.0690303417242466
