case,time_s,ay_mps2,speed_mps,steer_deg,roll_deg,yaw_rate_radps,front_right_minus_left_n,rear_right_minus_left_n,tire_domain_valid,Fz_FL,camber_FL_deg,jounce_FL_m,Fz_FR,camber_FR_deg,jounce_FR_m,Fz_RL,camber_RL_deg,jounce_RL_m,Fz_RR,camber_RR_deg,jounce_RR_m
case_003,0.0,0.0,15.0,0.0,0.0,0.0,0.0,0.0,True,620.0333548387097,-1.5000000000000002,-0.0,620.0333548387097,1.5000000000000002,-0.0,752.8976451612901,-1.0,-0.0,752.8976451612901,1.0,-0.0
case_003,0.02,0.0,15.0,0.0,0.0,0.0,0.0,0.0,True,620.0333548387097,-1.5000000000000002,-0.0,620.0333548387097,1.5000000000000002,-0.0,752.8976451612901,-1.0,-0.0,752.8976451612901,1.0,-0.0
case_003,0.04,0.0,15.0,0.0,0.0,0.0,0.0,0.0,True,620.0333548387097,-1.5000000000000002,-0.0,620.0333548387097,1.5000000000000002,-0.0,752.8976451612901,-1.0,-0.0,752.8976451612901,1.0,-0.0
case_003,0.06,0.0,15.0,0.0,0.0,0.0,0.0,0.0,True,620.0333548387097,-1.5000000000000002,-0.0,620.0333548387097,1.5000000000000002,-0.0,752.8976451612901,-1.0,-0.0,752.8976451612901,1.0,-0.0
case_003,0.08,0.0,15.0,0.0,0.0,0.0,0.0,0.0,True,620.0333548387097,-1.5000000000000002,-0.0,620.0333548387097,1.5000000000000002,-0.0,752.8976451612901,-1.0,-0.0,752.8976451612901,1.0,-0.0
case_003,0.1,0.0,15.0,0.0,0.0,0.0,0.0,0.0,True,620.0333548387097,-1.5000000000000002,-0.0,620.0333548387097,1.5000000000000002,-0.0,752.8976451612901,-1.0,-0.0,752.8976451612901,1.0,-0.0
case_003,0.12,0.0,15.0,0.0,0.0,0.0,0.0,0.0,True,620.0333548387097,-1.5000000000000002,-0.0,620.0333548387097,1.5000000000000002,-0.0,752.8976451612901,-1.0,-0.0,752.8976451612901,1.0,-0.0
case_003,0.14,0.0,15.0,0.0,0.0,0.0,0.0,0.0,True,620.0333548387097,-1.5000000000000002,-0.0,620.0333548387097,1.5000000000000002,-0.0,752.8976451612901,-1.0,-0.0,752.8976451612901,1.0,-0.0
case_003,0.16,0.0,15.0,0.0,0.0,0.0,0.0,0.0,True,620.0333548387097,-1.5000000000000002,-0.0,620.0333548387097,1.5000000000000002,-0.0,752.8976451612901,-1.0,-0.0,752.8976451612901,1.0,-0.0
case_003,0.18,0.0,15.0,0.0,0.0,0.0,0.0,0.0,True,620.0333548387097,-1.5000000000000002,-0.0,620.0333548387097,1.5000000000000002,-0.0,752.8976451612901,-1.0,-0.0,752.8976451612901,1.0,-0.0
case_003,0.2,0.0,15.0,0.0,0.0,0.0,0.0,0.0,True,620.0333548387097,-1.5000000000000002,-0.0,620.0333548387097,1.5000000000000002,-0.0,752.8976451612901,-1.0,-0.0,752.8976451612901,1.0,-0.0
case_003,0.22,0.0,15.0,0.0,0.0,0.0,0.0,0.0,True,620.0333548387097,-1.5000000000000002,-0.0,620.0333548387097,1.5000000000000002,-0.0,752.8976451612901,-1.0,-0.0,752.8976451612901,1.0,-0.0
case_003,0.24,0.0,15.0,0.0,0.0,0.0,0.0,0.0,True,620.0333548387097,-1.5000000000000002,-0.0,620.0333548387097,1.5000000000000002,-0.0,752.8976451612901,-1.0,-0.0,752.8976451612901,1.0,-0.0
case_003,0.26,0.0,15.0,0.0,0.0,0.0,0.0,0.0,True,620.0333548387097,-1.5000000000000002,-0.0,620.0333548387097,1.5000000000000002,-0.0,752.8976451612901,-1.0,-0.0,752.8976451612901,1.0,-0.0
case_003,0.28,0.0,15.0,0.0,0.0,0.0,0.0,0.0,True,620.0333548387097,-1.5000000000000002,-0.0,620.0333548387097,1.5000000000000002,-0.0,752.8976451612901,-1.0,-0.0,752.8976451612901,1.0,-0.0
case_003,0.3,0.0,15.0,0.0,0.0,0.0,0.0,0.0,True,620.0333548387097,-1.5000000000000002,-0.0,620.0333548387097,1.5000000000000002,-0.0,752.8976451612901,-1.0,-0.0,752.8976451612901,1.0,-0.0
case_003,0.32,0.0,15.0,0.0,0.0,0.0,0.0,0.0,True,620.0333548387097,-1.5000000000000002,-0.0,620.0333548387097,1.5000000000000002,-0.0,752.8976451612901,-1.0,-0.0,752.8976451612901,1.0,-0.0
case_003,0.34,0.0,15.0,0.0,0.0,0.0,0.0,0.0,True,620.0333548387097,-1.5000000000000002,-0.0,620.0333548387097,1.5000000000000002,-0.0,752.8976451612901,-1.0,-0.0,752.8976451612901,1.0,-0.0
case_003,0.36,0.0,15.0,0.0,0.0,0.0,0.0,0.0,True,620.0333548387097,-1.5000000000000002,-0.0,620.0333548387097,1.5000000000000002,-0.0,752.8976451612901,-1.0,-0.0,752.8976451612901,1.0,-0.0
case_003,0.38,0.0,15.0,0.0,0.0,0.0,0.0,0.0,True,620.0333548387097,-1.5000000000000002,-0.0,620.0333548387097,1.5000000000000002,-0.0,752.8976451612901,-1.0,-0.0,752.8976451612901,1.0,-0.0
case_003,0.4,0.0,15.0,0.0,0.0,0.0,0.0,0.0,True,620.0333548387097,-1.5000000000000002,-0.0,620.0333548387097,1.5000000000000002,-0.0,752.8976451612901,-1.0,-0.0,752.8976451612901,1.0,-0.0
case_003,0.42,0.0,15.0,0.0,0.0,0.0,0.0,0.0,True,620.0333548387097,-1.5000000000000002,-0.0,620.0333548387097,1.5000000000000002,-0.0,752.8976451612901,-1.0,-0.0,752.8976451612901,1.0,-0.0
case_003,0.44,0.0,15.0,0.0,0.0,0.0,0.0,0.0,True,620.0333548387097,-1.5000000000000002,-0.0,620.0333548387097,1.5000000000000002,-0.0,752.8976451612901,-1.0,-0.0,752.8976451612901,1.0,-0.0
case_003,0.46,0.0,15.0,0.0,0.0,0.0,0.0,0.0,True,620.0333548387097,-1.5000000000000002,-0.0,620.0333548387097,1.5000000000000002,-0.0,752.8976451612901,-1.0,-0.0,752.8976451612901,1.0,-0.0
case_003,0.48,0.0,15.0,0.0,0.0,0.0,0.0,0.0,True,620.0333548387097,-1.5000000000000002,-0.0,620.0333548387097,1.5000000000000002,-0.0,752.8976451612901,-1.0,-0.0,752.8976451612901,1.0,-0.0
case_003,0.5,0.0,15.0,0.0,0.0,0.0,0.0,0.0,True,620.0333548387097,-1.5000000000000002,-0.0,620.0333548387097,1.5000000000000002,-0.0,752.8976451612901,-1.0,-0.0,752.8976451612901,1.0,-0.0
case_003,0.52,0.0,15.0,0.0,0.0,0.0,0.0,0.0,True,620.0333548387097,-1.5000000000000002,-0.0,620.0333548387097,1.5000000000000002,-0.0,752.8976451612901,-1.0,-0.0,752.8976451612901,1.0,-0.0
case_003,0.54,0.0,15.0,0.0,0.0,0.0,0.0,0.0,True,620.0333548387097,-1.5000000000000002,-0.0,620.0333548387097,1.5000000000000002,-0.0,752.8976451612901,-1.0,-0.0,752.8976451612901,1.0,-0.0
case_003,0.56,0.0,15.0,0.0,0.0,0.0,0.0,0.0,True,620.0333548387097,-1.5000000000000002,-0.0,620.0333548387097,1.5000000000000002,-0.0,752.8976451612901,-1.0,-0.0,752.8976451612901,1.0,-0.0
case_003,0.58,0.0,15.0,0.0,0.0,0.0,0.0,0.0,True,620.0333548387097,-1.5000000000000002,-0.0,620.0333548387097,1.5000000000000002,-0.0,752.8976451612901,-1.0,-0.0,752.8976451612901,1.0,-0.0
case_003,0.6,0.0,15.0,0.0,0.0,0.0,0.0,0.0,True,620.0333548387097,-1.5000000000000002,-0.0,620.0333548387097,1.5000000000000002,-0.0,752.8976451612901,-1.0,-0.0,752.8976451612901,1.0,-0.0
case_003,0.62,0.0,15.0,0.0,0.0,0.0,0.0,0.0,True,620.0333548387097,-1.5000000000000002,-0.0,620.0333548387097,1.5000000000000002,-0.0,752.8976451612901,-1.0,-0.0,752.8976451612901,1.0,-0.0
case_003,0.64,0.0,15.0,0.0,0.0,0.0,0.0,0.0,True,620.0333548387097,-1.5000000000000002,-0.0,620.0333548387097,1.5000000000000002,-0.0,752.8976451612901,-1.0,-0.0,752.8976451612901,1.0,-0.0
case_003,0.66,0.0,15.0,0.0,0.0,0.0,0.0,0.0,True,620.0333548387097,-1.5000000000000002,-0.0,620.0333548387097,1.5000000000000002,-0.0,752.8976451612901,-1.0,-0.0,752.8976451612901,1.0,-0.0
case_003,0.68,0.0,15.0,0.0,0.0,0.0,0.0,0.0,True,620.0333548387097,-1.5000000000000002,-0.0,620.0333548387097,1.5000000000000002,-0.0,752.8976451612901,-1.0,-0.0,752.8976451612901,1.0,-0.0
case_003,0.7000000000000001,0.0,15.0,0.0,0.0,0.0,0.0,0.0,True,620.0333548387097,-1.5000000000000002,-0.0,620.0333548387097,1.5000000000000002,-0.0,752.8976451612901,-1.0,-0.0,752.8976451612901,1.0,-0.0
case_003,0.72,0.0,15.0,0.0,0.0,0.0,0.0,0.0,True,620.0333548387097,-1.5000000000000002,-0.0,620.0333548387097,1.5000000000000002,-0.0,752.8976451612901,-1.0,-0.0,752.8976451612901,1.0,-0.0
case_003,0.74,0.0,15.0,0.0,0.0,0.0,0.0,0.0,True,620.0333548387097,-1.5000000000000002,-0.0,620.0333548387097,1.5000000000000002,-0.0,752.8976451612901,-1.0,-0.0,752.8976451612901,1.0,-0.0
case_003,0.76,0.0,15.0,0.0,0.0,0.0,0.0,0.0,True,620.0333548387097,-1.5000000000000002,-0.0,620.0333548387097,1.5000000000000002,-0.0,752.8976451612901,-1.0,-0.0,752.8976451612901,1.0,-0.0
case_003,0.78,0.0,15.0,0.0,0.0,0.0,0.0,0.0,True,620.0333548387097,-1.5000000000000002,-0.0,620.0333548387097,1.5000000000000002,-0.0,752.8976451612901,-1.0,-0.0,752.8976451612901,1.0,-0.0
case_003,0.8,0.0,15.0,0.0,0.0,0.0,0.0,0.0,True,620.0333548387097,-1.5000000000000002,-0.0,620.0333548387097,1.5000000000000002,-0.0,752.8976451612901,-1.0,-0.0,752.8976451612901,1.0,-0.0
case_003,0.8200000000000001,0.0,15.0,0.0,0.0,0.0,0.0,0.0,True,620.0333548387097,-1.5000000000000002,-0.0,620.0333548387097,1.5000000000000002,-0.0,752.8976451612901,-1.0,-0.0,752.8976451612901,1.0,-0.0
case_003,0.84,0.0,15.0,0.0,0.0,0.0,0.0,0.0,True,620.0333548387097,-1.5000000000000002,-0.0,620.0333548387097,1.5000000000000002,-0.0,752.8976451612901,-1.0,-0.0,752.8976451612901,1.0,-0.0
case_003,0.86,0.0,15.0,0.0,0.0,0.0,0.0,0.0,True,620.0333548387097,-1.5000000000000002,-0.0,620.0333548387097,1.5000000000000002,-0.0,752.8976451612901,-1.0,-0.0,752.8976451612901,1.0,-0.0
case_003,0.88,0.0,15.0,0.0,0.0,0.0,0.0,0.0,True,620.0333548387097,-1.5000000000000002,-0.0,620.0333548387097,1.5000000000000002,-0.0,752.8976451612901,-1.0,-0.0,752.8976451612901,1.0,-0.0
case_003,0.9,0.0,15.0,0.0,0.0,0.0,0.0,0.0,True,620.0333548387097,-1.5000000000000002,-0.0,620.0333548387097,1.5000000000000002,-0.0,752.8976451612901,-1.0,-0.0,752.8976451612901,1.0,-0.0
case_003,0.92,0.0,15.0,0.0,0.0,0.0,0.0,0.0,True,620.0333548387097,-1.5000000000000002,-0.0,620.0333548387097,1.5000000000000002,-0.0,752.8976451612901,-1.0,-0.0,752.8976451612901,1.0,-0.0
case_003,0.9400000000000001,0.0,15.0,0.0,0.0,0.0,0.0,0.0,True,620.0333548387097,-1.5000000000000002,-0.0,620.0333548387097,1.5000000000000002,-0.0,752.8976451612901,-1.0,-0.0,752.8976451612901,1.0,-0.0
case_003,0.96,0.0,15.0,0.0,0.0,0.0,0.0,0.0,True,620.0333548387097,-1.5000000000000002,-0.0,620.0333548387097,1.5000000000000002,-0.0,752.8976451612901,-1.0,-0.0,752.8976451612901,1.0,-0.0
case_003,0.98,0.0,15.0,0.0,0.0,0.0,0.0,0.0,True,620.0333548387097,-1.5000000000000002,-0.0,620.0333548387097,1.5000000000000002,-0.0,752.8976451612901,-1.0,-0.0,752.8976451612901,1.0,-0.0
case_003,1.0,8.561123638307996e-07,15.000000000000165,0.0,-1.3863245161578886e-10,-6.758561070633651e-08,-7.124934938929073e-05,-8.065285362590657e-05,True,620.0333904631816,-1.4999999998906441,1.4638290579682689e-12,620.0333192138322,1.5000000001093545,-1.4638845691195002e-12,752.8976854878939,-0.9999999998831445,1.451783138151086e-12,752.8976048350403,1.0000000001168565,-1.4517276269998547e-12
case_003,1.02,0.5772366574106842,14.999984111501528,0.26666666666666694,0.0054934227743164525,0.01936016349490629,24.815374337151525,20.67030176174046,True,607.6718663671408,-1.5043343423873656,-5.7952047430809284e-05,632.4872407042923,1.4956678309257567,5.806071307662419e-05,742.5495083764797,-1.004629583962283,-5.758925413573701e-05,763.2198101382202,0.9953685480740917,5.746472322704088e-05
case_003,1.04,1.0863523400722364,14.999900586910524,0.5333333333333339,0.02886223170176059,0.05732329587444953,63.573042347768705,58.68725566546698,True,588.4261124877801,-1.52277320060151,-0.0003044064337719976,651.9991548355488,1.4772410730950642,0.0003051201173792095,723.4881919183169,-1.0243187465517316,-0.00030289901001645525,782.1754475837839,0.9756616202727637,0.00030159013162112114
case_003,1.06,1.6502223965984246,14.999710608428858,0.8000000000000007,0.0686442330696532,0.10076579205122535,106.77676783582092,102.68239573707751,True,566.9984133102698,-1.554153933792587,-0.0007242590136559146,673.7751811460907,1.4458689417375328,0.0007254027738237689,701.3832213862137,-1.057824515604977,-0.0007213144977812336,804.0656171232912,0.9421012661386992,0.0007163666137688929
case_003,1.08,2.2637580432594575,14.99937264856779,1.0666666666666678,0.1207104105143522,0.14580801360370937,152.4852860341025,150.00766635543994,True,544.3256449677518,-1.5951982040156274,-0.0012747801029944772,696.8109310018543,1.4047949733418814,0.0012744388781048,677.5224635054091,-1.1016527195556254,-0.0012705127311818942,827.530129860849,0.8981541643597932,0.001257638324453747
case_003,1.1,2.9077406179071272,14.99884113968599,1.3333333333333346,0.18152385141106744,0.19128067358917591,199.5209703153679,199.17234564871717,True,520.9653268380915,-1.6430893828432407,-0.0019197309026756648,720.4862971534594,1.3567914303143724,0.0019137712265538398,652.6023856757388,-1.1528034102017857,-0.0019146960824860115,851.774731324456,0.846783011773979,0.001887124210964708
case_003,1.12,3.5664976133136737,14.998070241162093,1.6000000000000014,0.24820963986577718,0.23682161259599205,246.90647615778744,249.01815087994635,True,497.37468483979285,-1.6955314990509618,-0.0026299430167245896,744.2811609975803,1.3041066964272163,0.0026118518830977044,627.1546839961641,-1.2088313394217371,-0.002625220034412623,876.1728348761104,0.7903891738774484,0.0025732542464028674
case_003,1.1400000000000001,4.229239863564313,14.99701622177292,1.8666666666666685,0.31846992217080944,0.28231505478004687,293.93889003857043,298.71512584511083,True,473.87760548522715,-1.7506848522317062,-0.0033823085016251864,767.8164955237976,1.2485341946313517,0.003343258805685756,601.5580336786686,-1.2677775214472913,-0.0033794933925371806,900.2731595237794,0.7308874386323724,0.003290490713886818
case_003,1.16,4.593000536667864,14.995716803090916,2.0,0.38973429152047834,0.32235335152564615,331.70117167280387,341.79759865050266,True,454.5836949576192,-1.8065284525439542,-0.004150683074990835,786.284866630423,1.1920549717476017,0.004079850832431731,579.0659452742739,-1.32745876001592,-0.0041517021228956175,920.8635439247765,0.670427871297865,0.004010810843143309
case_003,1.18,4.783030449630799,14.994506756858163,2.0,0.4494761540635115,0.33784870454107685,345.5171790566731,360.49800723132523,True,446.94944814845206,-1.8532068557099026,-0.004802685935073936,792.4666272051252,1.1445289481970333,0.004689471645056231,568.7575014122954,-1.3773479264431034,-0.004808548546858582,929.2555086436206,0.6196012679480656,0.004605161449964756
case_003,1.2,4.951224270520398,14.993328987693923,2.0,0.49264846704780857,0.34300430655025566,352.70563276057294,370.47131207897803,True,442.67427668929327,-1.8867525812329717,-0.005283245455782903,795.3799094498662,1.1099949169726577,0.005120615085469293,562.8732897864394,-1.413241752489219,-0.005293781026728783,933.3446018654174,0.5827129912396358,0.005024097196000665
case_003,1.22,5.063700800747465,14.992169320661326,2.0,0.5226542518442242,0.34477954595822097,356.8234576205407,376.32947155380873,True,439.9941600254941,-1.9098877218558559,-0.005626253373984869,796.8176176460348,1.0858125073890335,0.00541125897011141,559.2000388711284,-1.438051206174976,-0.005640203115363285,935.5295104249371,0.5569371003436785,0.005306090118451179
case_003,1.24,5.13218542876661,14.991041110108434,2.0,0.5429219804025672,0.34540493074853273,358.82751214668076,379.4646408907827,True,438.4748739057494,-1.9253551560324906,-0.005865852057173271,797.3023860524302,1.0693212384923698,0.005599665478311477,557.1002661656543,-1.4547047667669801,-0.005881147654951402,936.5649070564369,0.5394222230973476,0.005489613537264848
case_003,1.26,5.170917220248636,14.989957646583228,2.0,0.5561130754172089,0.34561713574054237,359.43614353884186,380.80587284146407,True,437.79227880989095,-1.9352902804746277,-0.00602825926387851,797.2284223487328,1.058461095029083,0.005715821386723774,556.1264845950801,-1.4654746596598667,-0.006042561130722657,936.9323574365442,0.5279538400481198,0.005604461002106043
case_003,1.28,5.1906766262828405,14.988927180791928,2.0,0.564288579824263,0.3456708886634215,359.24298014440916,381.0728138935773,True,437.66004804921755,-1.9413466139580735,-0.0061338117898039335,796.9030281936267,1.051635586513323,0.005782914867341393,555.9035621789077,-1.4721141476644004,-0.006144962218453787,936.976376072485,0.5208106069873107,0.005673279094417616
case_003,1.3,5.198913744678196,14.987953341443903,2.0,0.5690335456327348,0.345660448077623,358.67025786969765,380.77456710514605,True,437.85387120784543,-1.944789926609507,-0.0061984628767148275,796.5241290775431,1.0476102673531325,0.005818465365123149,556.1397647013091,-1.4759623605565904,-0.006204745735795603,936.9143318064552,0.5166594904461933,0.005712869049498248
case_003,1.32,5.200562479512738,14.987036525764205,2.0,0.5715313149374133,0.3456237875755026,357.979518988797,380.23542476622083,True,438.2136300375235,-1.9465560668794424,-0.006234592404086303,796.1931490263205,1.0454538807066533,0.005835082327375174,556.6238192828376,-1.4780089039097615,-0.0062348274533122194,936.8592440490585,0.5144951538344855,0.005735097900203323
case_003,1.34,5.1987580505517625,14.986175158711731,2.0,0.5726297353662889,0.3455775161576395,357.31182766829335,379.641371107159,True,438.632077620016,-1.9473050915615788,-0.006251602645870713,795.9439052883093,1.044488367423028,0.005841267905041803,557.2105060098437,-1.4789527364082882,-0.006245133302679895,936.8518771170027,0.5135872073754582,0.005747796169299435
case_003,1.36,5.195397074800423,14.985366609095966,2.0,0.5729091977025966,0.3455292546928473,356.7297043999984,379.08603920015105,True,439.04138602373183,-1.9474783597970258,-0.0062564600186783,795.7710904237302,1.044238839269615,0.005842312059589572,557.8048169250612,-1.4792629522341414,-0.006243083058738164,936.8908561252123,0.5134262899553195,0.00575569916764318
case_003,1.3800000000000001,5.191558163496154,14.984607785781494,2.0,0.5727481545884642,0.34548245034248853,356.2501496487557,378.6070690123803,True,439.401897620313,-1.9473540767606232,-0.006254190509015878,795.6520472690687,1.0443858905643815,0.005841180753935693,558.3487149413811,-1.479237263361739,-0.006234059433393613,936.9557839537614,0.5136720967605302,0.005761350083583139
case_003,1.4000000000000001,5.187806368000098,14.983895494178851,2.0,0.5723806781435494,0.3454384976724515,355.86726984487115,378.2116002046888,True,439.693718457584,-1.9470962045100124,-0.006248310115904099,795.5609883024551,1.044723779258957,0.005839300989992469,558.8109948039111,-1.4790532093941493,-0.006221831261258748,937.0225950085999,0.5141075553982696,0.005765882232192376
case_003,1.42,5.184402401903235,14.98322662877923,2.0,0.571942904944886,0.3453977757996325,355.5661402300565,377.89248060211673,True,439.91064183272044,-1.9467937815361385,-0.006241180262675283,795.4767820627769,1.0451265069720959,0.005837186198523081,559.1796503043865,-1.4788092033298859,-0.00620891344738439,937.0721309065033,0.5146015721393147,0.005769631803390851
case_003,1.44,5.181439056876074,14.982598263812674,2.0,0.5715080846113889,0.3453601940789514,355.33039460929746,377.63766621379443,True,440.05567804559945,-1.9464902567571385,-0.006234293441536254,795.3860726548969,1.0455218619541897,0.005834890730982645,559.4559774961476,-1.4785551130005161,-0.006196864777233468,937.0936437099421,0.5150805264783942,0.005772574071545633
case_003,1.46,5.178924174771004,14.98200768457455,2.0,0.5711113306540355,0.3453254798757387,355.14567945487727,377.4349854110676,True,440.1376738426528,-1.9462037284286038,-0.006228499296152046,795.2833532975301,1.04587259036008,0.005832306451052205,559.6499045100758,-1.478313364900794,-0.006186531051485866,937.0848899211434,0.5155076485800538,0.005774598615162996
case_003,1.48,5.176827440509475,14.981452388103884,2.0,0.5707660909508553,0.34529332393494705,355.0006870212845,377.27406607583043,True,440.16868166661453,-1.945939846922291,-0.006224183858252519,795.169368687899,1.0461632802811305,0.005829331311918651,559.7762369669266,-1.4780924329213259,-0.006178243868942002,937.050303042757,0.5158687411513995,0.005775655473376551
case_003,1.5,5.175104305929879,14.980930070307366,2.0,0.5704744416207146,0.34526344504965056,354.88695444075375,377.14670833508626,True,440.16190391480114,-1.9456992719657988,-0.0062214123989701164,795.0488583555549,1.0463915380461386,0.005825943884990303,559.8516791657681,-1.4778946928513677,-0.006171983251292368,936.9983875008544,0.5161626799498208,0.005775808104701463
case_003,1.52,5.173706674843202,14.98043860886025,2.0,0.5702330742015341,0.34523561056854996,354.79818025255037,377.04654426742843,True,440.1301367896262,-1.9454814018753115,-0.006220043337222758,794.9283170421766,1.0465622313202925,0.005822215885303128,559.8925792700433,-1.477720431160922,-0.006167509536198323,936.9391235374717,0.5163953290418263,0.005775226882835605
case_003,1.54,5.172586853792042,14.979976046325579,2.0,0.5700365018566695,0.34520963489319834,354.7294944289169,376.96849729746395,True,440.0846755458452,-1.945285798943795,-0.00621981814691791,794.8141699747621,1.0466838215572314,0.005818289971162072,559.9133629620626,-1.4775694825624957,-0.006164467953588881,936.8818602595265,0.5165757731614214,0.005774151667647498
case_003,1.56,5.171698708959161,14.979540575026459,2.0,0.5698786084763828,0.34518536902954716,354.67688738111997,376.9083054533969,True,440.0346491929407,-1.9451123713608771,-0.006220430353294781,794.7115365740607,1.0467660764799072,0.005814343460857574,559.925605533131,-1.4774415869733575,-0.006162468101590102,936.8339109865279,0.5167140631101457,0.005772844771949448
case_003,1.58,5.17099812405728,14.9791305237493,2.0,0.5697533099737635,0.3451626884407538,354.63685738409515,376.8622097137908,True,439.98673754002004,-1.9449610356199216,-0.006221575854808259,794.6235949241152,1.0468186740915508,0.005810551975667488,559.9376603273884,-1.477336204356116,-0.006161140376862495,936.7998700411791,0.5168199157480987,0.005771548380634095
case_003,1.6,5.170443624766196,14.978744345818022,2.0,0.5696548031483487,0.3451414828256252,354.6062536382644,376.8268116779477,True,439.9452053851774,-1.9448312953545506,-0.006222986555703358,794.5514590234418,1.0468503836418384,0.005807061062655494,559.9547344569633,-1.4772522271274589,-0.006160171738243847,936.781546134911,0.5169020068546949,0.005770453998971525
case_003,1.62,5.16999732610496,14.978380608041398,2.0,0.5695776665040115,0.34512164919253113,354.58225647598204,376.7990580075576,True,439.91217369273136,-1.9447219582269129,-0.006224449492153061,794.4944301687134,1.0468686262739797,0.005803969197557546,559.9792855829472,-1.4771878098638955,-0.0061593237808798,936.7783435905048,0.5169676308701877,0.005769686489907555
case_003,1.6400000000000001,5.169626017714065,14.978037980211406,2.0,0.5695169353008807,0.3451030882586506,354.56242914762504,376.776294191292,True,439.8880412102436,-1.9446310634981496,-0.006225813995910545,794.4504703578687,1.046879292608345,0.00580132220604046,560.0116107283991,-1.4771403854156469,-0.006158436665417821,936.7879049196911,0.5170225904829807,0.005769301716682329
case_003,1.6600000000000001,5.169302107361273,14.977715225058562,2.0,0.569468187110644,0.3450857035193733,354.544785776139,376.7563352977361,True,439.8719737736572,-1.94455600167267,-0.006226989704086416,794.4167595497962,1.0468867388442644,0.0057991170606386255,560.0505096133415,-1.477106846302491,-0.006157422728633233,936.8068449110776,0.5170712337916497,0.005769294723986629
case_003,1.68,5.16900419064426,14.977411188750233,2.0,0.5694276308745847,0.3450694020672683,354.5278376993834,376.7375162114258,True,439.86239056112885,-1.9444937626842544,-0.0062279382994859245,794.3902282605122,1.0468939065772092,0.005797312021097567,560.0939266934332,-1.4770838277021012,-0.006156253554741031,936.831442904859,0.517116587154291,0.0057696145317880365
case_003,1.7,5.168717124457491,14.97712479211387,2.0,0.5693921775903297,0.3450540962465269,354.51059905011346,376.7187012514054,True,439.8573940351995,-1.9444412371161688,-0.006228661707911587,794.367993085313,1.0469025235440517,0.005795839929796487,560.1395034976367,-1.4770680189847083,-0.006154943918869726,936.8582047490421,0.517160547555501,0.005770181672245689
case_003,1.72,5.168431599112649,14.976855022779581,2.0,0.5693594725217134,0.3450397053934372,354.4925481737831,376.69924859682965,True,439.85511001752445,-1.944395503762043,-0.006229189110741273,794.3476581913076,1.0469133491652898,0.005794621879361028,560.1850014589289,-1.4770564416995238,-0.006153535401959842,936.8842500557586,0.5172041062915897,0.005770905249381286
case_003,1.74,5.168143297551911,14.97660092838616,2.0,0.5693278783020658,0.34502615715027546,354.47355253198754,376.6789363051191,True,439.8539233357181,-1.9443540563009083,-0.006229564616131167,794.3274758677056,1.0469264338872841,0.005793579184645514,560.2285814785083,-1.477046652652878,-0.006152081725777359,936.9075177836274,0.5172475805341197,0.005771697250199492
case_003,1.76,5.167851786352962,14.976361610909821,2.0,0.5692964093855115,0.3450133880859062,354.45377076063727,376.6578632447324,True,439.8526105572981,-1.9443149443310976,-0.0062298368498336365,794.3063813179353,1.0469413668321703,0.005792642407694393,560.2689474014271,-1.477036853499532,-0.006150637076915766,936.9268106461595,0.5172908334268809,0.005772482847905436
case_003,1.78,5.1675593013811865,14.976136222081792,2.0,0.5692646273941381,0.34500134356902973,354.43354718951014,376.63634040126317,True,439.85038316537884,-1.9442768243661468,-0.0062300511538948,794.283930354889,1.0469574926543,0.005791756949044657,560.3053751195906,-1.4770259081028165,-0.0061492479726004134,936.9417155208538,0.5173334678756321,0.00577320634436429
case_003,1.8,5.167269577900881,14.975923959780186,2.0,0.5692325123936207,0.34498997699588263,354.41331253029364,376.6147867813896,True,439.8468616917022,-1.9442389317896633,-0.00623024458041288,794.2601742219958,1.0469740854681682,0.005790885335638318,560.3376570013083,-1.4770132831980805,-0.0061479486348344214,936.952443782698,0.5173749842223442,0.005773833100092385
case_003,1.82,5.166986841162937,14.975724065225222,2.0,0.5692003267947999,0.34497924856599693,354.39350089174843,376.59364078025305,True,439.8420040851653,-1.9442009941694613,-0.006230443478510872,794.2355049769137,1.0469904745737344,0.005790006759799404,560.365993496015,-1.4769989358750593,-0.006146759418346026,936.959634276268,0.517414897169937,0.0057743482560112525
case_003,1.84,5.166715029837614,14.975535820779768,2.0,0.5691684870752503,0.3449691238322252,354.3744889609702,376.57329358245283,True,439.8360107425144,-1.9441631100281176,-0.006230663213365517,794.2104997034846,1.0470061227456473,0.005789114651292893,560.3908613569829,-1.4769831736253796,-0.006145687588858972,936.9641549394357,0.5174528120887912,0.00577475326865351
case_003,1.86,5.166457280505165,14.975358548157274,2.0,0.5691374549016739,0.3449595722373627,354.3565590214612,376.55404689584213,True,439.829225216944,-1.9441256162486469,-0.0062309094240327045,794.1857842384052,1.047020662529406,0.005788213120283103,560.4128824911866,-1.4769665104780296,-0.00614472965555235,936.9669293870287,0.5174884647042304,0.0057750612974881155
case_003,1.8800000000000001,5.166215663522546,14.975191606861383,2.0,0.5691076546368806,0.34495056580535366,354.3398840721875,376.53609373193774,True,439.82204476239724,-1.9440889632196126,-0.006231180204339881,794.1619288345847,1.0470338990189774,0.005787313034399777,560.4327104927802,-1.476949537659075,-0.006143874494210277,936.9688042247179,0.5175217308276228,0.005775292354126549
case_003,1.9000000000000001,5.165991132877993,14.975034392717657,2.0,0.5690794196062663,0.3449420780961882,354.32453097528077,376.51951840331844,True,439.81484957343815,-1.944053611085437,-0.006231468651526184,794.1393805487189,1.0470457889660383,0.00578642833538362,560.4509447448994,-1.4769328208108232,-0.006143106617041427,936.9704631482178,0.5175526141625534,0.005775468907166625
case_003,1.92,5.165783636460089,14.974886336400536,2.0,0.5690529655814346,0.3449340834734251,354.3104763495942,376.50431050259306,True,439.8079546370799,-1.9440199543583963,-0.006231765340495632,794.1184309866741,1.0470564059983187,0.005785573004875255,560.4680755590424,-1.476916829378804,-0.006142409112453784,936.9723860616355,0.517581220394623,0.00577561238708757
case_003,1.94,5.165592327812119,14.974746901900891,2.0,0.569028387116274,0.344926556681318,354.2976297172664,376.4903872598726,True,439.8015840583169,-1.9439882766397831,-0.006232060418756458,794.0992137755833,1.0470659005532272,0.005784758892102837,560.4844587738065,-1.4769018982427684,-0.006141765958725787,936.9748460336791,0.5176077249992967,0.005775740795845363
case_003,1.96,5.165415823878405,14.97461558491613,2.0,0.5690056707729257,0.34491947269015766,354.2858589667741,376.4776191256327,True,439.7958648291467,-1.9439587328953885,-0.006232345154317087,794.0817237959208,1.0470744612724932,0.00578399444528499,560.5003148227555,-1.4768882175612743,-0.006141163582764786,936.9779339483882,0.5176323407894176,0.005775867425104997
case_003,1.98,5.1652524627581675,14.974491911172965,2.0,0.5689847188176511,0.34491280674551555,354.27501424150955,376.4658544183651,True,439.79083532917366,-1.9439313538998213,-0.006232612888545264,794.0658495706832,1.0470822824515027,0.005783284259167798,560.5157454857588,-1.4768758442987295,-0.0061405916713617725,936.9815999041239,0.5176552894944236,0.005776000541246218
case_003,2.0,5.165100528246887,14.974375434711233,2.0,0.5689653774252389,0.3449065345486204,354.2649476290512,376.4549401366701,True,439.78646325320653,-1.9439060660918843,-0.006232859437825478,794.0514108822578,1.0470895400299027,0.00578262926897205,560.5307611377017,-1.476864727916567,-0.006140043338740353,936.9857012743718,0.5176767799029434,0.005776143808496836
case_003,2.02,5.164958421451875,14.974265736165984,2.0,0.5689474645123357,0.3449006324984185,354.2555272875371,376.44473732683184,True,439.7826679280503,-1.9438827199590394,-0.006233083047821941,794.0381952155874,1.047096376792199,0.005782027383899269,560.5453119615294,-1.4768547429614767,-0.00613951480956354,936.9900492883612,0.5176969935280378,0.0057762971888376535
case_003,2.04,5.164824772080471,14.974162421086186,2.0,0.5689307937239202,0.34489507793733615,354.2466457382016,376.4351305424377,True,439.7793428304977,-1.9438611208713463,-0.006233284033512143,794.0259885686993,1.047102896063334,0.0057814743536307445,560.5593179169263,-1.4768457224059646,-0.006139004795328529,936.994448459364,0.5177160775099984,0.0057764580679536826
case_003,2.06,5.164698491854437,14.974065118323347,2.0,0.5689151925580694,0.3448898493586707,354.2382228806513,376.4260318231396,True,439.7763752764405,-1.9438410576563991,-0.006233464241737263,794.0145981570918,1.0471091622868849,0.005780964688526236,560.5726938892427,-1.4768374872061654,-0.006138513732163842,936.9987257123823,0.5177341436184156,0.00577662239702309
case_003,2.08,5.164578779303602,14.973973478515097,2.0,0.5689005139297162,0.3448849265505796,354.2302048143912,376.4173802087115,True,439.7736614789503,-1.9438223258111402,-0.006233626457653629,794.0038662933415,1.0471152064392588,0.005780492497369061,560.5853680848345,-1.4768298692951607,-0.006138043018858952,937.002748293546,0.5177512717506558,0.005776785696866071
case_003,2.1,5.164465088898767,14.973887172678856,2.0,0.5688866415150148,0.3448802906672581,354.2225597906793,376.4091380988017,True,439.77111629094344,-1.943804743809988,-0.006233773849520952,793.9936760816228,1.0471210341873045,0.005780052155437587,560.5972931713379,-1.4768227268586278,-0.006137594354778675,937.0064312701396,0.5177675161976812,0.005776943831957093
case_003,2.12,5.164357078474961,14.973805890921133,2.0,0.5688734899254434,0.34487592423043767,354.21527262043617,376.40128581100225,True,439.7686778404109,-1.9437881622983468,-0.006233909514530234,793.983950460847,1.0471266349352535,0.005779638762353656,560.6084507559667,-1.4768159520654445,-0.006137169236096862,937.009736566969,0.5177829130811351,0.005777093517837506
case_003,2.14,5.164254547798178,14.973729341259862,2.0,0.5688610011355413,0.3448718110729871,354.20833869296735,376.39381554464205,True,439.7663078797052,-1.9437724669472387,-0.006234036157364065,793.9746465726726,1.0471319903189378,0.00577924838808519,560.6188505033007,-1.476809472359735,-0.006136768631508804,937.0126660479427,0.517797487667718,0.005777232570589597
case_003,2.16,5.1641573786659825,14.973657248551191,2.0,0.5688491386738919,0.34486793624110845,354.20175848670317,376.38672569594826,True,439.76398900309107,-1.9437575763549295,-0.006234155906758243,793.9657474897942,1.0471370811882457,0.005778878133713361,560.6285255318667,-1.4768032469498,-0.006136392829034776,937.0152512278149,0.5178112606512792,0.005777359938375026
case_003,2.18,5.164065483808742,14.973589353508531,2.0,0.5688378809528414,0.34486428587282497,354.1955331413671,376.3800161586563,True,439.7617199742817,-1.9437434366401747,-0.006234270255664365,793.9572531156488,1.0471418925901357,0.005778526050410238,560.6375257563237,-1.4767972602971178,-0.006136041425401195,937.01754191498,0.5178242528869567,0.005777475572358803
case_003,2.2,5.163978768663664,14.973525411800146,2.0,0.5688272148372355,0.34486084706902026,354.189661362494,376.3736849372144,True,439.75951030518604,-1.9437300143431462,-0.006234380098384895,793.94917166768,1.0471464166660418,0.005778190966492458,560.6459106426865,-1.4767915142940071,-0.0061357134187785545,937.019595579901,0.5178364884110269,0.005777580199281651
case_003,2.22,5.1638971072667115,14.973465193211931,2.0,0.5688171302113199,0.34485760777007113,354.1841376789476,376.367726136358,True,439.7573750050572,-1.9437172890184182,-0.006234485832765424,793.9415126840048,1.0471506536764774,0.00577787227049531,560.6537425079724,-1.4767860205155237,-0.006135407363115131,937.0214686443304,0.5178479958522291,0.005777675053341758
case_003,2.24,5.16382033131294,14.973408480863629,2.0,0.5688076159588134,0.3448545566470926,354.1789518916479,376.3621291930466,True,439.7553301387137,-1.9437052465566154,-0.006234587495929811,793.9342820303616,1.0471546115521382,0.005777569690547157,560.6610811054442,-1.4767807935320532,-0.00613512154596868,937.0232102984908,0.5178588085213761,0.005777761614173815
case_003,2.2600000000000002,5.1637482299828505,14.973355070469026,2.0,0.568798657469692,0.3448516830126948,354.17408944157967,376.3568790922087,True,439.7533895469054,-1.9436938738854583,-0.006234684906477994,793.9274789884851,1.0471583044519235,0.005777283099521691,560.667979858661,-1.4767758458529616,-0.006134854159382086,937.0248589508698,0.5178689635582077,0.005777841383758087
case_003,2.2800000000000002,5.163680557403475,14.973304769633224,2.0,0.5687902355557845,0.34484897675253245,354.16953238160244,376.3519572520081,True,439.75156283027746,-1.943683155338284,-0.006234777792810231,793.9210952118799,1.047161750803424,0.005777012363813172,560.6744837881859,-1.4767711846977902,-0.006134603442843223,937.026441040194,0.5178785005307412,0.00577791572075026
case_003,2.3000000000000003,5.163617044498647,14.973257397182515,2.0,0.5687823265064593,0.34484642827613066,354.16526064672496,376.3473427654525,True,439.7498545039232,-1.9436730706794372,-0.006234865894770791,793.9151151506481,1.0471649712353113,0.0057767572428694125,560.6806289393874,-1.476766810496961,-0.006134367786950479,937.0279717048398,0.5178874598420922,0.005777985737981939
case_003,2.32,5.163557412327145,14.973212782524367,2.0,0.5687749029425199,0.34484402848364,354.16125336455906,376.3430137270167,True,439.74826410218094,-1.9436635945626888,-0.006234949032893122,793.90951746674,1.0471679867097454,0.0057765173379780155,560.6864429757679,-1.4767627168250366,-0.0061341457947882705,937.0294567027846,0.5178958812241927,0.005778052258968214
case_003,2.34,5.163501384634005,14.973170765036544,2.0,0.5687679351186342,0.34484176874427885,354.15749001561744,376.338948438589,True,439.74678695039927,-1.943654697074613,-0.00623502714538704,793.9042769660167,1.047170817049617,0.0057762920827836295,560.691946542729,-1.476758891365495,-0.006133936304437648,937.030894981318,0.5179038025068533,0.005778115822673735
case_003,2.36,5.163448698089984,14.97313119348523,2.0,0.5687613923648803,0.3448396408821197,354.1539513266548,376.3351263631648,True,439.7454153126398,-1.9436463449713262,-0.006235100297194096,793.8993666392946,1.0471734799484322,0.005776080764674285,560.6971550159161,-1.4767553174837333,-0.006133738380212084,937.0322813790809,0.5179112587605366,0.005778176722467332
case_003,2.38,5.16339910943169,14.973093925472549,2.0,0.5687552444274969,0.3448376371653535,354.15061984862405,376.3315287652698,True,439.74413965666395,-1.9436385032369126,-0.00623516866788737,793.894759505288,1.0471759904621767,0.005775882565194679,560.7020803055228,-1.4767519760245904,-0.006133551282206384,937.0336090707926,0.5179182818335525,0.005778235064651804
case_003,2.4,5.163352399349463,14.97305882691376,2.0,0.5687494625502868,0.34483575029601315,354.1474802261179,376.3281390357612,True,439.7429498350338,-1.9436311366549497,-0.006235232526058121,793.8904300611517,1.0471783609190617,0.005775696608495917,560.7067324723968,-1.4767488470293466,-0.00613337442392331,937.034871508158,0.5179249002459843,0.005778290833485689
case_003,2.42,5.1633083734445835,14.973025771544227,2.0,0.5687440202174192,0.34483397339812155,354.1445192041971,376.32494274112776,True,439.74183604868745,-1.9436242111703093,-0.006235292197455444,793.8863552528845,1.0471806011458809,0.005775522008882428,560.7111210045655,-1.4767459111638945,-0.006133207326582679,937.0360637456932,0.5179311393655845,0.005778343952430043
case_003,2.44,5.163266860877244,14.972994640455777,2.0,0.5687388935457274,0.3448323000031982,354.14172544028213,376.32192746269266,True,439.7407895256641,-1.9436176949093684,-0.006235348032917365,793.8825149659463,1.0471827188962335,0.005775357911164403,560.7152556894047,-1.4767431507464792,-0.006133049576758254,937.0371831520973,0.5179370217741718,0.005778394334727821
case_003,2.46,5.163227711459516,14.97296532166166,2.0,0.5687340613645283,0.3448307240328841,354.13908919581905,376.3190825006101,True,439.7398029039793,-1.9436115588092875,-0.006235400380459388,793.8788920997983,1.047184720371434,0.005775203520255623,560.7191470875728,-1.4767405503477138,-0.006132900791698204,937.0382295881828,0.5179425677330701,0.00577844191975474
case_003,2.48,5.163190791944349,14.972937709688898,2.0,0.5687295050518945,0.3448292397790592,354.1366019773651,376.3163985146251,True,439.73887034979134,-1.9436057768729698,-0.006235449564106599,793.8754723271564,1.0471866107431171,0.005775058118883403,560.7228066649553,-1.4767380969996642,-0.006132760594470876,937.0392051795804,0.5179477956682261,0.005778486694444862
case_003,2.5,5.163155982159918,14.972911705196422,2.0,0.5687252082093923,0.3448278418822066,354.134256184184,376.3138671618757,True,439.7379874680297,-1.9436003261113197,-0.006235495870441032,793.8722436522137,1.0471883946117078,0.005774921074172545,560.7262466676048,-1.4767357800920657,-0.006132628599199497,937.0401138294804,0.5179527226147603,0.005778528701243679
case_003,2.52,5.163123171480474,14.972887214617302,2.0,0.5687211562559654,0.3448265253089521,354.1320448027505,376.3114807758028,True,439.73715107398453,-1.9435951862588252,-0.006235539542543744,793.869195876735,1.0471900763616335,0.00577479183512708,560.7294798341444,-1.4767335910531443,-0.00613250440526647,937.0409606099472,0.5179573645824511,0.0057785680353988345
case_003,2.54,5.163092255946256,14.97286414982322,2.0,0.5687173360100071,0.3448252853296888,354.12996117131826,376.30923211265474,True,439.73635889348446,-1.9435903393546157,-0.006235580780124761,793.8663200648027,1.0471916603985607,0.005774669923675202,560.7325190346519,-1.4767315229136744,-0.0061323875985140885,937.0417511473066,0.5179617368243542,0.005778604835006584
case_003,2.56,5.163063136174869,14.972842427809454,2.0,0.5687137353112429,0.3448241174970701,354.1279988221683,376.3071141760371,True,439.7356092496777,-1.9435857692734189,-0.006235619744159204,793.863608071846,1.0471931512732928,0.005774554922047759,560.7353769092159,-1.4767295698406946,-0.006132277757122662,937.042491085253,0.5179658540079681,0.00577863926721478
case_003,2.58,5.1630357160664175,14.972821970398632,2.0,0.5687103427146974,0.3448230176259384,354.126151397102,376.3051201169948,True,439.7349007800977,-1.9435814612742466,-0.006235656564219372,793.8610521771997,1.0471945537105378,0.005774446458983562,560.7380655587426,-1.4767277267073085,-0.006132174459887951,937.0431856757374,0.5179697303009693,0.005778671513536449
case_003,2.6,5.163009902201974,14.972802703961827,2.0,0.5687071472708534,0.3448219817750321,354.12441262352513,376.3032431980813,True,439.73423221137625,-1.9435774016136542,-0.006235691346849426,793.8586448349014,1.0471958725678288,0.005774344196712633,560.740596318459,-1.4767259887417081,-0.006132077294963678,937.0438395165403,0.5179733793908486,0.0057787017565028576
case_003,2.62,5.162985603775624,14.972784559155647,2.0,0.5687041383911617,0.34482100623059064,354.12277633422775,376.30147680495725,True,439.73360220393306,-1.9435735772492675,-0.006235724183646596,793.8563785381608,1.047197112751932,0.00577424782003455,560.7429796250962,-1.4767243512763084,-0.006131985867619816,937.0444564300534,0.5179768144607816,0.005778730169088753
case_003,2.64,5.1629627328770535,14.972767470674233,2.0,0.5687013057874257,0.3448200874918007,354.12123651320934,376.2998144876078,True,439.7330092662717,-1.943569975640586,-0.006235755158128131,793.8542457794811,1.0471982791177692,0.005774157028171467,560.7452249728898,-1.4767228095989677,-0.006131899806120278,937.0450394604976,0.5179800481430364,0.005778756907565241
case_003,2.66,5.162941204949974,14.972751377015173,2.0,0.5686986394673971,0.34481922225789713,354.1197873515616,376.2982500145823,True,439.73245172957525,-1.9435665846397014,-0.006235784350876072,793.8522390811369,1.0471993763700573,0.005774071529530578,560.7473409431682,-1.476721358894537,-0.00613181876532598,937.0455909577505,0.51798309246795,0.005778782107804581
case_003,2.68,5.162920939279771,14.9727362202586,2.0,0.5686961297667903,0.34481840741666026,354.11842330073625,376.2967774267769,True,439.73192776809594,-1.9435633924552211,-0.006235811842816519,793.8503510688322,1.0472004089817233,0.0057739910391006455,560.7493352865982,-1.4767199942565457,-0.0061317424280500354,937.0461127133751,0.5179859588216368,0.005778805884595117
case_003,2.7,5.162901859403105,14.972721945858696,2.0,0.5686937673989652,0.3448176400340282,354.1171391146141,376.2953910813202,True,439.7314354488572,-1.9435603876680865,-0.0062358377167749945,793.8485745634713,1.047201381136868,0.005773915277945962,560.7512150359014,-1.4767187107454278,-0.006131670504488207,937.0466061172216,0.5179886579204632,0.005778828333251662
case_003,2.72,5.162883893375032,14.972708502447068,2.0,0.5686915435067327,0.34481691734455405,354.1159298757697,376.29408568016106,True,439.7309727951086,-1.9435575592774734,-0.006235862057630992,793.8469026708783,1.0472022967005599,0.005773843974145876,560.7529866289775,-1.476717503470404,-0.006131602730213959,937.0470723091386,0.5179911998055869,0.005778849532705244
case_003,2.74,5.162866973867341,14.972695841647328,2.0,0.5686894497050512,0.3448162367424826,354.1147910048418,376.29285628168213,True,439.73053785052366,-1.9435548967574408,-0.006235884951486748,793.8453288553654,1.047203159213468,0.005773776864527236,560.7546560263141,-1.4767163676754982,-0.0061315388632902645,937.0475123079963,0.5179935938569992,0.005778869549285526
case_003,2.7600000000000002,5.162851038103849,14.972683917900428,2.0,0.5686874781079693,0.3448155957732742,354.1137182545792,376.29169829644616,True,439.73012873477205,-1.943552390109294,-0.006235906484275244,793.8438469893513,1.047203971906564,0.005773713696625937,560.7562288118062,-1.4767152988153158,-0.00613147868101388,937.0479271082523,0.5179958488238819,0.00577888844054103
case_003,2.7800000000000002,5.1628360276591465,14.97267268830014,2.0,0.5686856213373032,0.3448149921254616,354.1127076917832,376.2906074700944,True,439.7297436848734,-1.9435500298996804,-0.006235926740184861,793.8424513766566,1.0472047377297031,0.00577365423044518,560.7577102710526,-1.47671429261165,-0.006131421976720397,937.048317741147,0.5179979728665732,0.005778906258615157
case_003,2.8000000000000003,5.1628218881601,14.972662112438192,2.0,0.5686838725138477,0.34481442362277676,354.11175567117334,376.28957985740203,True,439.7293810802612,-1.94354780727937,-0.006235945800193099,793.8411367514345,1.0472054593877849,0.005773598239736055,560.7591054457454,-1.4767133450871235,-0.006131368556955119,937.0486853031474,0.5179999736050426,0.0057789230528920155
case_003,2.82,5.16280856893198,14.97265215225853,2.0,0.5686822252341684,0.34481388821653236,354.11085880528265,376.28861179158207,True,439.72903945217547,-1.9435457139818453,-0.0062359637409048485,793.8398982574581,1.047206139378836,0.0057735455126696755,560.7604191661071,-1.4767124525762882,-0.006131318239186223,937.0490309576892,0.5180018581691049,0.005778938871796757
case_003,2.84,5.16279602262863,14.972642771920166,2.0,0.5686806735372427,0.34481338397826045,354.110013933834,376.28769985255303,True,439.7287174800264,-1.9435437423039814,-0.006235980633791605,793.8387314138604,1.0472067800296574,0.005773495851892629,560.7616560655478,-1.4767116117175028,-0.006131270850122106,937.0493559181008,0.5180036332465394,0.005778953763779626
case_003,2.86,5.162784204877896,14.97263393766813,2.0,0.568679211865506,0.34481290909264345,354.1092180953999,376.2868408370639,True,439.72841397824027,-1.9435418850729598,-0.006235996544849909,793.8376320736402,1.0472073835261444,0.005773449074046977,560.7628205827081,-1.4767108194305987,-0.006131226224603492,937.049661419772,0.5180053051264277,0.005778967777608279
case_003,2.88,5.162773073964451,14.972625617712039,2.0,0.568677835024483,0.3448124618507616,354.1084685029827,376.28603173259614,True,439.7281278775325,-1.9435401356044697,-0.0062360115346312694,793.8365963805152,1.0472079519368194,0.005773405008887067,560.7639169561998,-1.47671007288592,-0.00613118420497627,937.0499486887959,0.5180068797362466,0.005778980962149294
case_003,2.9,5.16276259056199,14.972617782111788,2.0,0.5686765381443318,0.34481204064369003,354.107762524369,376.2852696960083,True,439.72785820410235,-1.9435384876571027,-0.006236025658562738,793.8356207284713,1.0472084872293825,0.0057733634981471105,560.7649492166247,-1.4767093694699052,-0.006131144640822206,937.050218912633,0.5180083626722822,0.005778993365832152
case_003,2.92,5.162752717517987,14.97261040266994,2.0,0.5686753166455836,0.3448116439564634,354.10709766729343,376.2845520371102,True,439.7276040596095,-1.94353693538717,-0.00623603896745778,793.834701726903,1.0472089912809899,0.0057733243943069446,560.7659211794956,-1.4767087067515214,-0.006131107388912593,937.0504732166058,0.5180097592238232,0.005779005035978002
case_003,2.94,5.162743419687742,14.972603452830374,2.0,0.5686741662103012,0.3448112703624152,354.10647156884056,376.28387620669446,True,439.72736460392514,-1.943535473307106,-0.006236051508119622,793.8338361727657,1.0472094658835294,0.005773287559379503,560.7668364413765,-1.4767080824525642,-0.006131072313265706,937.050712648071,0.5180110743920818,0.005779016018138405
case_003,2.96,5.162734663809525,14.972596907582881,2.0,0.5686730827589466,0.3448109185178891,354.10588198822467,376.2832397881634,True,439.7271390417023,-1.9435340962493788,-0.006236063323954377,793.833021029927,1.0472099127454282,0.005773252863809308,560.7676983804357,-1.4767074944235652,-0.006131039285210582,937.0509381685991,0.5180123129050987,0.005779026355546779
case_003,2.98,5.162726418410697,14.972590743373239,2.0,0.568672062432527,0.34481058715730706,354.10532680193353,376.2826404917945,True,439.7269266131043,-1.9435327993367533,-0.006236074455529428,793.8322534150378,1.0472103334914944,0.005773220185536776,560.7685101615656,-1.4767069406258935,-0.006131008183390074,937.0511506533601,0.5180134792299478,0.00577903608874164
case_003,3.0,5.162718653734292,14.972584938018516,2.0,0.5686711015791295,0.3448102750885741,354.1048040002567,376.2820761505794,True,439.7267265883443,-1.943531577958796,-0.006236084941039777,793.831530588601,1.0472107296620912,0.005773189409247759,560.7692747455222,-1.4767064191196992,-0.006130978893667038,937.0513508961017,0.5180145775833744,0.005779045255378423
case_003,3.02,5.1627113416765935,14.972579470627299,2.0,0.5686701967437324,0.3448099811887903,354.10431168436963,376.2815447168035,True,439.7265382653706,-1.9435304277538459,-0.0062360948166637065,793.8308499497402,1.0472111027126247,0.005773160425802781,560.7699949010575,-1.476705928056755,-0.006130951308922161,937.0515396178611,0.5180156119418181,0.005779053890218211
case_003,3.04,5.162704455728217,14.972574321524506,2.0,0.5686693446601526,0.34480970440024455,354.10384806334895,376.2810442586756,True,439.7263609697697,-1.9435293445953319,-0.006236104116809638,793.8302090331186,1.0472114540139597,0.005773133131819985,560.7706732188595,-1.4767054656769132,-0.006130925328753367,937.0517174775351,0.518016586051441,0.005779062025259463
case_003,3.06,5.162697970913715,14.97256947218058,2.0,0.5686685422441259,0.3448094437266596,354.1034114507224,376.28057295659346,True,439.72619405599215,-1.943528324581125,-0.00623611287426834,793.8296055067145,1.0472117848540443,0.0057731074293767,560.7713121261058,-1.476705030306827,-0.006130900859099786,937.0518850826993,0.5180175034385208,0.005779069689969718
case_003,3.08,5.162691863726804,14.972564905144777,2.0,0.5686677865867278,0.34480919822966455,354.1030002604293,376.28012909880374,True,439.72603690906885,-1.943527364024743,-0.006236121120291704,793.8290371694982,1.047212096440793,0.005773083225792008,560.7719139006797,-1.4767046203597354,-0.006130877811817426,937.0520429994834,0.5180183674203206,0.005779076911571368
case_003,3.1,5.162686112060541,14.972560603982338,2.0,0.5686670749476126,0.3448089670254713,354.1026130021286,376.2797110764717,True,439.72588894619867,-1.943526459447382,-0.006236128884622771,793.8285019483272,1.0472123899059846,0.005773060433453769,560.7724806842621,-1.4767042343353174,-0.0061308561042381915,937.0521917607338,0.5180191811163469,0.005779083715341804
case_003,3.12,5.162680695133114,14.972556553215314,2.0,0.5686664047477804,0.34480874928173977,354.10224827601877,376.27931737820654,True,439.725749617767,-1.943525607570035,-0.006236136195500119,793.8279978937858,1.04721266630992,0.005773038969661359,560.7730144939209,-1.476703870818975,-0.006130835658735623,937.0523318721274,0.5180199474598198,0.005779090124895581
case_003,3.14,5.16267559341092,14.972552738266838,2.0,0.5686657735618045,0.34480854421461254,354.1019047673655,376.27894658428613,True,439.7256184075914,-1.9435248053052459,-0.006236143079655643,793.8275231749569,1.047212926646476,0.005773018756464188,560.7735172319652,-1.4767035284801426,-0.006130816402319106,937.0524638162514,0.5180206692090946,0.0057790961624278325
case_003,3.16,5.162670788531056,14.972549145408646,2.0,0.5686651791096102,0.34480835108591196,354.10158124092106,376.27859736075084,True,439.7254948323565,-1.9435240497483153,-0.006236149562319437,793.8270760732776,1.0472131718482265,0.00577299972048273,560.7739906941653,-1.4767032060695715,-0.006130798266267168,937.0525880549161,0.5180213489587958,0.005779101848908508
case_003,3.18,5.162666263225304,14.972545761711656,2.0,0.5686646192479878,0.34480816920048946,354.10127653546914,376.27826845360767,True,439.72537844031734,-1.9435233381679606,-0.006236155667240895,793.8266549757865,1.047213402791361,0.005772981792708465,560.774436576491,-1.4767029024156406,-0.006130781185807455,937.0527050300987,0.5180219891504448,0.005779107204224976
case_003,3.2,5.162662001247412,14.972542574999444,2.0,0.5686640919620651,0.3448079979037196,354.10098955863555,376.27795868327644,True,439.725268809461,-1.9435226679965827,-0.006236161416728503,793.8262583680965,1.047213620300218,0.005772964908283884,560.7748564807022,-1.476702616419956,-0.006130765099841562,937.0528151639786,0.51802259208243,0.005779112247278229
case_003,3.22,5.162657987304854,14.972539573804418,2.0,0.5686635953569689,0.34480783657913355,354.10071928210084,376.2776669394468,True,439.7251655453074,-1.9435220368203883,-0.006236166831708523,793.8258848274082,1.0472138251513015,0.005772949006267958,560.7752519190577,-1.4767023470525085,-0.0061307499507120555,937.0529188585045,0.5180231599192227,0.005779116996041445
case_003,3.24,5.162654206996162,14.972536747326552,2.0,0.5686631276498615,0.344807684646187,354.1004647372249,376.27739217637884,True,439.72506827860684,-1.9435214423696268,-0.006236171931797485,793.8255330158318,1.047214018076772,0.005772934029395049,560.7756243184978,-1.476702093346702,-0.006130735684002964,937.0530164948766,0.518023694699836,0.005779121467592907
case_003,3.2600000000000002,5.1626506467536775,14.972534085394537,2.0,0.5686626871624929,0.34480754155815674,354.10022501115856,376.2771334086615,True,439.724976663046,-1.943520882509151,-0.006236176735385568,793.8252016742045,1.0472141997674134,0.005772919923834607,560.7759750245,-1.4767018543944948,-0.00613072224836736,937.0531084331615,0.5180241983455109,0.005779125678131991
case_003,3.2800000000000002,5.162647293791821,14.97253157842918,2.0,0.56866227231434,0.34480740680015914,354.0999992433668,376.27688970744487,True,439.72489037313915,-1.9435203552294977,-0.006236181259723805,793.824889616506,1.0472143708751596,0.005772906638959019,560.7763053048184,-1.4767016293418485,-0.00613070959537293,937.0531950122632,0.5180246726667437,0.005779129642990155
case_003,3.3000000000000003,5.162644136060331,14.972529217408939,2.0,0.5686618816163632,0.34480727988728804,354.0997866225241,376.27666019706305,True,439.72480910237937,-1.9435198586386315,-0.006236185521010629,793.8245957249035,1.0472145320152604,0.005772894127125117,560.776616353208,-1.4767014173846245,-0.006130697679359809,937.0532765502711,0.518025119369702,0.005779133376642542
case_003,3.3200000000000003,5.162641162201627,14.972526993837459,2.0,0.5686615136653499,0.3448071603628621,354.09958638372746,376.2764440519883,True,439.72473256165017,-1.9435193909543487,-0.00623618953447469,793.8243189453776,1.0472146837681706,0.005772882343471897,560.7769092931665,-1.4767012177649512,-0.006130686457305412,937.0533533451547,0.518025540062126,0.005779136892724301
case_003,3.34,5.162638361511959,14.972524899713028,2.0,0.5686611671387954,0.3448070477967765,354.09939780596386,376.2762404940647,True,439.72466047794916,-1.943518950497395,-0.0062361933144495785,793.824058283913,1.0472148266812822,0.005772871245737943,560.7771851817463,-1.476701029768096,-0.006130675888691706,937.053425675811,0.5180259362588336,0.005779140204056288
case_003,3.36,5.16263572390525,14.972522927499748,2.0,0.5686608407902469,0.3448069417839555,354.0992202097507,376.2760487899567,True,439.7245925933397,-1.9435185356852254,-0.006236196874440658,793.8238128030904,1.0472149612705237,0.005772860794096002,560.7774450133282,-1.4767008527197574,-0.006130665935375368,937.0534938032849,0.5180263093868636,0.005779143322677482
case_003,3.38,5.16263323987926,14.972521070100445,2.0,0.5686605334450285,0.3448068419428946,354.09905295491615,376.2758682487404,True,439.7245286641072,-1.9435181450263355,-0.006236200227182909,793.8235816190233,1.0472150880219104,0.005772850951004771,560.7776897233705,-1.4767006859837333,-0.006130656561458281,937.0535579721109,0.518026660790347,0.005779146259884904
case_003,3.4,5.1626309004835935,14.972519320831122,2.0,0.5686602439962769,0.34480674791429106,354.0988954385072,376.27569821962265,True,439.7244684600583,-1.94351777711507,-0.006236203384690608,793.8233638985655,1.047215207393079,0.005772841681076002,560.777920192045,-1.47670052895987,-0.006130647733159911,937.0536184116677,0.5180269917351414,0.005779149026278074
case_003,3.42,5.162628697289128,14.972517673396895,2.0,0.5686599714012256,0.34480665935975247,354.09874709273794,376.27553808974915,True,439.72441176390845,-1.9435174306268408,-0.006236206358300356,793.8231588566464,1.0472153198147713,0.005772832950952378,560.7781372476965,-1.4767003810822077,-0.0061306394186931845,937.0536753374456,0.5180273034132398,0.005779151631805424
case_003,3.44,5.162626622358875,14.972516121869353,2.0,0.5686597146776821,0.34480657596058323,354.09860738304764,376.275387282097,True,439.72435837073266,-1.9435171043136599,-0.006236209158707873,793.8229657537803,1.0472154256923503,0.005772824729196935,560.7783416701368,-1.4767002418172763,-0.006130631588143476,937.0537289522338,0.518027596947005,0.005779154085811644
case_003,3.46,5.162624668219868,14.972514660665215,2.0,0.5686594729006728,0.3448064974166406,354.0984758061957,376.27524525344404,True,439.7243080874185,-1.9435167969999332,-0.006236211796001256,793.8227838936142,1.047215525407249,0.005772816986188312,560.7785341936817,-1.476700110662456,-0.0061306242133538635,937.0537794471257,0.5180278733931925,0.005779156397082097
case_003,3.48,5.162622827836394,14.972513284526235,2.0,0.5686592451992275,0.3448064234452553,354.0983518884538,376.2751114923949,True,439.7242607321163,-1.9435165075784486,-0.006236214279691732,793.8226126205701,1.0472156193184041,0.005772809694022718,560.778715509987,-1.4766999871444022,-0.0061306172678161075,937.0538270023819,0.5180281337467828,0.005779158573884169
case_003,3.5,5.162621094584365,14.972511988500283,2.0,0.5686590307532995,0.34480635378021696,354.09823518385235,376.2749855175266,True,439.7242161336886,-1.9435162350065667,-0.006236216618742019,793.822451317541,1.0472157077636235,0.005772802826420065,560.7788862706371,-1.4766998708174863,-0.006130610726569008,937.0538717881637,0.5180283789446306,0.005779160624004964
case_003,3.52,5.162619462227012,14.97251076792352,2.0,0.5686588287908205,0.3448062881708158,354.098125272533,376.2748668755971,True,439.72417413114067,-1.9435159783025624,-0.006236218821594086,793.8222994036737,1.0472157910608968,0.005772796358634369,560.7790470895427,-1.4766997612622812,-0.006130604566103315,937.0539139651398,0.5180286098689028,0.005779162554784445
case_003,3.54,5.162617924891863,14.972509618403613,2.0,0.5686586385848871,0.34480622638094116,354.09802175916906,376.2747551398452,True,439.72413457305055,-1.943515736542121,-0.006236220896196187,793.8221563322196,1.0472158695096225,0.0057727902673669895,560.7791985451438,-1.47669965808406,-0.006130598764273909,937.053953684989,0.5180288273503261,0.0057791643731440745
case_003,3.56,5.162616477048934,14.972508535803934,2.0,0.5686584594510917,0.3448061681882303,354.09792427149563,376.274649908422,True,439.7240973169822,-1.943515508854989,-0.006236222850030115,793.8220215884778,1.0472159433917416,0.005772784530683084,560.7793411824257,-1.476699560911342,-0.006130593300219145,937.0539910908477,0.5180290321712322,0.005779166085612131
case_003,3.58,5.162615113490484,14.972507516228669,2.0,0.5686582907449937,0.3448061133832687,354.0978324589287,376.27455080287643,True,439.7240622289477,-1.9435152944218026,-0.0062362246901367935,793.8218946878764,1.0472160129728225,0.005772779127932892,560.7794755148423,-1.4766994693944975,-0.006130588154284966,937.0540263177187,0.518029225068425,0.005779167698346133
case_003,3.6,5.162613829311817,14.972506556008803,2.0,0.5686581318597408,0.34480606176883455,354.09774599126985,376.27445746677654,True,439.72402918285985,-1.9435150924710674,-0.006236226423142366,793.8217751741297,1.0472160785030302,0.005772774039675133,560.7796020260726,-1.476699383204414,-0.006130583307955462,937.0540594928491,0.5180294067358573,0.005779169217152769
case_003,3.62,5.162612619893355,14.972505651688907,2.0,0.5686579822238303,0.3448060131591886,354.0976645574993,376.2743695643993,True,439.7239980600256,-1.9435149022763063,-0.006236228055283066,793.8216626175249,1.0472161402180336,0.005772769247604725,560.779721171689,-1.476699302031228,-0.006130578743788084,937.0540907360883,0.5180295778271351,0.005779170647505605
case_003,3.64,5.162611480884049,14.972504800014722,2.0,0.5686578412990163,0.34480596737940544,354.09758786466193,376.2742867795198,True,439.72396874868593,-1.9435147231533876,-0.006236229592428533,793.8215566133479,1.0472161983398676,0.005772764734485791,560.7798333807663,-1.4766992255831581,-0.006130574445351866,937.0541201602861,0.5180297389578837,0.005779171994563181
case_003,3.66,5.162610408185613,14.972503997921432,2.0,0.5686577085783466,0.3448059242647428,354.09751563680146,376.2742088142702,True,439.72394114357013,-1.9435145544580075,-0.0062362310401049,793.8214567803716,1.0472162530776956,0.005772760484086592,560.7799390573605,-1.4766991535853924,-0.006130570397170909,937.0541478716307,0.5180298907079376,0.005779173263184334
case_003,3.68,5.162609397937882,14.972503242522645,2.0,0.5686575835843295,0.34480588366004944,354.09744761399236,376.27413538808196,True,439.7239151455036,-1.9435143955833396,-0.0062362324035154515,793.821362759496,1.0472163046285587,0.005772756481120467,560.7800385819568,-1.4766990857790745,-0.006130566584669539,937.0541739700387,0.5180300336234206,0.005779174457944569
case_003,3.7,5.1626084465050885,14.972502531100002,2.0,0.5686574658672171,0.34480584541920484,354.0973835514065,376.27406623669094,True,439.72389066104114,-1.9435142459578303,-0.0062362336875605995,793.8212742124476,1.0472163531780552,0.005772752711189433,560.7801323128288,-1.4766990219203564,-0.006130562994121125,937.0541985495197,0.5180301682186981,0.005779175583151608
case_003,3.72,5.162607550462849,14.972501861093392,2.0,0.5686573550033955,0.3448058094045953,354.0973232184529,376.27400111119493,True,439.7238676021288,-1.9435141050431393,-0.006236234896856208,793.8211908205817,1.0472163989009942,0.00577274916073206,560.7802205873255,-1.476698961779518,-0.0061305596125995065,937.0542216985205,0.5180302949782001,0.005779176642859929
case_003,3.74,5.16260670658603,14.972501230091751,2.0,0.5686572505938748,0.3448057754866179,354.0972663979528,376.2739397771635,True,439.7238458858001,-1.9435139723322084,-0.006236236035750353,793.8211122837529,1.0472164419620063,0.005772745816974512,560.7803037231141,-1.4766989051401558,-0.006130556427932199,937.0542435002776,0.5180304143581604,0.005779177640885758
case_003,3.7600000000000002,5.162605911837227,14.972500635824371,2.0,0.5686571522628652,0.3448057435432142,354.0972128853748,376.2738820138278,True,439.7238254338873,-1.943513847347448,-0.006236237108339204,793.8210383192621,1.047216482516131,0.005772742667884911,560.7803820193203,-1.4766988517984114,-0.006130553428657204,937.0542640331481,0.5180305267882516,0.00577917858082122
case_003,3.7800000000000002,5.162605163355898,14.972500076152736,2.0,0.5686570596564435,0.34480571345943134,354.09716248810145,376.27382761326714,True,439.7238061727467,-1.9435137296390377,-0.0062362381184817295,793.8209686608482,1.047216520709363,0.005772739702130381,560.7804557576329,-1.4766988015622642,-0.0061305506039811,937.0542833709001,0.5180306326731131,0.005779179466047446
case_003,3.8000000000000003,5.162604458448153,14.97249954906283,2.0,0.5686569724412888,0.34480568512700827,354.0971150247385,376.27377637967754,True,439.72378803301433,-1.9435136187833215,-0.006236239069813132,793.8209030577528,1.0472165566791811,0.005772736909036791,560.7805252033361,-1.4766987542508536,-0.006130547943739739,937.0543015830136,0.5180307323938175,0.0057791802997478325
case_003,3.8200000000000003,5.162603794577018,14.972499052657879,2.0,0.5686568903034889,0.3448056584439869,354.0970703244678,376.27372812866975,True,439.7237709493574,-1.9435135143812978,-0.006236239965757839,793.8208412738252,1.0472165905550417,0.005772734278550795,560.7805906062619,-1.4766987096938426,-0.0061305454383616675,937.0543187349316,0.5180308263092358,0.005779181084919649
case_003,3.84,5.162603169353368,14.972498585151534,2.0,0.568656812947419,0.34480563331434444,354.0970282264193,376.27368268659404,True,439.7237548602586,-1.943513416057199,-0.006236240809541105,793.8207830866779,1.0472166224588502,0.0057727318012041895,560.7806522017142,-1.4766986677308176,-0.0061305430788327064,937.0543348883083,0.5180309147573362,0.0057791818243857485
case_003,3.86,5.162602580527234,14.972498144861445,2.0,0.5686567400946776,0.34480560964764895,354.0969885791026,376.2736398899266,True,439.7237397077822,-1.9435133234571405,-0.006236241604200832,793.8207282868848,1.0472166525054027,0.00577272946807994,560.780710211305,-1.476698628210714,-0.006130540856663813,937.0543501012315,0.5180309980563986,0.0057791825208047265
case_003,3.88,5.162602025979731,14.972497730203191,2.0,0.5686566714830824,0.3448055873587326,354.0969512398503,376.27359958466513,True,439.723725437381,-1.9435132362478518,-0.006236242352597954,793.8206766772313,1.047216680802807,0.005772727270780487,560.7807648437606,-1.4766985909912762,-0.006130538763859883,937.0543644284257,0.5180310765061686,0.005779183176680747
case_003,3.9,5.1626015037154,14.972497339684598,2.0,0.5686566068657262,0.34480556636738646,354.09691607430835,376.27356162577837,True,439.72371199769447,-1.9435131541154818,-0.006236243057426538,793.8206280720028,1.0472167074528786,0.005772725201397766,560.780816295679,-1.4766985559385493,-0.006130536792890717,937.0543779214573,0.5180311503889417,0.005779183794373033
case_003,3.92,5.162601011854941,14.972496971900352,2.0,0.5686565460100843,0.3448055465980708,354.0968829559421,376.2735258766853,True,439.7236993403568,-1.9435130767644595,-0.006236243721223833,793.8205822962989,1.0472167325514976,0.00577272325248418,560.7808647522116,-1.4766985229263867,-0.0061305349366645445,937.054390628897,0.5180312199705751,0.005779184376103752
case_003,3.94,5.162600548628476,14.97249662552696,2.0,0.5686564886971747,0.34480552797964376,354.09685176558526,376.27349220874885,True,439.72368741982973,-1.9435130039164399,-0.006236244346378816,793.820539185415,1.047216756188973,0.005772721417026394,560.7809103877494,-1.4766984918360018,-0.006130533188501708,937.0544025964982,0.5180312855014515,0.005779184923966285
case_003,3.96,5.162600112369165,14.972496299317969,2.0,0.5686564347207659,0.3448055104451056,354.09682239100346,376.27346050081985,True,439.72367619322904,-1.9435129353092828,-0.006236244935141244,793.8204985842325,1.0472167784503545,0.005772719688419525,560.780953366534,-1.4766984625555268,-0.006130531542111295,937.0544138673539,0.5180313472173796,0.005779185439932444
case_003,3.98,5.162599701507161,14.972495992099494,2.0,0.5686563838866325,0.34480549393135634,354.0967947264999,376.27343063880676,True,439.7236656201673,-1.943512870696115,-0.006236245489629755,793.8204603466672,1.0472167994157477,0.0057727180604434936,560.7809938432439,-1.4766984349796093,-0.006130529991568379,937.0544244820506,0.5180314053404463,0.005779185925859631
case_003,4.0,5.162599314563956,14.972495702765986,2.0,0.5686563360118543,0.34480547837896997,354.09676867252153,376.2734025152506,True,439.72365566260737,-1.9435128098444356,-0.006236246011839475,793.8204243351289,1.0472168191605957,0.0057727165272402625,560.7810319635496,-1.4766984090090307,-0.006130528531292978,937.0544344788002,0.5180314600798076,0.005779186383496893
case_003,4.0200000000000005,5.162598950147159,14.972495430276258,2.0,0.5686562909241584,0.34480546373197996,354.09674413531275,376.2733760289435,True,439.72364628473144,-1.9435127525352842,-0.006236246503649123,793.8203904200442,1.047216837755958,0.0057727150832931895,560.7810678646522,-1.4766983845503525,-0.006130527156029408,937.0544438935957,0.5180315116324515,0.00577918681449191
case_003,4.04,5.162598606945353,14.972495173649733,2.0,0.5686562484612968,0.34480544993767775,354.0967210265718,376.2733510845742,True,439.7236374527986,-1.943512698562437,-0.006236246966828229,793.8203584793704,1.0472168552687553,0.005772713723406486,560.7811016757495,-1.4766983615155669,-0.006130525860828406,937.0544527603237,0.5180315601838975,0.005779187220396109
case_003,4.0600000000000005,5.162598283723458,14.972494931962926,2.0,0.5686562084704639,0.3448054369464233,354.096699263139,376.2733275923763,True,439.72362913502735,-1.9435126477316744,-0.0062362474030434045,793.8203283981663,1.0472168717620132,0.005772712442686734,560.7811335185146,-1.4766983398217843,-0.006130524641028867,937.0544611108909,0.5180316059088651,0.0057791876026704325
case_003,4.08,5.162597979318326,14.972494704346104,2.0,0.5686561708077494,0.34480542471146647,354.0966787666903,376.27330546780536,True,439.72362130149475,-1.9435125998600855,-0.006236247813863893,793.820300068185,1.047216887295091,0.005772711236525507,560.7811635075444,-1.4766983193909453,-0.006130523492240747,937.0544689753498,0.5180316489719057,0.00577918796269089
case_003,4.1,5.162597692634476,14.97249448998018,2.0,0.5686561353376164,0.3448054131887788,354.09665946346564,376.2732846312407,True,439.72361392400643,-1.9435125547753982,-0.006236248200768069,793.8202733874721,1.0472169019238915,0.00577271010058239,560.7811917507527,-1.4766983001495244,-0.006130522410330019,937.0544763819934,0.5180316895279887,0.005779188301753058
case_003,4.12,5.162597422640202,14.972494288093735,2.0,0.568656101932419,0.34480540233689433,354.0966412839973,376.2732650076996,True,439.72360697601187,-1.9435125123153674,-0.00623624856514815,793.8202482600092,1.0472169157010596,0.0057727090307695406,560.7812183497681,-1.4766982820282741,-0.006130521391403354,937.0544833574677,0.5180317277230625,0.005779188621077014
case_003,4.14,5.162597168363898,14.97249409796027,2.0,0.5686560704719417,0.3448053921167621,354.0966241628629,376.2732465265591,True,439.72360043250796,-1.9435124723271975,-0.006236248908315256,793.8202245953709,1.0472169286761797,0.005772708023237205,560.7812434003107,-1.4766982649619838,-0.006130520431793907,937.0544899268698,0.518031763694578,0.00577918892181184
case_003,4.16,5.162596928890502,14.972493918895577,2.0,0.5686560408429674,0.3448053824916039,354.09660803844895,376.27322912131353,True,439.7235942699442,-1.9435124346669825,-0.006236249231504343,793.8202023083932,1.0472169408959442,0.005772707074359562,560.7812669925208,-1.4766982488892317,-0.006130519528048606,937.0544961138344,0.5180317975719829,0.005779189205039559
case_003,4.18,5.1625967033582425,14.972493750255275,2.0,0.568656012938871,0.34480537342678264,354.09659285272966,376.2732127293277,True,439.72358846613946,-1.943512399199192,-0.006236249535878591,793.8201813188691,1.0472169524043267,0.005772706180721843,560.7812892112919,-1.4766982337521732,-0.006130518676915386,937.0545019406196,0.5180318294771887,0.005779189471779245
case_003,4.2,5.162596490955511,14.9724935914325,2.0,0.5686559866592351,0.34480536488967767,354.09657855105746,376.27319729161127,True,439.7235830002065,-1.943512365796192,-0.006236249822533346,793.8201615512639,1.0472169632427415,0.005772705339108064,560.7813101365791,-1.4766982194963343,-0.0061305178753314205,937.0545074281904,0.5180318595250077,0.005779189722990574
case_003,4.22,5.162596290917961,14.972493441855718,2.0,0.5686559619094884,0.34480535684956765,354.09656508196593,376.2731827526145,True,439.7235778524766,-1.9435123343377756,-0.006236250092500117,793.8201429344425,1.0472169734501906,0.005772704546489593,560.7813298436812,-1.4766982060704106,-0.006130517120412238,937.0545125962957,0.5180318878235712,0.0057791899595775464
case_003,4.24,5.162596102525747,14.972493300986669,2.0,0.5686559386005674,0.34480534927751944,354.0965523969878,376.27316906001454,True,439.72357300442195,-1.9435123047107346,-0.006236250346750627,793.8201254014098,1.0472169830634055,0.00577270380001399,560.7813484035139,-1.4766981934260865,-0.0061305164094413445,937.0545174635284,0.5180319144747106,0.005779190182391314
case_003,4.26,5.162595925100932,14.97249316831842,2.0,0.5686559166485925,0.3448053421462843,354.09654045047523,376.27315616453984,True,439.72356843859814,-1.943512276808453,-0.006236250586199754,793.8201088890734,1.0472169921169787,0.005772703096995013,560.7813658828672,-1.4766981815178597,-0.006130515739860232,937.0545220474071,0.5180319395743328,0.005779190392233735
case_003,4.28,5.162595758005043,14.97249304337356,2.0,0.5686558959745683,0.3448053354301999,354.09652919943693,376.2731440197854,True,439.72356413857386,-1.9435122505305233,-0.006236250811709254,793.8200933380108,1.0472170006434898,0.005772702434902688,560.7813823446419,-1.476698170302877,-0.006130515109259438,937.0545263644273,0.5180319632127596,0.005779190589859873
case_003,4.3,5.162595600636782,14.972492925702463,2.0,0.5686558765040984,0.34480532910509815,354.0965186033888,376.27313258204777,True,439.7235600888769,-1.9435122257823825,-0.006236251024090589,793.8200786922657,1.0472170086736232,0.005772701811354586,560.7813978480782,-1.4766981597407818,-0.006130514515369667,937.054530430126,0.5180319854750552,0.005779190775980936
case_003,4.32,5.162595452429855,14.972492814881683,2.0,0.5686558581671181,0.3448053231482173,354.0965086241987,376.27312181016885,True,439.72355627493425,-1.9435122024749718,-0.006236251224108091,793.820064899133,1.047217016236273,0.005772701224106724,560.7814124489686,-1.476698149793566,-0.00613051395605374,937.0545342591374,0.5180320064413325,0.005779190951266777
case_003,4.34,5.162595312850906,14.972492710512421,2.0,0.5686558408976397,0.34480531753812144,354.0964992259561,376.2731116653831,True,439.72355268302044,-1.9435121805244193,-0.006236251412481519,793.8200519089766,1.0472170233586549,0.0057727006710458495,560.7814261998539,-1.4766981404254347,-0.006130513429298934,937.054537865237,0.5180320261870386,0.005779191116348059
case_003,4.36,5.162595181397694,14.972492612219098,2.0,0.5686558246335194,0.3448053122546219,354.09649037484036,376.2731021111847,True,439.7235493002151,-1.9435121598517378,-0.006236251589888608,793.8200396750555,1.0472170300664019,0.005772700150181942,560.7814391502218,-1.4766981316026775,-0.0061305129332095976,937.0545412614065,0.5180320447832317,0.005779191271819029
case_003,4.38,5.162595057597135,14.972492519647998,2.0,0.5686558093162286,0.3448053072787057,354.0964820390008,376.2730931131939,True,439.7235461143402,-1.9435121403825313,-0.006236251756967903,793.820028153341,1.047217036383649,0.005772699659640446,560.7814513466718,-1.4766981232935437,-0.006130512466000604,937.0545444598657,0.5180320622968307,0.005779191418239071
case_003,4.4,5.162594941003741,14.972492432465998,2.0,0.5686557948906472,0.3448053025924665,354.09647418843844,376.2730846390273,True,439.7235431139341,-1.9435121220467413,-0.00623625191432059,793.8200173023725,1.0472170423331306,0.0057726991976561615,560.7814628330981,-1.4766981154681342,-0.00613051202599052,937.0545474721254,0.5180320787908606,0.005779191556135155
case_003,4.42,5.162594831197932,14.972492350359369,2.0,0.5686557813048645,0.34480529817904054,354.09646679490555,376.27307665819615,True,439.7235402881999,-1.943512104778386,-0.006236252062512826,793.8200070831055,1.0472170479362584,0.0057726987625667525,560.7814736508323,-1.4766981080982884,-0.006130511611596001,937.0545503090284,0.518032094324677,0.005779191686003604
case_003,4.44,5.162594727784556,14.972492273032639,2.0,0.5686557685099907,0.34480529402254595,354.09645983179195,376.27306914197345,True,439.7235376269669,-1.9435120885153219,-0.006236252202078019,793.8199974587588,1.0472170532131926,0.00577269835280636,560.7814838388025,-1.4766981011574853,-0.006130511221325852,937.054552980776,0.518032108954177,0.005779191808311601
case_003,4.46,5.1625946303914905,14.972492200207546,2.0,0.5686557564599818,0.344805290108025,354.0964532740453,376.273062063314,True,439.7235351206607,-1.9435120731990272,-0.006236252333518266,793.819988394706,1.0472170581829277,0.005772697966900664,560.7814934336753,-1.4766980946207497,-0.006130510853775473,937.0545554969893,0.5180321227320098,0.00577919192349946
case_003,4.48,5.162594538668235,14.972492131622026,2.0,0.5686557451114738,0.3448052864213911,354.09644709805895,376.2730553967458,True,439.7235327602628,-1.9435120587743824,-0.006236252457306579,793.8199798583217,1.0472170628633437,0.005772697603460664,560.7815024699735,-1.4766980884645544,-0.0061305105076223665,937.0545578667193,0.5180321357077553,0.005779192031981573
case_003,4.5,5.162594452284727,14.972492067029263,2.0,0.568655734423629,0.3448052829493778,354.0964412816162,376.2730491182749,True,439.7235305372759,-1.9435120451894818,-0.00623625257388849,793.8199718188921,1.0472170672712875,0.005772697261178739,560.7815109802182,-1.4766980826667486,-0.006130510181620807,937.0545600984931,0.5180321479281063,0.005779192134148292
case_003,4.5200000000000005,5.162594370930112,14.97249200619682,2.0,0.5686557243579865,0.3448052796794903,354.0964358037797,376.27304320531243,True,439.72352844370397,-1.9435120323954371,-0.006236252683683441,793.8199642474837,1.0472170714226177,0.005772696938822985,560.7815189950319,-1.4766980772064666,-0.006130509874597678,937.0545622003443,0.5180321594370404,0.00577919223036738
case_003,4.54,5.162594294311619,14.972491948905786,2.0,0.5686557148783236,0.3448052765999622,354.09643064484175,376.2730376365772,True,439.72352647200927,-1.943512020346209,-0.006236252787086616,793.819957116851,1.0472170753322756,0.0057726966352334985,560.7815265432567,-1.4766980720640606,-0.006130509585448141,937.054564179834,0.5180321702759724,0.005779192320985005
case_003,4.5600000000000005,5.162594222153517,14.972491894949995,2.0,0.568655705950527,0.34480527369971126,354.09642578623374,376.2730323920298,True,439.7235246150976,-1.9435120089984357,-0.006236252884470106,793.8199504013313,1.0472170790143278,0.0057726963493175965,560.7815336520543,-1.4766980672210237,-0.0061305093131316934,937.0545660440841,0.5180321804839059,0.005779192406327183
case_003,4.58,5.162594154196176,14.97249184413528,2.0,0.5686556975424689,0.3448052709683008,354.09642121047517,376.2730274528001,True,439.723522866289,-1.9435119983112825,-0.006236252976184298,793.8199440767642,1.0472170824820288,0.005772696080046658,560.7815403470088,-1.476698062659928,-0.006130509056668343,937.0545677998089,0.5180321900975791,0.005779192486701223
case_003,4.6000000000000005,5.162594090195023,14.972491796278788,2.0,0.5686556896238927,0.3448052683959016,354.0964169010963,376.27302280110814,True,439.7235212192877,-1.94351198824629,-0.006236253062559316,793.819938120384,1.0472170857478533,0.005772695826451457,560.7815466522123,-1.4766980583643607,-0.0061305088151351605,937.0545694533205,0.5180321991515833,0.005779192562396174
case_003,4.62,5.162594029919742,14.972491751208297,2.0,0.5686556821663028,0.3448052659732566,354.096412842592,376.2730184202205,True,439.72351966816854,-1.9435119787672395,-0.006236253143905912,793.8199325107605,1.0472170888235555,0.005772695587619503,560.7815525903502,-1.4766980543188617,-0.006130508587663119,937.0545710105707,0.518032207678501,0.005779192633684427
case_003,4.64,5.162593973153435,14.972491708761622,2.0,0.5686556751428626,0.34480526369164793,354.0964090203578,376.27301429436966,True,439.7235182073473,-1.9435119698400185,-0.0062362532205169074,793.8199272277051,1.0472170917202033,0.005772695362691371,560.7815581827949,-1.476698050508876,-0.006130508373433541,937.0545724771646,0.5180322157090175,0.005779192700822611
case_003,4.66,5.162593919691835,14.972491668786011,2.0,0.5686556685282975,0.3448052615428649,354.0964054206365,376.27301040870725,True,439.723516831571,-1.943511961432505,-0.006236253292667859,793.8199222522074,1.0472170944482204,0.0057726951508575985,560.7815634496735,-1.4766980469206914,-0.006130508171675431,937.0545738583808,0.5180322232720315,0.00577919276405231
case_003,4.68,5.162593869342527,14.972491631137615,2.0,0.5686556622988046,0.3448052595191751,354.09640203047667,376.27300674925414,True,439.7235155358838,-1.9435119535144392,-0.00623625336061856,793.8199175663605,1.047217097017423,0.00577269495135585,560.7815684099332,-1.4766980435413957,-0.006130507981662925,937.0545751591874,0.5180322303947579,0.005779192823601009
case_003,4.7,5.162593821924361,14.972491595680948,2.0,0.568655656431967,0.34480525761329595,354.09639883767903,376.2730033028371,True,439.7235143156266,-1.9435119460573298,-0.00623625342461348,793.8199131533056,1.0472170994370575,0.005772694763468311,560.781573081429,-1.4766980403588281,-0.006130507802712126,937.054576384266,0.5180322371028285,0.005779192879683037
case_003,4.72,5.1625937772666814,14.972491562288418,2.0,0.568655650906672,0.3448052558183691,354.0963958307508,376.27300005705547,True,439.7235131664104,-1.9435119390343445,-0.00623625348488277,793.8199089971612,1.0472171017158323,0.005772694586518801,560.7815774809716,-1.476698037361538,-0.006130507634178994,937.054577538027,0.5180322434203846,0.005779192932500232
case_003,4.74,5.16259373520878,14.972491530839863,2.0,0.5686556457030364,0.3448052541279354,354.09639299887453,376.27299700022945,True,439.7235120840934,-1.9435119324202046,-0.006236253541643588,793.8199050829679,1.0472171038619444,0.005772694419870494,560.7815816243889,-1.4766980345387353,-0.006130507475457292,937.0545786246183,0.5180322493701575,0.005779192982242554
case_003,4.76,5.162593695599311,14.972491501222107,2.0,0.5686556408023345,0.34480525253591165,354.0963903318572,376.27299412136017,True,439.72351106478555,-1.9435119261911145,-0.006236253595099939,793.8199013966428,1.0472171058831197,0.005772694262923761,560.7815855265945,-1.4766980318802654,-0.006130507325975643,937.0545796479547,0.5180322549735608,0.005779193029089136
case_003,4.78,5.162593658295737,14.972491473328574,2.0,0.5686556361869309,0.34480525103656867,354.0963878201035,376.2729914100877,True,439.7235101048167,-1.9435119203246538,-0.006236253645444334,793.8198979249202,1.04721710778663,0.0057726941151137745,560.7815892016298,-1.47669802937656,-0.006130507185196199,937.0545806117175,0.5180322602507573,0.005779193073208511
case_003,4.8,5.162593623163836,14.972491447058884,2.0,0.5686556318402168,0.34480524962451126,354.09638545457005,376.272988856652,True,439.72350920073563,-1.9435119147997157,-0.006236253692857852,793.8198946553057,1.0472171095793257,0.005772693975908683,560.7815926627206,-1.4766980270186092,-0.006130507052612366,937.0545815193726,0.5180322652207372,0.00577919311475944
case_003,4.82,5.162593590077151,14.972491422318509,2.0,0.56865562774655,0.344805248294658,354.09638322675283,376.2729864518676,True,439.72350834928346,-1.9435119095964146,-0.006236253737511188,793.8198915760363,1.0472171112676587,0.005772693844807553,560.7815959223211,-1.4766980247979293,-0.00613050692774697,937.0545823741887,0.5180322699013856,0.005779193153891415
case_003,4.84,5.1625935589166385,14.972491399018411,2.0,0.5686556238912001,0.3448052470422231,354.09638112862933,376.27298418708097,True,439.7235075473998,-1.943511904696029,-0.006236253779564993,793.8198886760291,1.0472171128577046,0.005772693721338595,560.7815989921615,-1.476698022706529,-0.006130506810150704,937.0545831792425,0.5180322743095472,0.00577919319074538
case_003,4.86,5.162593529570168,14.972491377074746,2.0,0.5686556202602923,0.3448052458626997,354.0963791526475,376.2729820541398,True,439.7235067921996,-1.9435119000809238,-0.00623625381917059,793.8198859448471,1.0472171143551836,0.005772693605057444,560.7816018832892,-1.4766980207368807,-0.0061305066994004065,937.054583937429,0.5180322784610837,0.005779193225453838
case_003,4.88,5.162593501932114,14.97249135640855,2.0,0.5686556168407606,0.34480524475184327,354.09637729170066,376.2729800453686,True,439.7235060809631,-1.94351189573449,-0.0062362538564705305,793.8198833726638,1.047217115765486,0.005772693495545711,560.7816046061058,-1.476698018881897,-0.006130506595097562,937.0545846514744,0.5180322823709338,0.005779193258141635
case_003,4.9,5.162593475903034,14.972491336945453,2.0,0.5686556136202998,0.34480524370565624,354.0963755390885,376.27297815354075,True,439.7235054111326,-1.943511891641088,-0.006236253891598986,793.8198809502211,1.047217117093686,0.005772693392409267,560.7816071704125,-1.4766980171349031,-0.00613050649686675,937.0545853239532,0.5180322860531702,0.005779193288926565
case_003,4.92,5.1625934513892675,14.972491318615415,2.0,0.5686556105873205,0.3448052427203737,354.09637388850814,376.27297637184677,True,439.72350478029733,-1.9435118877859872,-0.006236253924682411,793.8198786688055,1.0472171183445655,0.005772693295277076,560.7816095854366,-1.4766980154896105,-0.00613050640435453,937.0545859572834,0.5180322895210425,0.005779193317919318
case_003,4.94,5.162593428302595,14.972491301352473,2.0,0.5686556077309085,0.34480524179245026,354.0963723340149,376.27297469387634,True,439.72350418618754,-1.9435118841553136,-0.006236253955839821,793.8198765202025,1.047217119522623,0.005772693203799473,560.7816118598694,-1.4766980139401014,-0.006130506317227946,937.0545865537457,0.5180322927870309,0.005779193345224309
case_003,4.96,5.162593406559913,14.97249128509451,2.0,0.5686556050407846,0.34480524091854664,354.09637087002,376.27297311358734,True,439.7235036266617,-1.943511880736002,-0.00623625398518346,793.8198744966817,1.047217120632099,0.005772693117647276,560.7816140018929,-1.4766980124807978,-0.006130506235173527,937.0545871154802,0.5180322958628851,0.005779193370939573
case_003,4.98,5.1625933860830004,14.972491269783017,2.0,0.5686556025072684,0.3448052400955179,354.0963694912538,376.2729716252993,True,439.7235030997087,-1.9435118775157467,-0.006236254012818854,793.8198725909625,1.0472171216769863,0.005772693036510512,560.7816160192158,-1.4766980111064483,-0.00613050615789601,937.0545876445151,0.5180322987596769,0.005779193395157867
case_003,5.0,5.162593366798168,14.972491255362891,2.0,0.5686556001212435,0.3448052393204025,354.09636819275073,376.27297022365155,True,439.72350260343325,-1.943511874482963,-0.0062362540388454235,793.819870796184,1.0472171226610425,0.005772692960097137,560.7816179190984,-1.4766980098121076,-0.006130506085117282,937.0545881427499,0.5180323014878283,0.005779193417966233
