speed,case,kind,anti_dive,anti_squat,front_arb_nm_per_rad,rear_arb_nm_per_rad,valid,min_fz_n,max_fz_n,peak_abs_travel_mm,peak_front_bump_mm,peak_rear_bump_mm,peak_pitch_deg,peak_roll_deg,peak_abs_ax
15.0,long_AD0.00_AS0.00_brake,brake,0.0,0.0,4421.950180785536,0.0,True,453.2713568492391,852.7807780859628,22.06982842851729,22.06982842851729,3.7250120561164723,1.420248135573991,0.002014471461832927,7.908855834501331
15.0,long_AD0.00_AS0.00_drive,drive,0.0,0.0,4421.950180785536,0.0,True,427.10564886543466,896.0414973013178,14.95138931094181,3.5371581474135105,9.678907412539072,0.904507380650518,0.0012522695829139314,4.911906990499617
15.0,long_AD0.00_AS0.00_trail,trail,0.0,0.0,4421.950180785536,0.0,True,382.8954344108201,932.796067610526,23.315381465208564,23.315381465208564,7.0044922300355195,0.9147659502792876,0.8786465672070263,5.028806928867829
15.0,long_AD0.00_AS0.00_exit,exit,0.0,0.0,4421.950180785536,0.0,True,315.21127649397386,993.0374128055018,18.93875437303055,13.940118337214091,14.390218493023854,0.5452733127820713,1.2041548379463225,2.86515430360756
15.0,long_AD0.00_AS0.25_brake,brake,0.0,0.25,4421.950180785536,0.0,True,456.61635851585123,852.7011201025514,22.075543440334854,22.075543440334854,3.5609055545107737,1.3947320810351658,0.0019774193480897946,7.909567201969238
15.0,long_AD0.00_AS0.25_drive,drive,0.0,0.25,4421.950180785536,0.0,True,425.7234338279967,886.8590271389689,15.08424979605577,3.668759850051384,7.236126772195705,0.8150500457518005,0.0011094433221307462,4.9235013177206595
15.0,long_AD0.00_AS0.25_trail,trail,0.0,0.25,4421.950180785536,0.0,True,384.94332484839276,932.8273949308548,23.317436572052706,23.317436572052706,6.8990508911708215,0.8989879462777196,0.8780730304270654,5.029560805490596
15.0,long_AD0.00_AS0.25_exit,exit,0.0,0.25,4421.950180785536,0.0,True,314.0595464732853,989.982772408108,19.03850526865164,14.05912547400262,13.15113696175424,0.4900347820650715,1.2008859867842323,2.8712230946612474
15.0,long_AD0.00_AS0.50_brake,brake,0.0,0.5,4421.950180785536,0.0,True,459.930265091713,852.7611780704098,22.08353578208866,22.08353578208866,3.3958553231704935,1.3693672340921088,0.0019398212898886554,7.910314560887422
15.0,long_AD0.00_AS0.50_drive,drive,0.0,0.5,4421.950180785536,0.0,True,424.09508237647657,878.6321636469955,15.267361479936959,3.813980777083281,4.847179028789894,0.7262939402972929,0.0009669872171369845,4.934585311387993
15.0,long_AD0.00_AS0.50_trail,trail,0.0,0.5,4421.950180785536,0.0,True,386.89077117118904,932.869150069388,23.320423875810015,23.320423875810015,6.79384483954154,0.8832813342096295,0.8775018528603749,5.030326802879865
15.0,long_AD0.00_AS0.50_exit,exit,0.0,0.5,4421.950180785536,0.0,True,312.8417095632894,990.9755317085039,19.145739297334984,14.180370990893865,12.036014690799679,0.43519218737740656,1.19788959008154,2.8771048716328833
15.0,long_AD0.00_AS0.75_brake,brake,0.0,0.75,4421.950180785536,0.0,True,463.24851533262716,852.8375773108988,22.09155872405838,22.09155872405838,3.2313126991626584,1.3439905186144514,0.001902335556524318,7.911086483751771
15.0,long_AD0.00_AS0.75_drive,drive,0.0,0.75,4421.950180785536,0.0,True,421.8358327951967,872.357964895011,15.469724976747035,3.9848437718456586,2.5824815255054423,0.6382083773820447,0.0008344244840592478,4.945160895771997
15.0,long_AD0.00_AS0.75_trail,trail,0.0,0.75,4421.950180785536,0.0,True,388.81549049590325,932.9213935461972,23.324348871751944,23.324348871751944,6.688695113143517,0.8676464406751021,0.8770543164013331,5.031104851291142
15.0,long_AD0.00_AS0.75_exit,exit,0.0,0.75,4421.950180785536,0.0,True,311.55402122737615,992.2128002108242,19.259144317531952,14.302737643833275,11.741873048418562,0.3807449620944624,1.1954026348177136,2.8830627426983826
15.0,long_AD0.00_AS1.00_brake,brake,0.0,1.0,4421.950180785536,0.0,True,466.4727276215424,852.9392159222256,22.101735716953396,22.101735716953396,3.0663024058693034,1.3187546349644108,0.0018645117910464902,7.911895015812607
15.0,long_AD0.00_AS1.00_drive,drive,0.0,1.0,4421.950180785536,0.0,True,419.3517307446843,873.5389281562009,15.725912398207809,4.159003876554602,1.2403843201364562,0.5524128932893057,0.0007057109890336383,4.955233197280701
15.0,long_AD0.00_AS1.00_trail,trail,0.0,1.0,4421.950180785536,0.0,True,390.72958245945694,932.9841843583722,23.329216927090002,23.329216927090002,6.582511668367874,0.8520835843308847,0.8766157527692773,5.031894881764853
15.0,long_AD0.00_AS1.00_exit,exit,0.0,1.0,4421.950180785536,0.0,True,310.1959293945996,993.68533699377,19.378699217243668,14.43916971052528,11.881336525820906,0.32747933051152933,1.1935444015150567,2.8893575545895187
15.0,long_AD0.25_AS0.00_brake,brake,0.25,0.0,4421.950180785536,0.0,True,452.80808941761666,839.1472467241199,16.495044533100522,16.386675450152822,3.8396069488499385,1.2145728257472532,0.0017502567887212287,7.920220268053203
15.0,long_AD0.25_AS0.00_drive,drive,0.25,0.0,4421.950180785536,0.0,True,427.33074235423686,895.8417440097749,14.930300010757069,3.53300351806235,9.666731164037879,0.9032594768707527,0.0012518113478282645,4.9119635907564305
15.0,long_AD0.25_AS0.00_trail,trail,0.25,0.0,4421.950180785536,0.0,True,381.9925824167871,923.4193188284497,20.125825000205488,19.601588817663718,7.068980538800284,0.7791561183584057,0.8794294358787799,5.037377030311089
15.0,long_AD0.25_AS0.00_exit,exit,0.25,0.0,4421.950180785536,0.0,True,315.1156794515392,992.8917819247804,18.994659447765017,13.84474415051723,14.381219511294784,0.5473315720512164,1.203243895759043,2.8649864891037056
15.0,long_AD0.25_AS0.25_brake,brake,0.25,0.25,4421.950180785536,0.0,True,456.13866137942676,839.0767762332401,16.382898500259756,16.382898500259756,3.665276921307581,1.189115364940772,0.0017125492451218677,7.921096086978135
15.0,long_AD0.25_AS0.25_drive,drive,0.25,0.25,4421.950180785536,0.0,True,425.96105313589334,886.662307334328,15.063405370665306,3.66431927771832,7.2241232451144555,0.813817577535939,0.0011090310523009085,4.92355362817074
15.0,long_AD0.25_AS0.25_trail,trail,0.25,0.25,4421.950180785536,0.0,True,384.03661813116827,923.3758213276695,19.696544167850107,19.59821604317402,6.9632626859844615,0.7634021833427583,0.8786733950433373,5.03819672137218
15.0,long_AD0.25_AS0.25_exit,exit,0.25,0.25,4421.950180785536,0.0,True,313.9669171782788,989.9285259446117,19.094056096723712,13.963488219437824,13.147294516605845,0.49210582173346684,1.2000031271644103,2.8710583437190866
15.0,long_AD0.25_AS0.50_brake,brake,0.25,0.5,4421.950180785536,0.0,True,459.46171697621367,839.0150934842295,16.379940898829382,16.379940898829382,3.49118124255271,1.1637076356014657,0.0016747517195780035,7.921999799274074
15.0,long_AD0.25_AS0.50_drive,drive,0.25,0.5,4421.950180785536,0.0,True,424.32964691698123,878.4561904185271,15.245548930533259,3.8073807053787823,4.836345743041093,0.7250772949733184,0.0009666264262611467,4.934633458584948
15.0,long_AD0.25_AS0.50_trail,trail,0.25,0.5,4421.950180785536,0.0,True,386.07002582756985,923.3425846826609,19.59789964507025,19.59789964507025,6.857629412289956,0.7477196833505779,0.8780744731042054,5.039028409779924
15.0,long_AD0.25_AS0.50_exit,exit,0.25,0.5,4421.950180785536,0.0,True,312.74945347556513,990.9252145969263,19.201143640717344,14.08399959793888,12.032384206167535,0.43727539152506656,1.1970330625561487,2.8769433118358214
15.0,long_AD0.25_AS0.75_brake,brake,0.25,0.75,4421.950180785536,0.0,True,462.75677310658693,838.9758959880384,16.37889190319153,16.37889190319153,3.320942481332023,1.1384302879516737,0.00163693560622208,7.922939659079131
15.0,long_AD0.25_AS0.75_drive,drive,0.25,0.75,4421.950180785536,0.0,True,422.0821708364607,872.221266146525,15.448129154571777,3.9783047546250727,2.573885156335387,0.6370067464757115,0.0008350455190524176,4.945205029472211
15.0,long_AD0.25_AS0.75_trail,trail,0.25,0.75,4421.950180785536,0.0,True,388.092741548332,923.3196495349221,19.60213862354149,19.60213862354149,6.752113309588525,0.732108940977527,0.877559604698093,5.039872026055376
15.0,long_AD0.25_AS0.75_exit,exit,0.25,0.75,4421.950180785536,0.0,True,311.46320029374067,992.1745503730056,19.31434729359921,14.205945741042614,11.743902927259187,0.38283987068733183,1.1945546032522782,2.882886301005771
15.0,long_AD0.25_AS1.00_brake,brake,0.25,1.0,4421.950180785536,0.0,True,466.05687422098987,838.9356527504361,16.38684807202556,16.38684807202556,3.156910153296111,1.1131497493584683,0.0015995685080873972,7.923906349471556
15.0,long_AD0.25_AS1.00_drive,drive,0.25,1.0,4421.950180785536,0.0,True,419.59585746676515,873.4054000787335,15.703378872481466,4.152511938323333,1.250312970838774,0.5511462213728004,0.0007063581061939026,4.955273455838316
15.0,long_AD0.25_AS1.00_trail,trail,0.25,1.0,4421.950180785536,0.0,True,390.10470317691943,923.3070551080583,19.607322887024438,19.607322887024438,6.646669782118641,0.7165702702047938,0.8771327430831425,5.04072750142172
15.0,long_AD0.25_AS1.00_exit,exit,0.25,1.0,4421.950180785536,0.0,True,310.11121994219116,993.6559202938745,19.43349211070228,14.340335850037523,11.884160381719244,0.3295784381903264,1.1927378397475956,2.88918507946871
15.0,long_AD0.50_AS0.00_brake,brake,0.5,0.0,4421.950180785536,0.0,True,450.8912434611879,826.5735496467541,16.647427943827676,10.815624210411157,3.981548420606995,1.0104081214518412,0.001484313628737621,7.9320432284415086
15.0,long_AD0.50_AS0.00_drive,drive,0.5,0.0,4421.950180785536,0.0,True,427.5556356800906,895.6421548281006,14.909231176529536,3.5278765034529314,9.654565313032881,0.902012736834232,0.001251352019573332,4.9120201512013955
15.0,long_AD0.50_AS0.00_trail,trail,0.5,0.0,4421.950180785536,0.0,True,380.70333696676084,914.7371583942447,20.25206706985361,15.973420023084884,7.155228733930152,0.6445521073859046,0.8804532441197176,5.046138061911662
15.0,long_AD0.50_AS0.00_exit,exit,0.5,0.0,4421.950180785536,0.0,True,315.02041549693024,992.74497734257,19.05051221358345,13.74980883553578,14.372150136139183,0.5493810375119056,1.2023414267361818,2.8648188006555335
15.0,long_AD0.50_AS0.25_brake,brake,0.5,0.25,4421.950180785536,0.0,True,454.3765662477189,826.3859799321549,15.952956957596076,10.802588744806219,3.8079896733902996,0.9850046649642892,0.0014469645614792477,7.93308089401282
15.0,long_AD0.50_AS0.25_drive,drive,0.5,0.25,4421.950180785536,0.0,True,426.19844100241073,886.4657604529461,15.042581894654127,3.6593981046781354,7.2121305373392115,0.8125863043507214,0.0011086180625838288,4.923605902305662
15.0,long_AD0.50_AS0.25_trail,trail,0.5,0.25,4421.950180785536,0.0,True,382.80134838195613,914.6164015662482,19.81907513693848,15.964488118104914,7.044607078564802,0.6288212694674375,0.8795116141185394,5.047023217902344
15.0,long_AD0.50_AS0.25_exit,exit,0.5,0.25,4421.950180785536,0.0,True,313.87466026494496,989.8731017439774,19.149519118964843,13.86864363892476,13.143378623880652,0.49416794680632925,1.1991310298317872,2.8708937383221054
15.0,long_AD0.50_AS0.50_brake,brake,0.5,0.5,4421.950180785536,0.0,True,457.8493525358455,826.2098879851198,15.259265833264646,10.790582161132267,3.6338993106848627,0.9596695328043514,0.0014092552796439394,7.934146025469657
15.0,long_AD0.50_AS0.50_drive,drive,0.5,0.5,4421.950180785536,0.0,True,424.564055240001,878.2803069296577,15.223753850690247,3.8007520014035623,4.825518808165674,0.7238615125808274,0.0009662631522057956,4.934681577050957
15.0,long_AD0.50_AS0.50_trail,trail,0.5,0.5,4421.950180785536,0.0,True,384.888752406461,914.5056173684554,19.386764276963063,15.956672953609141,6.934163918702163,0.6131618796416314,0.8787370586770972,5.047920260433568
15.0,long_AD0.50_AS0.50_exit,exit,0.5,0.5,4421.950180785536,0.0,True,312.6588543424603,990.8804943165668,19.256413332242982,13.988617161488525,12.028699923878284,0.4393550030159882,1.1961876436928027,2.876783371073905
15.0,long_AD0.50_AS0.75_brake,brake,0.5,0.75,4421.950180785536,0.0,True,461.3173773963161,826.0402960346477,14.56594042592496,10.779228202871472,3.4604194499014973,0.9343733137196092,0.0013716150146934226,7.935245275328827
15.0,long_AD0.50_AS0.75_drive,drive,0.5,0.75,4421.950180785536,0.0,True,422.3282725267131,872.0846655081958,15.426554695472827,3.9717329980329397,2.565295221505559,0.6358062170537037,0.0008356581486171278,4.94524913191692
15.0,long_AD0.50_AS0.75_trail,trail,0.5,0.75,4421.950180785536,0.0,True,386.96546303195873,914.4048280225488,18.955140128121716,15.955385409041567,6.823899842813564,0.5975742580578123,0.8780741360070867,5.0488291203534015
15.0,long_AD0.50_AS0.75_exit,exit,0.5,0.75,4421.950180785536,0.0,True,311.37728285847925,992.1350938503599,19.369284582455403,14.110202081292488,11.745647782047842,0.38492480092069875,1.1937328711446087,2.882708831057886
15.0,long_AD0.50_AS1.00_brake,brake,0.5,1.0,4421.950180785536,0.0,True,464.75739620205644,825.8907897131817,13.874240465434173,10.778258535879992,3.2873645934881623,0.9092021552067664,0.0013339903104304656,7.9363765259735315
15.0,long_AD0.50_AS1.00_drive,drive,0.5,1.0,4421.950180785536,0.0,True,419.8393737150971,873.2723468514612,15.680868272346105,4.145986301576032,1.260205996799102,0.54988074745937,0.0007069967817115653,4.955313685822636
15.0,long_AD0.50_AS1.00_trail,trail,0.5,1.0,4421.950180785536,0.0,True,389.002400561611,914.3140545967735,18.524208194219348,15.955003928557254,6.7135429118664325,0.5820587162034193,0.877643025157819,5.049749729212235
15.0,long_AD0.50_AS1.00_exit,exit,0.5,1.0,4421.950180785536,0.0,True,310.02293403445793,993.6257675754106,19.48837450854468,14.24298744830793,11.88709692020945,0.3316701345721769,1.1919489052280021,2.889017702111143
15.0,long_AD0.75_AS0.00_brake,brake,0.75,0.0,4421.950180785536,0.0,True,448.0372763251185,816.7830542306649,16.86363430306026,5.496569101150928,4.130512424330657,0.8078574879794211,0.0012181610147148512,7.944319193928685
15.0,long_AD0.75_AS0.00_drive,drive,0.75,0.0,4421.950180785536,0.0,True,427.7803286669254,895.4427298473099,14.888182833015073,3.5240973500778594,9.642409867578694,0.9007671618083526,0.001250891590997311,4.912076671859071
15.0,long_AD0.75_AS0.00_trail,trail,0.75,0.0,4421.950180785536,0.0,True,378.6545879580929,907.431169999091,20.407055165058917,12.492348502982697,7.25449781299109,0.5109862938128005,0.8819819306706038,5.05508248394038
15.0,long_AD0.75_AS0.00_exit,exit,0.75,0.0,4421.950180785536,0.0,True,314.92807029008776,992.5969946473355,19.10615618806838,13.655408144268522,14.363010145560462,0.5514217283057842,1.2014463437814449,2.864651247196074
15.0,long_AD0.75_AS0.25_brake,brake,0.75,0.25,4421.950180785536,0.0,True,451.61288629415793,816.3770450489703,16.163322688463822,5.465982080993081,3.952292126605139,0.7824345005240138,0.0011805264402728597,7.945514459216528
15.0,long_AD0.75_AS0.25_drive,drive,0.75,0.25,4421.950180785536,0.0,True,426.4355980095017,886.2693857413617,15.021779324550455,3.6556222335575317,7.200148612685475,0.8113562234380998,0.0011082043242908917,4.923658139930574
15.0,long_AD0.75_AS0.25_trail,trail,0.75,0.25,4421.950180785536,0.0,True,380.74927438273045,907.2350129861218,19.972694945885216,12.47797224535746,7.143854977006148,0.49526950638772277,0.880856993401322,5.056032752845489
15.0,long_AD0.75_AS0.25_exit,exit,0.75,0.25,4421.950180785536,0.0,True,313.7843623629872,989.8164984308382,19.20482884548752,13.773928591334029,13.139389252968314,0.49622118231539664,1.1982637738491968,2.8707292842830445
15.0,long_AD0.75_AS0.50_brake,brake,0.75,0.5,4421.950180785536,0.0,True,455.1742366704965,815.9811724749328,15.463883487827623,5.4363159439442255,3.778529417771681,0.7570845125087917,0.0011431345088843395,7.946740441329603
15.0,long_AD0.75_AS0.50_drive,drive,0.75,0.5,4421.950180785536,0.0,True,424.7982462880438,878.1045621987784,15.201980662335856,3.7940946061713055,4.814700723089038,0.7226468543541471,0.0009658989185453399,4.9347296614344405
15.0,long_AD0.75_AS0.50_trail,trail,0.75,0.5,4421.950180785536,0.0,True,382.8333295762076,907.0484001359569,19.53901722919804,12.464404313319577,7.033371157060875,0.47961971027301953,0.8797929930281648,5.056994791926815
15.0,long_AD0.75_AS0.50_exit,exit,0.75,0.5,4421.950180785536,0.0,True,312.57110636596485,990.8366052992795,19.311482716533877,13.893756800629431,12.025101959342365,0.4414227269154664,1.1953487139561503,2.8766273191026177
15.0,long_AD0.75_AS0.75_brake,brake,0.75,0.75,4421.950180785536,0.0,True,458.70880300807374,815.6009064988244,14.766008164597,5.407973405117783,3.604548912372385,0.7318492770935076,0.0011053565321873734,7.948000534702855
15.0,long_AD0.75_AS0.75_drive,drive,0.75,0.75,4421.950180785536,0.0,True,422.5741375914672,871.9481629818838,15.405001627089243,3.965128935370432,2.5567117222262126,0.634606790188769,0.0008362623925803783,4.945293203127626
15.0,long_AD0.75_AS0.75_trail,trail,0.75,0.75,4421.950180785536,0.0,True,384.90666786212137,906.8713375732319,19.106028797160945,12.451645974751068,6.9229028786718665,0.46403712837729866,0.878818599480456,5.057968532470976
15.0,long_AD0.75_AS0.75_exit,exit,0.75,0.75,4421.950180785536,0.0,True,311.28821770467016,992.0945836969497,19.42425581193413,14.015180624889545,11.747309213973434,0.38700159489055885,1.1929233826022385,2.882532760505034
15.0,long_AD0.75_AS1.00_brake,brake,0.75,1.0,4421.950180785536,0.0,True,462.2167456558436,815.2362973838103,14.069691748684942,5.3809605575309005,3.4313248754328507,0.7067294782385137,0.0010677119935220405,7.949292791214485
15.0,long_AD0.75_AS1.00_drive,drive,0.75,1.0,4421.950180785536,0.0,True,420.08265849512446,873.1397655170741,15.65838063131203,4.139427411981811,1.2700632940362278,0.5486164729120259,0.0007076270377577618,4.955353887253989
15.0,long_AD0.75_AS1.00_trail,trail,0.75,1.0,4421.950180785536,0.0,True,386.9692056770816,906.7038305280917,18.673736283262798,12.439698415792844,6.813045008202123,0.4485219765356531,0.8781463787383357,5.058953906464728
15.0,long_AD0.75_AS1.00_exit,exit,0.75,1.0,4421.950180785536,0.0,True,309.94105613811865,993.5939204682081,19.542900442443557,14.145523304167574,11.88963910369073,0.3337466263180669,1.1911590218146004,2.88884105223142
15.0,long_AD1.00_AS0.00_brake,brake,1.0,0.0,4421.950180785536,0.0,True,443.85869483347443,819.5167022829231,17.142493170853424,1.9731875045049807,4.330549813822248,0.6066976428603905,0.0009542646959222346,7.957032987311382
15.0,long_AD1.00_AS0.00_drive,drive,1.0,0.0,4421.950180785536,0.0,True,428.00482113968866,895.2434691578318,14.867155004824884,3.5185758678434875,9.630264835683244,0.8995227530532505,0.001250430054993201,4.912133152754041
15.0,long_AD1.00_AS0.00_trail,trail,1.0,0.0,4421.950180785536,0.0,True,375.8269451827317,902.1766346064752,20.606035109441645,9.291098623133765,7.371903257469892,0.3788598441045056,0.8842645257041862,5.06421139339463
15.0,long_AD1.00_AS0.00_exit,exit,1.0,0.0,4421.950180785536,0.0,True,314.83833413979056,992.4662719920068,19.1616108014937,13.561523358050886,14.353799377528675,0.5534536652260615,1.200558678795341,2.8644838368021386
15.0,long_AD1.00_AS0.25_brake,brake,1.0,0.25,4421.950180785536,0.0,True,447.43741206319896,818.72666026841,16.44103660000934,1.9092328623703803,4.1520153565366975,0.5812859777506549,0.0009169208664913207,7.958388412031222
15.0,long_AD1.00_AS0.25_drive,drive,1.0,0.25,4421.950180785536,0.0,True,426.6725246620934,886.0731825238403,15.000997623159707,3.6508631944612846,7.1881774390032405,0.8101273324128201,0.0011077898104744758,4.923710340882184
15.0,long_AD1.00_AS0.25_trail,trail,1.0,0.25,4421.950180785536,0.0,True,377.93538251295524,901.9069174022704,20.1718380573952,9.266963269277396,7.259583569773797,0.36316601665995624,0.8829656782843477,5.065226172580092
15.0,long_AD1.00_AS0.25_exit,exit,1.0,0.25,4421.950180785536,0.0,True,313.696043281109,989.7587146497168,19.259985839079953,13.679474239126964,13.135326373409917,0.4982655536749567,1.1974022791492047,2.8705649869141365
15.0,long_AD1.00_AS0.50_brake,brake,1.0,0.5,4421.950180785536,0.0,True,450.97948248247747,817.9531842129215,15.74158484692928,1.8443229703561936,3.975008860155227,0.5560052999736343,0.000879800569264596,7.959775247890505
15.0,long_AD1.00_AS0.50_drive,drive,1.0,0.5,4421.950180785536,0.0,True,425.03221984198456,877.9289562723336,15.180229394464561,3.7874085594412077,4.803891492569434,0.7214333214429047,0.0009655337184780306,4.934777711756678
15.0,long_AD1.00_AS0.50_trail,trail,1.0,0.5,4421.950180785536,0.0,True,380.0332963424602,901.6505893072635,19.73832328405889,9.243521310513259,7.146931961369396,0.34753924517885154,0.8816371452253665,5.066252579273615
15.0,long_AD1.00_AS0.50_exit,exit,1.0,0.5,4421.950180785536,0.0,True,312.48467693309766,990.7913304281125,19.366426289200323,13.79922831617092,12.021698300435702,0.4434782654811805,1.1945162863341583,2.8764636957451546
15.0,long_AD1.00_AS0.75_brake,brake,1.0,0.75,4421.950180785536,0.0,True,454.5078502692056,817.1914940133155,15.043032319000671,1.777697904117137,3.7971859646220296,0.5308010526322182,0.0008422663728767935,7.961194890842448
15.0,long_AD1.00_AS0.75_drive,drive,1.0,0.75,4421.950180785536,0.0,True,422.8197657579711,871.8117585693108,15.383469976883891,3.95849299717288,2.5481346596931687,0.6334084669468039,0.0008368582709063026,4.94533724312583
15.0,long_AD1.00_AS0.75_trail,trail,1.0,0.75,4421.950180785536,0.0,True,382.1205794475045,901.4032248002164,19.30549753921501,9.22077208994121,7.035326164557432,0.3319797489571844,0.8803605779721151,5.067290545534069
15.0,long_AD1.00_AS0.75_exit,exit,1.0,0.75,4421.950180785536,0.0,True,311.20734482732956,992.0529323492242,19.478820301350673,13.920417622048042,11.748661709303388,0.38906926761227706,1.1921152646456978,2.882356847809908
15.0,long_AD1.00_AS1.00_brake,brake,1.0,1.0,4421.950180785536,0.0,True,458.0237103497905,816.4407811199482,14.345326285119864,1.7102361585525916,3.620963791333698,0.5056703222287281,0.0008049743027422033,7.962643231228837
15.0,long_AD1.00_AS1.00_drive,drive,1.0,1.0,4421.950180785536,0.0,True,420.3257115479434,873.0076531109178,15.635915982689209,4.132835712510053,1.2798847621316445,0.547353399085721,0.0007082488966916404,4.955394060152684
15.0,long_AD1.00_AS1.00_trail,trail,1.0,1.0,4421.950180785536,0.0,True,384.1971269330652,901.1648164872471,18.873367424355525,9.198714905019278,6.923455408911483,0.3164877402139194,0.8791607938437009,5.068340004280974
15.0,long_AD1.00_AS1.00_exit,exit,1.0,1.0,4421.950180785536,0.0,True,309.8584071527232,993.5613978406839,19.59739610008554,14.04929950604117,11.892217339588784,0.33581630934663953,1.190383333045929,2.8886704923860225
