speed,anti_dive,anti_squat,dt,rtol,case,kind,front_arb_nm_per_rad,rear_arb_nm_per_rad,valid,min_fz_n,max_fz_n,peak_abs_travel_mm,peak_front_bump_mm,peak_rear_bump_mm,peak_pitch_deg,peak_roll_deg,peak_abs_ax,ay_final,ay_t90_s,ay_rise_10_90_s,ay_overshoot_pct,ay_settling_2pct_s,yaw_final,yaw_t90_s,yaw_rise_10_90_s,yaw_overshoot_pct,yaw_settling_2pct_s,turnin_mean_t90_ms,yaw_t90_ms,worst_overshoot_pct,worst_settling_ms,max_speed_error_mps,front_rc_mm,rear_rc_mm,tune,lltd,arb_total
10,0,0,0.00125,1e-10,fine_baseline_10,steer,4421.950180785536,0.0,True,499.782135014497,826.9999999499876,5.405698396229896,5.244517823763617,4.970527948156834,0.0032520561362370816,0.49021480591210953,0.05004479849577914,2.277333412901166,0.11648875040528983,0.10934622820059392,15.025929831272178,0.37749999999999995,0.2278624579246836,0.1545482606105706,0.12533103906781462,0.1370382414177529,0.18874999999999997,135.5185055079302,154.5482606105706,15.025929831272178,377.49999999999994,0.005240600394579076,,,,,
15,0,0,0.00125,1e-10,fine_baseline_15,steer,4421.950180785536,0.0,True,418.23070257232393,898.188731221139,10.444644027266637,9.195900906277032,8.73515729669716,0.0061719557078569595,0.8891340426608471,0.0771900515795504,5.177429477230301,0.19457669726544857,0.17678886953582085,0.37719069624111423,0.25,0.34580739189645004,0.17115129155543585,0.1368312098577955,0.20833555531205583,0.22625000000000006,182.86399441044222,171.15129155543585,0.37719069624111423,250.0,0.02800602743658942,,,,,
20,0,0,0.00125,1e-10,fine_baseline_20,steer,4421.950180785536,0.0,True,272.3071914433264,1017.0373776400639,19.579500778356575,14.684236305519738,14.702996743351793,0.040436493157632994,1.5672269206253782,0.14283043552536998,9.16057436406347,0.2781338086723939,0.24667989393523793,1.2065370720302449,0.39250000000000007,0.4603739413602091,0.18947162335468493,0.15098337676366902,1.2392374936626371,0.25125,233.80271601353942,189.47162335468494,1.2392374936626371,392.50000000000006,0.09956978835105446,,,,,
15.0,0,0,0.00125,1e-10,fine_baseline_brake,brake,4421.950180785536,0.0,True,453.25192667390866,852.9687002336558,22.071305248716367,22.071305248716367,3.7310077341620174,1.4213924300018623,0.0020149760757131683,7.90885559980318,,,,,,,,,,,,,,,,,,,,
15.0,0,0,0.00125,1e-10,fine_baseline_drive,drive,4421.950180785536,0.0,True,427.0054331129261,896.0988184946402,14.95181838910925,3.538215751861473,9.683921178665955,0.9047358946229174,0.0012522944379180774,4.911906797016965,,,,,,,,,,,,,,,,,,,,
15.0,0,0,0.00125,1e-10,fine_baseline_trail,trail,4421.950180785536,0.0,True,382.755412622644,932.9163460476423,23.315413177973976,23.315413177973976,7.005279199564562,0.9148789814627586,0.8786868384472871,5.028805101157577,,,,,,,,,,,,,,,,,,,,
15.0,0,0,0.00125,1e-10,fine_baseline_exit,exit,4421.950180785536,0.0,True,315.1954658080024,993.1961775600888,18.941749501176773,13.940458133420098,14.390993503496375,0.5453321686103604,1.2041741505847987,2.8651463210577743,,,,,,,,,,,,,,,,,,,,
10,0,0,0.00125,1e-10,fine_fast_10,steer,3157.711888324125,1264.2382924614108,True,501.8021648269261,826.2910569201235,5.364266421367725,4.933280791336314,4.82236374891859,0.004707658617608991,0.4735935167333163,0.05053404124933288,2.2771825069762004,0.11564934215390665,0.10861511631137599,15.630803694432016,0.37625,0.22785369194166522,0.1527971837467541,0.12381170731302005,0.07410589622631747,0.1825000000000001,134.22326295033037,152.79718374675411,15.630803694432016,376.25,0.005518082297045979,60,10,True,0.5064651113965538,4421.950180785536
15,0,0,0.00125,1e-10,fine_fast_15,steer,3157.711888324125,1264.2382924614108,True,417.2390448466171,899.2240994860396,10.731434856323052,8.635375124582234,8.71495918056947,0.025529447271284655,0.8776232230257295,0.07841603402886985,5.176358392446453,0.19272317625282565,0.17532450893493912,0.41695470838407633,0.2450000000000001,0.3457599795683432,0.16782118423115433,0.13370138720836433,0.1714797757725428,0.21625000000000005,180.27218024199,167.82118423115432,0.41695470838407633,245.0000000000001,0.02905079146205125,60,10,True,0.5064651113965538,4421.950180785536
20,0,0,0.00125,1e-10,fine_fast_20,steer,3157.711888324125,1264.2382924614108,True,272.0011122416302,1018.1839389861686,20.59362049272273,13.147513748536898,14.90462871345094,0.10390700276190915,1.5401631687929955,0.14195021747277092,9.151845152930399,0.2728606019910669,0.24205320101753958,1.3047984352049014,0.38749999999999996,0.4600079126016074,0.18460639003916013,0.1463099997550923,1.0951898781659475,0.24124999999999996,228.7334960151135,184.60639003916012,1.3047984352049014,387.49999999999994,0.10273827356754595,60,10,True,0.5064651113965538,4421.950180785536
15.0,0,0,0.00125,1e-10,fine_fast_brake,brake,3157.711888324125,1264.2382924614108,True,452.87959288074404,851.3775051310275,21.86222467114479,21.86222467114479,3.7862309786864667,1.4147845013110643,0.002006195367411351,7.909197895131612,,,,,,,,,,,,,,,,60,10,True,0.5064651113965538,4421.950180785536
15.0,0,0,0.00125,1e-10,fine_fast_drive,drive,3157.711888324125,1264.2382924614108,True,427.8506824352957,896.3580858844307,14.857769139596023,3.4463487821574934,9.706214278611569,0.9019522699064865,0.0012634284213363946,4.912202619742296,,,,,,,,,,,,,,,,60,10,True,0.5064651113965538,4421.950180785536
15.0,0,0,0.00125,1e-10,fine_fast_trail,trail,3157.711888324125,1264.2382924614108,True,381.8453006688272,931.1214561245092,22.677986363619283,22.677986363619283,6.977517313780213,0.8918102834036166,0.8665356755893114,5.030239073190651,,,,,,,,,,,,,,,,60,10,True,0.5064651113965538,4421.950180785536
15.0,0,0,0.00125,1e-10,fine_fast_exit,exit,3157.711888324125,1264.2382924614108,True,314.91882789954224,995.1552679208617,19.386719803470896,13.048881705130299,14.383398053441299,0.5669909252126044,1.1841693586400204,2.863841487821032,,,,,,,,,,,,,,,,60,10,True,0.5064651113965538,4421.950180785536
10,0.25,0.25,0.00125,1e-10,fine_nominal25_10,steer,3621.3673508790976,800.5828299064383,True,501.2831098184214,826.4941261189174,5.356791859686016,4.951050246709665,4.81869559708098,0.0035160850567920146,0.47411737554793604,0.050478857600108465,2.2772147638564273,0.1158056912347678,0.10874731618514799,15.472439162124129,0.37375,0.22785564483124507,0.1534115131830136,0.12434617996427466,0.057328339243012394,0.18500000000000005,134.60860220889072,153.4115131830136,15.472439162124129,373.75,0.005462051990708261,50,20,True,0.5064651113965538,4421.950180785536
15,0.25,0.25,0.00125,1e-10,fine_nominal25_15,steer,3621.3673508790976,800.5828299064383,True,418.2331177593798,898.8206345738007,10.605680937113448,8.640592559676975,8.59205354054099,0.019783769431429295,0.8708478219451891,0.07818679963847688,5.176630081842502,0.1934648985223355,0.17598125367230266,0.42138271753489054,0.24750000000000005,0.3457704246104228,0.16897314325920698,0.1347836958204498,0.17587562603660345,0.22124999999999995,181.21902089077125,168.97314325920698,0.42138271753489054,247.50000000000006,0.028716839196405886,50,20,True,0.5064651113965538,4421.950180785536
20,0.25,0.25,0.00125,1e-10,fine_nominal25_20,steer,3621.3673508790976,800.5828299064383,True,272.3489234322953,1018.2617206112486,20.218697584990288,13.345216672974614,14.528912692323315,0.08132670790716431,1.5330107555397687,0.14196399158585765,9.15451355585957,0.2750761441587475,0.24412397632287464,1.2770102305890374,0.3900000000000001,0.46011325957961946,0.18627032279439626,0.14790722655248434,1.1362126321178057,0.2450000000000001,230.67323347657188,186.27032279439626,1.2770102305890374,390.0000000000001,0.10149272589999114,50,20,True,0.5064651113965538,4421.950180785536
15.0,0.25,0.25,0.00125,1e-10,fine_nominal25_brake,brake,3621.3673508790976,800.5828299064383,True,455.76221678453317,838.3359577556841,16.28963106287584,16.28963106287584,3.705544661163629,1.186837670164905,0.0017106299647208334,7.92126672369847,,,,,,,,,,,,,,,,50,20,True,0.5064651113965538,4421.950180785536
15.0,0.25,0.25,0.00125,1e-10,fine_nominal25_drive,drive,3621.3673508790976,800.5828299064383,True,426.4798383765479,886.858205028318,15.0124496761469,3.60956381269395,7.237950747722266,0.8119821629500676,0.0011153983601979865,4.923742363872203,,,,,,,,,,,,,,,,50,20,True,0.5064651113965538,4421.950180785536
15.0,0.25,0.25,0.00125,1e-10,fine_nominal25_trail,trail,3621.3673508790976,800.5828299064383,True,383.5620617251888,921.9505450883148,19.419201541111764,19.095033645880445,6.890430755145949,0.749682640870962,0.861047009089299,5.039137730153145,,,,,,,,,,,,,,,,50,20,True,0.5064651113965538,4421.950180785536
15.0,0.25,0.25,0.00125,1e-10,fine_nominal25_exit,exit,3621.3673508790976,800.5828299064383,True,314.10504712369766,990.8643144914457,19.30637601770957,13.232063295883334,13.022833685808477,0.5068379121574582,1.1746597717464227,2.8701840536945227,,,,,,,,,,,,,,,,50,20,True,0.5064651113965538,4421.950180785536
10,0.5,0.5,0.00125,1e-10,fine_nominal50_10,steer,3605.704273004073,816.2459077814628,True,501.322415912483,826.6323656229567,5.385870262524072,4.920561857790496,4.8172004109089395,0.004707940105453169,0.4739516399256046,0.05056679288587185,2.2772089157697706,0.11579454647279408,0.1087362207479241,15.483960124261188,0.37375,0.22785592042720068,0.15340531534610524,0.1243401958818553,0.059628949154921784,0.18500000000000005,134.59993090944965,153.40531534610525,15.483960124261188,373.75,0.005499815239653927,50,20,True,0.5064651113965538,4421.950180785536
15,0.5,0.5,0.00125,1e-10,fine_nominal50_15,steer,3605.704273004073,816.2459077814628,True,418.1341880722958,899.02197611138,10.667832377681929,8.573672830427759,8.577550000938071,0.020590021851278888,0.8703262972715713,0.07832187137760284,5.176569134108598,0.1934633695626473,0.17598032884922143,0.4320022288788916,0.24750000000000005,0.34576738011213126,0.16894998103155046,0.13476117798174903,0.1780010968430945,0.22124999999999995,181.20667529709888,168.94998103155046,0.4320022288788916,247.50000000000006,0.028760958749368015,50,20,True,0.5064651113965538,4421.950180785536
20,0.5,0.5,0.00125,1e-10,fine_nominal50_20,steer,3605.704273004073,816.2459077814628,True,272.4367038720312,1018.5039572617363,20.303145151444213,13.236929194958169,14.437143797189744,0.08053717057756841,1.5320659669289265,0.14192953781365594,9.153821110144841,0.2751963682109193,0.2442483136432103,1.2816600932997524,0.3912500000000001,0.4600770761804127,0.18621120405640945,0.14785063690450118,1.125654092265771,0.2450000000000001,230.70378613366438,186.21120405640946,1.2816600932997524,391.2500000000001,0.10143182030757814,50,20,True,0.5064651113965538,4421.950180785536
15.0,0.5,0.5,0.00125,1e-10,fine_nominal50_brake,brake,3605.704273004073,816.2459077814628,True,457.58236476212795,825.7255546423875,15.278720991683093,10.729825850637587,3.6619716796814084,0.95824235252952,0.0014109206761306848,7.934267888205669,,,,,,,,,,,,,,,,50,20,True,0.5064651113965538,4421.950180785536
15.0,0.5,0.5,0.00125,1e-10,fine_nominal50_drive,drive,3605.704273004073,816.2459077814628,True,424.99810647421276,878.3920934703538,15.167369908118788,3.7520270723640503,4.836027468691384,0.7219281190363005,0.000971209527235909,4.934871324064533,,,,,,,,,,,,,,,,50,20,True,0.5064651113965538,4421.950180785536
15.0,0.5,0.5,0.00125,1e-10,fine_nominal50_trail,trail,3605.704273004073,816.2459077814628,True,384.0158490151936,913.0690976635661,19.107576865590392,15.47704782430398,6.8589157984690345,0.6003224977076633,0.8614232430395297,5.04881356029625,,,,,,,,,,,,,,,,50,20,True,0.5064651113965538,4421.950180785536
15.0,0.5,0.5,0.00125,1e-10,fine_nominal50_exit,exit,3605.704273004073,816.2459077814628,True,313.03419032376723,992.0080476560875,19.46670033954789,13.262838281422162,11.901546953253739,0.4541499590459211,1.1709738000523162,2.876093590679088,,,,,,,,,,,,,,,,50,20,True,0.5064651113965538,4421.950180785536
