speed,case,kind,front_rc_mm,rear_rc_mm,tune,lltd,arb_total,front_arb_nm_per_rad,rear_arb_nm_per_rad,valid,min_fz_n,max_fz_n,peak_abs_travel_mm,peak_front_bump_mm,peak_rear_bump_mm,peak_pitch_deg,peak_roll_deg,peak_abs_ax,ay_final,ay_t90_s,ay_rise_10_90_s,ay_overshoot_pct,ay_settling_2pct_s,yaw_final,yaw_t90_s,yaw_rise_10_90_s,yaw_overshoot_pct,yaw_settling_2pct_s,turnin_mean_t90_ms,yaw_t90_ms,worst_overshoot_pct,worst_settling_ms,max_speed_error_mps,error
15.0,roll_F10_R10,steer,10,10,True,0.5064651113965538,4421.950180785536,4204.841739269734,217.10844151580204,True,417.58597697451734,899.8088434264802,10.954375975547547,10.072305853263297,9.495308095494758,0.006234186957427731,0.9588105063674,0.07668729410291905,5.177559124128326,0.19402581255073414,0.1757204903671381,0.3268498331168157,0.25,0.34581733593613906,0.17102342345318444,0.13690229286662325,0.21382643995278006,0.22999999999999998,182.52461800195928,171.02342345318445,0.3268498331168157,250.0,0.02806213237147759,
15.0,roll_F10_R20,steer,10,20,True,0.5064651113965538,4421.950180785536,,,False,,,,,,,,,,,,,,,,,,,,,,,,Target LLTD needs ARB outside nonnegative fixed-total bracket
15.0,roll_F10_R30,steer,10,30,True,0.5064651113965538,4421.950180785536,,,False,,,,,,,,,,,,,,,,,,,,,,,,Target LLTD needs ARB outside nonnegative fixed-total bracket
15.0,roll_F10_R40,steer,10,40,True,0.5064651113965538,4421.950180785536,,,False,,,,,,,,,,,,,,,,,,,,,,,,Target LLTD needs ARB outside nonnegative fixed-total bracket
15.0,roll_F10_R50,steer,10,50,True,0.5064651113965538,4421.950180785536,,,False,,,,,,,,,,,,,,,,,,,,,,,,Target LLTD needs ARB outside nonnegative fixed-total bracket
15.0,roll_F10_R60,steer,10,60,True,0.5064651113965538,4421.950180785536,,,False,,,,,,,,,,,,,,,,,,,,,,,,Target LLTD needs ARB outside nonnegative fixed-total bracket
15.0,roll_F20_R10,steer,20,10,True,0.5064651113965538,4421.950180785536,4009.0286323722744,412.92154841326146,True,417.5592315522971,899.6912453324105,10.903094573559645,9.783474330424202,9.336265478513017,0.008433424235864528,0.9424844129168072,0.07703555783083248,5.1773217577388495,0.19373497775228699,0.1755851271482065,0.345896273280788,0.25,0.3458060754833914,0.17023766128783624,0.13615574997836388,0.19729807949071532,0.22999999999999998,181.9863195200616,170.23766128783623,0.345896273280788,250.0,0.02826080641582962,
15.0,roll_F20_R20,steer,20,20,True,0.5064651113965538,4421.950180785536,4264.640357919528,157.3098228660083,True,418.0090460194583,898.9804342256335,10.687071944450677,9.564424133050975,9.07065918600891,0.006137091814000851,0.9199366420740742,0.07702311858395958,5.1774399971863145,0.1942956617489071,0.1762046114008642,0.35729035438323287,0.25,0.3458097831144107,0.17100866483396193,0.13687776195325863,0.20749264102997156,0.22999999999999998,182.65216329143453,171.00866483396194,0.35729035438323287,250.0,0.02807927452368375,
15.0,roll_F20_R30,steer,20,30,True,0.5064651113965538,4421.950180785536,,,False,,,,,,,,,,,,,,,,,,,,,,,,Target LLTD needs ARB outside nonnegative fixed-total bracket
15.0,roll_F20_R40,steer,20,40,True,0.5064651113965538,4421.950180785536,,,False,,,,,,,,,,,,,,,,,,,,,,,,Target LLTD needs ARB outside nonnegative fixed-total bracket
15.0,roll_F20_R50,steer,20,50,True,0.5064651113965538,4421.950180785536,,,False,,,,,,,,,,,,,,,,,,,,,,,,Target LLTD needs ARB outside nonnegative fixed-total bracket
15.0,roll_F20_R60,steer,20,60,True,0.5064651113965538,4421.950180785536,,,False,,,,,,,,,,,,,,,,,,,,,,,,Target LLTD needs ARB outside nonnegative fixed-total bracket
15.0,roll_F30_R10,steer,30,10,True,0.5064651113965538,4421.950180785536,3806.733651108139,615.2165296773969,True,417.52725024217546,899.5616723529214,10.85544392991239,9.494303040495812,9.177196815471245,0.012725022631796387,0.9262011518294658,0.0773770725923606,5.177083137323246,0.19346634031012933,0.17546659408837284,0.3645978540472994,0.25,0.34579471856664656,0.16961830588951177,0.1355724581157336,0.18341746348984334,0.22999999999999998,181.54232309982055,169.61830588951176,0.3645978540472994,250.0,0.028458991828069102,
15.0,roll_F30_R20,steer,30,20,True,0.5064651113965538,4421.950180785536,4062.493414664437,359.456766121099,True,418.1357009598577,898.8651722323918,10.636682378478369,9.275566957524184,8.91552479921842,0.01042565945422627,0.9037014726339327,0.07736284152841576,5.1772009548857065,0.19403430834096413,0.17609076720968964,0.37546860672426075,0.25,0.34579839836139753,0.17023717611764,0.13614386627096375,0.19303019090353146,0.22999999999999998,182.13574222930205,170.23717611764,0.37546860672426075,250.0,0.028277473299537448,
15.0,roll_F30_R30,steer,30,30,True,0.5064651113965538,4421.950180785536,4329.020244986558,92.92993579897757,True,418.2948821702309,898.1309232867555,10.420253469042128,9.062732588886513,8.665182299778195,0.008135414056839107,0.881492230315026,0.07733367760236046,5.177319547050564,0.19461415650252856,0.17672693726800248,0.38544711589405534,0.26,0.3458021454035791,0.17096437881148008,0.13682305696603536,0.2017580259164209,0.22999999999999998,182.78926765700433,170.9643788114801,0.38544711589405534,260.0,0.028096640668460182,
15.0,roll_F30_R40,steer,30,40,True,0.5064651113965538,4421.950180785536,,,False,,,,,,,,,,,,,,,,,,,,,,,,Target LLTD needs ARB outside nonnegative fixed-total bracket
15.0,roll_F30_R50,steer,30,50,True,0.5064651113965538,4421.950180785536,,,False,,,,,,,,,,,,,,,,,,,,,,,,Target LLTD needs ARB outside nonnegative fixed-total bracket
15.0,roll_F30_R60,steer,30,60,True,0.5064651113965538,4421.950180785536,,,False,,,,,,,,,,,,,,,,,,,,,,,,Target LLTD needs ARB outside nonnegative fixed-total bracket
15.0,roll_F40_R10,steer,40,10,True,0.5064651113965538,4421.950180785536,3597.6426933075386,824.3074874779973,True,417.4444473769923,899.4159674727188,10.811187507183796,9.204868202909056,9.017998578299158,0.0170046301473754,0.9099554727910611,0.07771623769533562,5.176843135411695,0.19322690651914387,0.17537207945431388,0.3827517231976163,0.25,0.3457832569656551,0.1690937628800302,0.1350807930619755,0.17331554955064554,0.21999999999999997,181.16033469958703,169.0937628800302,0.3827517231976163,250.0,0.028656705916885628,
15.0,roll_F40_R20,steer,40,20,True,0.5064651113965538,4421.950180785536,3853.414379497022,568.535801288514,True,418.2184861282567,898.7373214188526,10.589092448752169,8.989653265331853,8.765404085119332,0.0147023891070766,0.8875145350751571,0.07769134683383366,5.176960518449493,0.19379712490338208,0.1759960273354504,0.39308699488138643,0.25,0.34578690829614667,0.16963017190661667,0.13557121154832874,0.18176445100235306,0.22999999999999998,181.71364840499936,169.63017190661668,0.39308699488138643,250.0,0.02847520839487494,
15.0,roll_F40_R30,steer,40,30,True,0.5064651113965538,4421.950180785536,4120.1382479819395,301.8119328035964,True,418.4081324682175,898.0139516380488,10.370367775520418,8.781447176935576,8.515313404360791,0.01240922290164471,0.8655658680890925,0.07768558772123693,5.177078713601397,0.19439376717603873,0.17664651166011858,0.40302503504401344,0.26,0.34579062928423593,0.17024180247006981,0.13613632384873497,0.18935179203873886,0.22999999999999998,182.31778482305427,170.2418024700698,0.40302503504401344,260.0,0.028294393552215524,
15.0,roll_F40_R40,steer,40,40,True,0.5064651113965538,4421.950180785536,4398.511157633259,23.439023152276604,True,418.57953076690353,897.2529267886845,10.154383892935437,8.574486703449901,8.26529198515763,0.010124787954251929,0.8465359189249286,0.07767403323533893,5.17719793834568,0.19500408963631477,0.1773107597017567,0.41028162566421056,0.26,0.34579443405886195,0.17096498131981885,0.13681246912241596,0.1966271141862208,0.22999999999999998,182.98453547806682,170.96498131981886,0.41028162566421056,260.0,0.028114243842646047,
15.0,roll_F40_R50,steer,40,50,True,0.5064651113965538,4421.950180785536,,,False,,,,,,,,,,,,,,,,,,,,,,,,Target LLTD needs ARB outside nonnegative fixed-total bracket
15.0,roll_F40_R60,steer,40,60,True,0.5064651113965538,4421.950180785536,,,False,,,,,,,,,,,,,,,,,,,,,,,,Target LLTD needs ARB outside nonnegative fixed-total bracket
15.0,roll_F50_R10,steer,50,10,True,0.5064651113965538,4421.950180785536,3381.4210885355287,1040.5290922500071,True,417.3575515628965,899.2878336366105,10.770288675180872,8.916765244433911,8.865132459419389,0.02127261927038187,0.8937559255315496,0.07806872605848711,5.176601614504523,0.1930149097204399,0.1753000362496817,0.40024315982079006,0.25,0.3457716818603362,0.1685855554223734,0.13460220839152548,0.16907393574823182,0.21999999999999997,180.80023257140664,168.5855554223734,0.40024315982079006,250.0,0.02885396648564509,
15.0,roll_F50_R20,steer,50,20,True,0.5064651113965538,4421.950180785536,3637.0546847709347,784.8954960146011,True,418.25456712454843,898.5871185186686,10.543974560587642,8.707676138462517,8.615311722212471,0.018967653281020652,0.8713589548503523,0.07805602718832598,5.176718548947579,0.19360130059985803,0.17593774036016918,0.410004002991049,0.25,0.3457753039590057,0.16914690778585473,0.13511903390419433,0.1743796917499596,0.22999999999999998,181.37410419285638,169.14690778585472,0.410004002991049,250.0,0.028672497209482728,
15.0,roll_F50_R30,steer,50,30,True,0.5064651113965538,4421.950180785536,3903.825573494464,518.1246072910717,True,418.4882995028689,897.8829863266886,10.322946302829095,8.499876348301239,8.365499998983172,0.01667171124962617,0.8499011362368564,0.0780319060810018,5.176836331100052,0.1941997432717304,0.17658722730337884,0.4199967061012444,0.26,0.34577899806971046,0.16967403697314798,0.1356014585955252,0.18072567787155158,0.22999999999999998,181.9368901224392,169.674036973148,0.4199967061012444,260.0,0.02849170799039058,
15.0,roll_F50_R40,steer,50,40,True,0.5064651113965538,4421.950180785536,4182.454995923845,239.4951848616911,True,418.67939332001436,897.1389789919276,10.105121062915556,8.293171691443835,8.115756494096072,0.01438445992255212,0.830903632234,0.07801607561673478,5.176955185792651,0.1948171119613067,0.17725600958479948,0.42678646013418753,0.26,0.34578277875872926,0.17026634236642302,0.1361483123276963,0.18656466768960378,0.22999999999999998,182.54172716386486,170.26634236642303,0.42678646013418753,260.0,0.028311580645770107,
15.0,roll_F50_R50,steer,50,50,True,0.5064651113965538,4421.950180785536,,,False,,,,,,,,,,,,,,,,,,,,,,,,Target LLTD needs ARB outside nonnegative fixed-total bracket
15.0,roll_F50_R60,steer,50,60,True,0.5064651113965538,4421.950180785536,,,False,,,,,,,,,,,,,,,,,,,,,,,,Target LLTD needs ARB outside nonnegative fixed-total bracket
15.0,roll_F60_R10,steer,60,10,True,0.5064651113965538,4421.950180785536,3157.711888324125,1264.2382924614108,True,417.23944128668427,899.1853320949723,10.731347463526774,8.634393833532705,8.71478455769703,0.025529442746663616,0.8776001197017429,0.07841685668033055,5.176358427773022,0.19283365707337063,0.1752533247554029,0.4169561577928471,0.25,0.34575998383683204,0.1681054663649384,0.134148998378959,0.17145012178101382,0.21999999999999997,180.4695617191545,168.1054663649384,0.4169561577928471,250.0,0.029050791487003735,
15.0,roll_F60_R20,steer,60,20,True,0.5064651113965538,4421.950180785536,3413.0420609197276,1008.9081198658082,True,418.19850329001133,898.4243798595804,10.500866949550048,8.425675941460653,8.46523994255055,0.02322190663677602,0.8552627542458101,0.07839952753682584,5.176474893975044,0.1934270785795993,0.1758956261433191,0.42669712413592187,0.25,0.34576357562488524,0.16866625542220626,0.13466677801115057,0.17270589198936648,0.21999999999999997,181.04666700090277,168.66625542220626,0.42669712413592187,250.0,0.028869358289171032,
15.0,roll_F60_R30,steer,60,30,True,0.5064651113965538,4421.950180785536,3679.693965705045,742.2562150804911,True,418.5330913738733,897.7354741220024,10.27724962524884,8.218152463024985,8.215705938643792,0.02092333662183897,0.8342655140402024,0.07837637073137949,5.176592245516044,0.19403587434757696,0.176553402234513,0.43624925906096124,0.26,0.34576724187316005,0.16920176163617073,0.1351587919546815,0.17614746859078156,0.22999999999999998,181.61881799187384,169.20176163617074,0.43624925906096124,260.0,0.02868860206726609,
15.0,roll_F60_R40,steer,60,40,True,0.5064651113965538,4421.950180785536,3958.414057044574,463.536123740962,True,418.75418852564087,897.2571284560945,10.05693193521745,8.014740308026735,7.966253403720813,0.018633380302826533,0.8152923757235331,0.0783531416416185,5.17671071229675,0.19465766883084146,0.17722428605275797,0.4430675169273979,0.26,0.3457709975032859,0.16970980216965215,0.135622840068224,0.18039365660011963,0.22999999999999998,182.1837355002468,169.70980216965214,0.4430675169273979,260.0,0.02850850464948884,
15.0,roll_F60_R50,steer,60,50,True,0.5064651113965538,4421.950180785536,4250.015781588883,171.93439919665252,True,418.95103278737645,897.2433124208211,9.839840446780713,7.81941000837233,7.7169358732842035,0.01635169283474311,0.7963543421453011,0.0783301181003934,5.17683054276142,0.19529423046941008,0.17790999910541427,0.4496764159360733,0.26,0.345774858655248,0.17028045999992547,0.13614903706246073,0.18478142085127658,0.22999999999999998,182.78734523466778,170.28045999992548,0.4496764159360733,260.0,0.028329047359722637,
15.0,roll_F60_R60,steer,60,60,True,0.5064651113965538,4421.950180785536,,,False,,,,,,,,,,,,,,,,,,,,,,,,Target LLTD needs ARB outside nonnegative fixed-total bracket
