speed,anti_dive,anti_squat,dt,rtol,case,kind,front_arb_nm_per_rad,rear_arb_nm_per_rad,valid,min_fz_n,max_fz_n,peak_abs_travel_mm,peak_front_bump_mm,peak_rear_bump_mm,peak_pitch_deg,peak_roll_deg,peak_abs_ax,ay_final,ay_t90_s,ay_rise_10_90_s,ay_overshoot_pct,ay_settling_2pct_s,yaw_final,yaw_t90_s,yaw_rise_10_90_s,yaw_overshoot_pct,yaw_settling_2pct_s,turnin_mean_t90_ms,yaw_t90_ms,worst_overshoot_pct,worst_settling_ms,max_speed_error_mps,common_reference_t90_ms,gain_difference_pct,response_gate_pass,front_rc_mm,rear_rc_mm,tune,lltd,arb_total
10,0,0,0.0025,1e-09,check_baseline_10,steer,4421.950180785536,0.0,True,499.7821350938446,826.9884765012141,5.405698392415726,5.244389563731744,4.970522609231032,0.0032520511689723072,0.490214805541069,0.05004479897321812,2.277333411279282,0.11648956567015545,0.10933417958154945,15.025930515587604,0.37749999999999995,0.22786245795205143,0.15456404724088246,0.12535326929596802,0.1370094742884298,0.18999999999999995,135.52680645551897,154.56404724088247,15.025930515587604,377.49999999999994,0.005240600394579076,135.52680648708304,7.12185754814243e-08,False,,,,,
15,0,0,0.0025,1e-09,check_baseline_15,steer,4421.950180785536,0.0,True,418.2307025756154,898.1873226895719,10.444644026962047,9.195900903553323,8.735157296547335,0.006171955707856678,0.8891330615687183,0.07719005162665232,5.177429482683076,0.19457985622683616,0.17678938166823355,0.37714829425248286,0.25,0.3458073925035811,0.1711755909687518,0.1368614829559871,0.20833537887472442,0.22750000000000004,182.87772359779396,171.17559096875178,0.37714829425248286,250.0,0.028006027436585867,182.87772314087712,1.7556913700644827e-07,True,,,,,
20,0,0,0.0025,1e-09,check_baseline_20,steer,4421.950180785536,0.0,True,272.3075202586764,1017.0373427345877,19.579500777977877,14.684209767247768,14.702996742696817,0.040436493157636734,1.5672269205964378,0.142830435525368,9.160574479493109,0.2781383771505246,0.24668702717700275,1.2065324280048362,0.39250000000000007,0.46037394452907915,0.1894792246151571,0.15099940360706232,1.2392367943720561,0.25249999999999995,233.80880088284084,189.47922461515708,1.2392367943720561,392.50000000000006,0.09956978835105446,233.80879473760473,1.2600698928721954e-06,True,,,,,
10,0,0,0.0025,1e-09,check_fast_10,steer,3157.711888324125,1264.2382924614108,True,501.8040074061639,826.2910563647351,5.3642664006446905,4.933133438066617,4.8223637280753735,0.004707658606373135,0.4735735476612354,0.05053403892017127,2.2771825051372807,0.11564980509991662,0.10859974125550353,15.630800778656905,0.37749999999999995,0.2278536919677496,0.1528076975628354,0.12383079346332337,0.07409447975257333,0.1825000000000001,134.22875133137603,152.80769756283541,15.630800778656905,377.49999999999994,0.005518082297042426,134.23588279305153,0.006626511648688549,False,60,10,True,0.5064651113965538,4421.950180785536
15,0,0,0.0025,1e-09,check_fast_15,steer,3157.711888324125,1264.2382924614108,True,417.2395812711622,899.2208791100489,10.731434857219613,8.635375134432689,8.714941721868874,0.025529447271299358,0.8776232235796028,0.0784160332011332,5.176358397247208,0.19272471601204666,0.17532488137138302,0.41695461603175055,0.2450000000000001,0.34575998018055654,0.16782829121097875,0.13371639561692916,0.17147959845189575,0.21750000000000003,180.2765036115127,167.82829121097876,0.41695461603175055,245.0000000000001,0.029050791462069014,180.3347086380166,0.020687485707016062,True,60,10,True,0.5064651113965538,4421.950180785536
20,0,0,0.0025,1e-09,check_fast_20,steer,3157.711888324125,1264.2382924614108,True,272.00135214333164,1018.1839389731398,20.59362049048563,13.147501052987398,14.904614134644778,0.10390700255844085,1.540163168765031,0.14195021747272699,9.151845273131917,0.2728634070302729,0.2420577684927665,1.3047971030092809,0.38749999999999996,0.4600079158987778,0.1846124634996178,0.1463229909094137,1.0951750218608725,0.24249999999999994,228.73793526494535,184.6124634996178,1.3047971030092809,387.49999999999994,0.10273827356753173,229.22271215075475,0.0952897775252648,True,60,10,True,0.5064651113965538,4421.950180785536
10,0,0,0.0025,1e-09,check_neighbor_10,steer,3381.4210885355287,1040.5290922500071,True,501.27367488366997,826.7686075441181,5.4377783836230815,5.08060638720309,4.925749311289918,0.003171008392880084,0.4838738240696498,0.05039465563108763,2.277227428026725,0.11595915642684584,0.1088709537008774,15.477156613606846,0.3800000000000001,0.22785679049240073,0.1531044495187841,0.12409426072785168,0.06276190355503086,0.18500000000000005,134.53180297281497,153.1044495187841,15.477156613606846,380.0000000000001,0.005457217629286859,134.5366199361261,0.004653902403606303,False,50,10,True,0.5064651113965538,4421.950180785536
15,0,0,0.0025,1e-09,check_neighbor_15,steer,3381.4210885355287,1040.5290922500071,True,417.35053296115706,899.3547137681857,10.770393806795175,8.920154890075194,8.865244067023658,0.021272620583029537,0.8937638162020509,0.07807090251614049,5.176601583907544,0.19290128027169073,0.17536338840415455,0.40024201354948996,0.2450000000000001,0.34577167821946736,0.16838350899755472,0.13424515851583596,0.16907431916675097,0.21999999999999997,180.64239463462272,168.3835089975547,0.40024201354948996,245.0000000000001,0.028853966439895018,180.68663479291448,0.015990431668788663,True,50,10,True,0.5064651113965538,4421.950180785536
20,0,0,0.0025,1e-09,check_neighbor_20,steer,3381.4210885355287,1040.5290922500071,True,271.91656280441765,1017.6111282744455,20.52028406475892,13.777794254255237,15.15413342214944,0.0903134764123964,1.567111381056136,0.14246806912386042,9.152986764608602,0.273455386653096,0.242421346893255,1.2845472340155428,0.38749999999999996,0.4600528648141597,0.18538228320976113,0.14707057877008145,1.1328559198443333,0.24249999999999994,229.41883493142856,185.38228320976114,1.2845472340155428,387.49999999999994,0.10218385716353495,229.84707414840966,0.08282886152458646,True,50,10,True,0.5064651113965538,4421.950180785536
10,0,0,0.0025,1e-09,check_middle_10,steer,3853.414379497022,568.535801288514,True,500.6909297807724,826.8193624001241,5.402342513250891,5.128135597094852,4.923070922130124,0.001617162782848618,0.48456967416124186,0.05025147180141661,2.277270125107764,0.11613772698922431,0.1090252579941402,15.298269107040996,0.37749999999999995,0.22785891529918645,0.15376017552643284,0.12466402536014276,0.05514959121728502,0.1875,134.94895125782858,153.76017552643285,15.298269107040996,377.49999999999994,0.005362902537314085,134.95188499458388,0.002779030643640379,False,40,20,True,0.5064651113965538,4421.950180785536
15,0,0,0.0025,1e-09,check_middle_15,steer,3853.414379497022,568.535801288514,True,418.21855533599944,898.7449330673257,10.589150999992636,8.99193019495842,8.7653956390204,0.014702388997479504,0.88752560587715,0.07770784836925047,5.176960487263844,0.19367264359553182,0.17604360324127022,0.3935766530155149,0.24750000000000005,0.3457869046518209,0.16959622971112598,0.1353821116229399,0.1817777741950355,0.22249999999999992,181.6344366533289,169.59622971112597,0.3935766530155149,247.50000000000006,0.028475208245362538,181.65961457401124,0.009058355473878787,True,40,20,True,0.5064651113965538,4421.950180785536
20,0,0,0.0025,1e-09,check_middle_20,steer,3853.414379497022,568.535801288514,True,272.15402134462545,1017.450972864034,20.062578530699927,14.084595558260304,14.870363818608624,0.06850897758880536,1.5609133058997149,0.14252613949816456,9.15649412754991,0.2756150151355996,0.2444280850795293,1.2507908604485252,0.3900000000000001,0.46020184264354647,0.187179299831145,0.1487942314846813,1.1824893083895782,0.24750000000000005,231.3971574833723,187.17929983114502,1.2507908604485252,390.0000000000001,0.1010029739441265,231.63168690808723,0.044541273848131,True,40,20,True,0.5064651113965538,4421.950180785536
10,0.25,0.25,0.0025,1e-09,check_fast_AD25_AS25_10,steer,3141.64707606873,1280.303104716806,True,501.8417156870838,826.4290828333017,5.393544976390718,4.9021061187981,4.820892640773344,0.005945916141895087,0.4734059438783171,0.0506222110594414,2.2771741931509357,0.11563868013005796,0.1085886733030641,15.642252067705243,0.37749999999999995,0.22785371526991155,0.15280132716236117,0.1238246599557955,0.07658710508569033,0.1825000000000001,134.22000364620956,152.80132716236116,15.642252067705243,377.49999999999994,0.005555590364753726,134.22734072092945,0.00699149932673615,False,60,10,True,0.5064651113965538,4421.950180785536
15,0.25,0.25,0.0025,1e-09,check_fast_AD25_AS25_15,steer,3141.64707606873,1280.303104716806,True,417.147261570967,899.4164985351157,10.795554449054501,8.567742481148722,8.691351667783398,0.026301509083798455,0.8770943183752081,0.07855127666553229,5.17628094634171,0.1927226376438098,0.1753234662764167,0.4274234202648275,0.2450000000000001,0.3457557832899037,0.1678048249188815,0.1336936482189417,0.17641039738767184,0.21750000000000003,180.26373128134566,167.80482491888148,0.4274234202648275,245.0000000000001,0.029092746350153575,180.32652193939504,0.022183419274790506,True,60,10,True,0.5064651113965538,4421.950180785536
20,0.25,0.25,0.0025,1e-09,check_fast_AD25_AS25_20,steer,3141.64707606873,1280.303104716806,True,272.1062284274566,1018.4156607981948,20.67614315110483,13.040744051938058,14.810784805439459,0.1029779615589,1.5392067545069277,0.14190721381649127,9.151073752766044,0.2729720872400112,0.24217083758894353,1.30967985790722,0.38749999999999996,0.4599675200922455,0.1845531032902914,0.1462663354814715,1.083471644814682,0.24249999999999994,228.7625952651513,184.5531032902914,1.30967985790722,387.49999999999994,0.10266737753990895,229.29445932733537,0.10371196084272283,True,60,10,True,0.5064651113965538,4421.950180785536
10,0.5,0.5,0.0025,1e-09,check_fast_AD50_AS50_10,steer,3125.6088624279014,1296.3413183576345,True,501.88026660237745,826.5663939066417,5.422938890744355,4.8717185159979355,4.81937873690258,0.007196088683182685,0.473238796964811,0.05071017608452494,2.2771705073442643,0.11562791826250596,0.10857795160211836,15.653266897911378,0.37749999999999995,0.22785419179126543,0.1527955825501215,0.12381911511887833,0.07922543438441121,0.1825000000000001,134.2117504063137,152.79558255012148,15.653266897911378,377.49999999999994,0.005592673917986346,134.219006192993,0.0071533468037232595,False,60,10,True,0.5064651113965538,4421.950180785536
15,0.5,0.5,0.0025,1e-09,check_fast_AD50_AS50_15,steer,3125.6088624279014,1296.3413183576345,True,417.0577698672107,899.6144439661807,10.860048679916801,8.50115633477333,8.678344851315355,0.02706429193513112,0.8765690904998562,0.0786863972345439,5.176230835061676,0.19272286419528828,0.17532424158021143,0.43788860026341414,0.2450000000000001,0.345753408114251,0.16778323206739731,0.13367266390514554,0.181618191528643,0.21750000000000003,180.2530481313428,167.7832320673973,0.43788860026341414,245.0000000000001,0.029134510482883513,180.31870490493208,0.023151298803703035,True,60,10,True,0.5064651113965538,4421.950180785536
20,0.5,0.5,0.0025,1e-09,check_fast_AD50_AS50_20,steer,3125.6088624279014,1296.3413183576345,True,272.20862522049555,1018.6498352926708,20.758826481479588,12.934131967734574,14.717503269815968,0.10206360031577875,1.5382660624189395,0.14187092047264133,9.150410152183598,0.2730898118834748,0.24229254121098287,1.314256680338599,0.3900000000000001,0.4599326357244503,0.18449832597560523,0.14621399218584674,1.0734965278773156,0.24249999999999994,228.79406892954,184.4983259756052,1.314256680338599,390.0000000000001,0.10260010236332207,229.36684785032347,0.11095605445599066,True,60,10,True,0.5064651113965538,4421.950180785536
15.0,,,0.0025,1e-09,camber_-20_baseline,steer,4421.950180785536,0.0,True,418.153962889922,898.4757500061214,10.449517392979779,9.210509696266412,8.747731360167988,0.006138017706933269,0.8905324298927076,0.07730922014213368,5.179951879359811,0.19414545027226593,0.17634415540304405,0.37762259821052524,0.25,0.3459740696213547,0.17111746749317613,0.13679413914174043,0.20861945636776458,0.22750000000000004,182.63145888272103,171.11746749317612,0.37762259821052524,250.0,0.027927930056957706,182.46884423641873,0.04871919821609616,True,,,,,
15.0,,,0.0025,1e-09,camber_-20_fast,steer,3157.711888324125,1264.2382924614108,True,417.0005241985738,899.5024788665817,10.738016753908507,8.648671945215069,8.719601326113713,0.02547610057978802,0.8789351251129918,0.07853274434239255,5.1787217363525055,0.19229675849386174,0.17488744539444223,0.417681585877383,0.2450000000000001,0.3459160356351372,0.16777121507118986,0.13365078262447128,0.1708824789783625,0.21750000000000003,180.0339867825258,167.77121507118986,0.417681585877383,245.0000000000001,0.02897228297793042,179.94482546687297,0.03141741363343886,True,,,,,
15.0,,,0.0025,1e-09,camber_-10_baseline,steer,4421.950180785536,0.0,True,418.19205707242577,898.3316304266203,10.447096791235344,9.203211442920022,8.74065488618847,0.006154962459961669,0.889833454858765,0.0772496683645702,5.178695701343392,0.19436269406838869,0.17656678649437652,0.37738538698344204,0.25,0.3458910660366691,0.171146704442936,0.1368279655058564,0.2084720793214201,0.22750000000000004,182.75469925566233,171.146704442936,0.37738538698344204,250.0,0.027966959377437206,182.6730342982368,0.02445661729744142,True,,,,,
15.0,,,0.0025,1e-09,camber_-10_fast,steer,3157.711888324125,1264.2382924614108,True,417.1198842474514,899.3617732296501,10.734695679576522,8.64202883072468,8.717277799126178,0.0255027225745612,0.8782798700785976,0.07847441977358752,5.177544693506234,0.19250809968142635,0.17510350629465354,0.41731937185223167,0.2450000000000001,0.3458383165217545,0.1677999139089923,0.13368373107274722,0.17117849338681435,0.21750000000000003,180.1540067952093,167.7999139089923,0.41731937185223167,245.0000000000001,0.029011514132093907,180.1375989784636,0.008942731135630488,True,,,,,
10,0,0,0.00125,1e-10,fine_baseline_10,steer,4421.950180785536,0.0,True,499.782135014497,826.9999999499876,5.405698396229896,5.244517823763617,4.970527948156834,0.0032520561362370816,0.49021480591210953,0.05004479849577914,2.277333412901166,0.11648875040528983,0.10934622820059392,15.025929831272178,0.37749999999999995,0.2278624579246836,0.1545482606105706,0.12533103906781462,0.1370382414177529,0.18874999999999997,135.5185055079302,154.5482606105706,15.025929831272178,377.49999999999994,0.005240600394579076,135.5185055079302,0.0,False,,,,,
15,0,0,0.00125,1e-10,fine_baseline_15,steer,4421.950180785536,0.0,True,418.23070257232393,898.188731221139,10.444644027266637,9.195900906277032,8.73515729669716,0.0061719557078569595,0.8891340426608471,0.0771900515795504,5.177429477230301,0.19457669726544857,0.17678886953582085,0.37719069624111423,0.25,0.34580739189645004,0.17115129155543585,0.1368312098577955,0.20833555531205583,0.22625000000000006,182.86399441044222,171.15129155543585,0.37719069624111423,250.0,0.02800602743658942,182.86399441044222,0.0,True,,,,,
20,0,0,0.00125,1e-10,fine_baseline_20,steer,4421.950180785536,0.0,True,272.3071914433264,1017.0373776400639,19.579500778356575,14.684236305519738,14.702996743351793,0.040436493157632994,1.5672269206253782,0.14283043552536998,9.16057436406347,0.2781338086723939,0.24667989393523793,1.2065370720302449,0.39250000000000007,0.4603739413602091,0.18947162335468493,0.15098337676366902,1.2392374936626371,0.25125,233.80271601353942,189.47162335468494,1.2392374936626371,392.50000000000006,0.09956978835105446,233.80271601353942,0.0,True,,,,,
10,0,0,0.00125,1e-10,fine_fast_10,steer,3157.711888324125,1264.2382924614108,True,501.8021648269261,826.2910569201235,5.364266421367725,4.933280791336314,4.82236374891859,0.004707658617608991,0.4735935167333163,0.05053404124933288,2.2771825069762004,0.11564934215390665,0.10861511631137599,15.630803694432016,0.37625,0.22785369194166522,0.1527971837467541,0.12381170731302005,0.07410589622631747,0.1825000000000001,134.22326295033037,152.79718374675411,15.630803694432016,376.25,0.005518082297045979,134.23028086646838,0.0066264308998809085,False,60,10,True,0.5064651113965538,4421.950180785536
15,0,0,0.00125,1e-10,fine_fast_15,steer,3157.711888324125,1264.2382924614108,True,417.2390448466171,899.2240994860396,10.731434856323052,8.635375124582234,8.71495918056947,0.025529447271284655,0.8776232230257295,0.07841603402886985,5.176358392446453,0.19272317625282565,0.17532450893493912,0.41695470838407633,0.2450000000000001,0.3457599795683432,0.16782118423115433,0.13370138720836433,0.1714797757725428,0.21625000000000005,180.27218024199,167.82118423115432,0.41695470838407633,245.0000000000001,0.02905079146205125,180.3297108720564,0.02068757843169955,True,60,10,True,0.5064651113965538,4421.950180785536
20,0,0,0.00125,1e-10,fine_fast_20,steer,3157.711888324125,1264.2382924614108,True,272.0011122416302,1018.1839389861686,20.59362049272273,13.147513748536898,14.90462871345094,0.10390700276190915,1.5401631687929955,0.14195021747277092,9.151845152930399,0.2728606019910669,0.24205320101753958,1.3047984352049014,0.38749999999999996,0.4600079126016074,0.18460639003916013,0.1463099997550923,1.0951898781659475,0.24124999999999996,228.7334960151135,184.60639003916012,1.3047984352049014,387.49999999999994,0.10273827356754595,229.21770879571767,0.09529108968663325,True,60,10,True,0.5064651113965538,4421.950180785536
10,0.25,0.25,0.00125,1e-10,fine_nominal25_10,steer,3621.3673508790976,800.5828299064383,True,501.2831098184214,826.4941261189174,5.356791859686016,4.951050246709665,4.81869559708098,0.0035160850567920146,0.47411737554793604,0.050478857600108465,2.2772147638564273,0.1158056912347678,0.10874731618514799,15.472439162124129,0.37375,0.22785564483124507,0.1534115131830136,0.12434617996427466,0.057328339243012394,0.18500000000000005,134.60860220889072,153.4115131830136,15.472439162124129,373.75,0.005462051990708261,134.614089681385,0.005209998855093545,False,50,20,True,0.5064651113965538,4421.950180785536
15,0.25,0.25,0.00125,1e-10,fine_nominal25_15,steer,3621.3673508790976,800.5828299064383,True,418.2331177593798,898.8206345738007,10.605680937113448,8.640592559676975,8.59205354054099,0.019783769431429295,0.8708478219451891,0.07818679963847688,5.176630081842502,0.1934648985223355,0.17598125367230266,0.42138271753489054,0.24750000000000005,0.3457704246104228,0.16897314325920698,0.1347836958204498,0.17587562603660345,0.22124999999999995,181.21902089077125,168.97314325920698,0.42138271753489054,247.50000000000006,0.028716839196405886,181.26328584235097,0.015440005340761065,True,50,20,True,0.5064651113965538,4421.950180785536
20,0.25,0.25,0.00125,1e-10,fine_nominal25_20,steer,3621.3673508790976,800.5828299064383,True,272.3489234322953,1018.2617206112486,20.218697584990288,13.345216672974614,14.528912692323315,0.08132670790716431,1.5330107555397687,0.14196399158585765,9.15451355585957,0.2750761441587475,0.24412397632287464,1.2770102305890374,0.3900000000000001,0.46011325957961946,0.18627032279439626,0.14790722655248434,1.1362126321178057,0.2450000000000001,230.67323347657188,186.27032279439626,1.2770102305890374,390.0000000000001,0.10149272589999114,231.02571220245517,0.06616187984539446,True,50,20,True,0.5064651113965538,4421.950180785536
10,0.5,0.5,0.00125,1e-10,fine_nominal50_10,steer,3605.704273004073,816.2459077814628,True,501.322415912483,826.6323656229567,5.385870262524072,4.920561857790496,4.8172004109089395,0.004707940105453169,0.4739516399256046,0.05056679288587185,2.2772089157697706,0.11579454647279408,0.1087362207479241,15.483960124261188,0.37375,0.22785592042720068,0.15340531534610524,0.1243401958818553,0.059628949154921784,0.18500000000000005,134.59993090944965,153.40531534610525,15.483960124261188,373.75,0.005499815239653927,134.60547059119887,0.005466794220398974,False,50,20,True,0.5064651113965538,4421.950180785536
15,0.5,0.5,0.00125,1e-10,fine_nominal50_15,steer,3605.704273004073,816.2459077814628,True,418.1341880722958,899.02197611138,10.667832377681929,8.573672830427759,8.577550000938071,0.020590021851278888,0.8703262972715713,0.07832187137760284,5.176569134108598,0.1934633695626473,0.17598032884922143,0.4320022288788916,0.24750000000000005,0.34576738011213126,0.16894998103155046,0.13476117798174903,0.1780010968430945,0.22124999999999995,181.20667529709888,168.94998103155046,0.4320022288788916,247.50000000000006,0.028760958749368015,181.25446219442887,0.016617186684753094,True,50,20,True,0.5064651113965538,4421.950180785536
20,0.5,0.5,0.00125,1e-10,fine_nominal50_20,steer,3605.704273004073,816.2459077814628,True,272.4367038720312,1018.5039572617363,20.303145151444213,13.236929194958169,14.437143797189744,0.08053717057756841,1.5320659669289265,0.14192953781365594,9.153821110144841,0.2751963682109193,0.2442483136432103,1.2816600932997524,0.3912500000000001,0.4600770761804127,0.18621120405640945,0.14785063690450118,1.125654092265771,0.2450000000000001,230.70378613366438,186.21120405640946,1.2816600932997524,391.2500000000001,0.10143182030757814,231.099441584651,0.0737208569052239,True,50,20,True,0.5064651113965538,4421.950180785536
