candidate_id,cell_id,manufacturer,cell_model,series_cells,parallel_cells,total_cells,pack_mass_kg,vehicle_mass_kg,nominal_pack_energy_kwh,model_usable_energy_kwh,endurance_terminal_power_limit_kw,raw_endurance_time_s,projected_endurance_time_s,endurance_points,projected_average_lap_s,projected_terminal_energy_kwh_per_lap,efficiency_factor,efficiency_points
tenpower_60xg_125s3p,tenpower_60xg,Tenpower,INR21700-60XG,125,3,375,35.625,258.51015114,8.1,7.939125,35.203125,1236.396184147111,1276.1649705990683,275.0,63.397814007285376,0.16947007561811572,0.7174667679999988,84.3438519685037
reliance_rs50_110s4p,reliance_rs50,Reliance,INR21700-RS50,110,4,440,36.85,259.73515114,7.92,7.762699999999999,35.09375,1237.5581472220997,1277.3643083133409,275.0,63.45739516731807,0.16941486972112293,0.7170267027763015,84.25722495596487
ampace_jp50_110s4p,ampace_jp50,Ampace,JP50P1 (JP50),110,4,440,39.6,262.48515114,7.876,7.762699999999999,34.8671875,1240.211626652855,1280.103137131444,275.0,63.59345575823555,0.16945385207791044,0.715328000219022,83.92283468878385
tenpower_50xg_110s4p,tenpower_50xg,Tenpower,INR21700-50XG,110,4,440,41.25,264.13515114,7.92,7.762699999999999,34.765625,1241.7179854302497,1281.6579480646335,275.0,63.67069625349264,0.16954448357673502,0.7140782971324262,83.67683014417838
tenpower_60xg_120s3p,tenpower_60xg,Tenpower,INR21700-60XG,120,3,360,34.2,257.08515114,7.776,7.62156,32.015625,1244.122620288108,1284.1399282033842,275.0,63.793997016976554,0.16258596202117426,0.7432009186907732,89.40962966353804
molicel_p50b_110s4p,molicel_p50b,Molicel,INR-21700-P50B,110,4,440,39.05,261.93515114,7.92,7.762699999999999,32.9609375,1244.9442098377676,1284.987944249478,275.0,63.836125084118386,0.16532892092997137,0.7303882003435029,86.88744101250059
reliance_rs50_140s3p,reliance_rs50,Reliance,INR21700-RS50,140,3,420,35.175,258.06015114,7.56,7.40985,31.5078125,1246.6934619029837,1286.7934611533633,275.0,63.92582024696694,0.16168994204742015,0.7457783678573264,89.9170015467178
molicel_p50b_140s3p,molicel_p50b,Molicel,INR-21700-P50B,140,3,420,37.275,260.16015114,7.56,7.40985,32.5859375,1248.1709229430533,1288.3184448510945,275.0,64.00157897335446,0.15678499377522298,0.7681993140467228,94.33057363124465
ampace_jp50_140s3p,ampace_jp50,Ampace,JP50P1 (JP50),140,3,420,37.8,260.68515114,7.518,7.40985,31.3046875,1249.441301261939,1289.6296849946325,275.0,64.066719265287,0.16164475712415843,0.7443462220842009,89.63508308744112
ampace_jp50_135s3p,ampace_jp50,Ampace,JP50P1 (JP50),135,3,405,36.45,259.33515114,7.2495,7.1452125,31.875,1249.7594790950031,1289.9580970442519,275.0,64.08303424533989,0.15520550683508264,0.7750306957773244,95.67533381443394
tenpower_50xg_140s3p,tenpower_50xg,Tenpower,INR21700-50XG,140,3,420,39.375,262.26015114,7.56,7.40985,31.203125,1251.023538290864,1291.2628148096453,275.0,64.14785051606354,0.1616887788903898,0.7432024060828949,89.40992245726278
tenpower_60xg_115s3p,tenpower_60xg,Tenpower,INR21700-60XG,115,3,345,32.775,255.66015114,7.452,7.303995,29.265625,1252.8018417415612,1293.0983175392503,275.0,64.23903532628971,0.15581059594432747,0.7701460591089899,94.713791163187
reliance_rs50_135s3p,reliance_rs50,Reliance,INR21700-RS50,135,3,405,33.91875,256.80390114,7.29,7.1452125,29.0703125,1254.6422951618374,1294.9979692973927,275.0,64.33340695661647,0.15567988924194218,0.7696619759825368,94.6184992091608
tenpower_60xg_110s3p,tenpower_60xg,Tenpower,INR21700-60XG,110,3,330,31.35,254.23515114,7.128,6.98643,29.1328125,1255.1177676414636,1295.4887353890088,275.0,64.35778742318166,0.1482039729752195,0.8081800871005632,100.0
molicel_p50b_135s3p,molicel_p50b,Molicel,INR-21700-P50B,135,3,405,35.94375,258.82890114,7.29,7.1452125,30.1484375,1255.2215651220267,1295.595871524197,275.0,64.36310977329204,0.15118396216587282,0.7921845249302423,99.05207183666185
tenpower_50xg_135s3p,tenpower_50xg,Tenpower,INR21700-50XG,135,3,405,37.96875,260.85390114,7.29,7.1452125,28.8671875,1258.684795759742,1299.1704972644134,275.0,64.54069140501282,0.15579443831989045,0.7666259807421678,94.02086235082044
reliance_rs50_130s3p,reliance_rs50,Reliance,INR21700-RS50,130,3,390,32.6625,255.54765114,7.02,6.880574999999999,26.90625,1262.9139693905513,1303.535702618022,275.0,64.75754775469132,0.1497808934492102,0.7947349005010909,99.55411427186829
molicel_p50b_130s3p,molicel_p50b,Molicel,INR-21700-P50B,130,3,390,34.6125,257.49765114,7.02,6.880574999999999,27.7109375,1263.797666234762,1304.4478236449795,275.0,64.80286045371648,0.14558014520982024,0.8170954121077058,100.0
reliance_rs50_125s3p,reliance_rs50,Reliance,INR21700-RS50,125,3,375,31.40625,254.29140114,6.75,6.615937499999999,26.9296875,1264.7051554456884,1305.384502322114,275.0,64.84939313712783,0.14328447674817676,0.8295910122933609,100.0
ampace_jp50_130s3p,ampace_jp50,Ampace,JP50P1 (JP50),130,3,390,35.099999999999994,257.98515114,6.981,6.880574999999999,26.75,1265.6233450154614,1306.3322255360304,275.0,64.89647449528331,0.14970671023292503,0.7934265434010167,99.29656366161745
tenpower_50xg_130s3p,tenpower_50xg,Tenpower,INR21700-50XG,130,3,390,36.5625,259.44765114,7.02,6.880574999999999,26.703125,1267.0232030051448,1307.777110074783,275.0,64.96825402485844,0.14979939925716454,0.7920595402832232,99.02746855968961
tenpower_30xg_130s5p,tenpower_30xg,Tenpower,INR18650-30XG,130,5,650,39.0,261.88515114,7.02,6.880574999999999,27.1171875,1267.0279253355425,1307.7819842993322,275.0,64.96849616845938,0.15134349902229838,0.7839755381442159,97.43612955594801
ampace_jp50_125s3p,ampace_jp50,Ampace,JP50P1 (JP50),125,3,375,33.74999999999999,256.63515114,6.7125,6.615937499999999,26.7890625,1267.3198573233494,1308.0833063038913,275.0,64.98346535883952,0.14324357183744718,0.8281158322047111,100.0
tenpower_30xg_125s5p,tenpower_30xg,Tenpower,INR18650-30XG,125,5,625,37.5,260.38515114,6.75,6.6159375,27.203125,1268.4638538460058,1309.2640995701763,275.0,65.04212526065601,0.14486748610344893,0.8180944555910699,100.0
ampace_jp30_130s5p,ampace_jp30,Ampace,JP30P1 (JP30),130,5,650,40.625,263.51015114,7.176,6.880574999999999,27.015625,1268.7972096334274,1309.6081777743218,275.0,65.05921850995601,0.15131952005644977,0.7830063773157324,97.24534986530165
tenpower_50xg_125s3p,tenpower_50xg,Tenpower,INR21700-50XG,125,3,375,35.15625,258.04140114,6.75,6.615937499999999,26.71875,1268.8198558846566,1309.631552444112,275.0,65.0603797257878,0.143251499759976,0.8270910578729318,100.0
ampace_jp30_125s5p,ampace_jp30,Ampace,JP30P1 (JP30),125,5,625,39.0625,261.94765114,6.9,6.6159375,27.1015625,1270.2308514585948,1311.0879328084466,275.0,65.13273034940553,0.14481629425460277,0.8172452076946456,100.0
molicel_p30b_130s5p,molicel_p30b,Molicel,INR-18650-P30B,130,5,650,38.1875,261.07265114,7.02,6.880574999999999,26.078125,1271.3867394174808,1312.281,275.0,65.192,0.14831818181818182,0.7972240632635236,100.0
molicel_p50b_125s3p,molicel_p50b,Molicel,INR-21700-P50B,125,3,375,33.28124999999999,256.16640114,6.75,6.615937499999999,25.59375,1272.894113033567,1313.836858414252,274.0460532590238,65.269292532424,0.1399559920703844,0.8438566831874318,100.0
molicel_p30b_125s5p,molicel_p30b,Molicel,INR-18650-P30B,125,5,625,36.71875,259.60390114,6.75,6.6159375,26.0859375,1273.2264423488484,1314.1798771296956,273.83604136103145,65.28633314803697,0.1418422415112433,0.83241756176014,100.0
reliance_rs50_120s3p,reliance_rs50,Reliance,INR21700-RS50,120,3,360,30.15,253.03515114,6.48,6.351299999999999,24.75,1274.8096270552908,1315.813985104352,272.8370683008966,65.36751299220435,0.13719751115001091,0.8595297275343,100.0
ampace_jp50_120s3p,ampace_jp50,Ampace,JP50P1 (JP50),120,3,360,32.4,255.28515114,6.444,6.351299999999999,24.6796875,1277.0870958689172,1318.164708892445,271.40435345172966,65.48429315224124,0.1372894136966879,0.8574225521987384,100.0
tenpower_30xg_120s5p,tenpower_30xg,Tenpower,INR18650-30XG,120,5,600,36.0,258.88515114,6.48,6.3513,25.03125,1278.1688054893457,1319.2812117930932,270.7256576917914,65.5397592125584,0.13862947933085507,0.848415634530109,100.0
tenpower_50xg_120s3p,tenpower_50xg,Tenpower,INR21700-50XG,120,3,360,33.75,256.63515114,6.48,6.351299999999999,24.609375,1278.6069622385903,1319.7334618907457,270.4510723172423,65.5622262667687,0.13727263834389694,0.856507999674463,100.0
ampace_jp30_120s5p,ampace_jp30,Ampace,JP30P1 (JP30),120,5,600,37.5,260.38515114,6.624,6.3513,24.9609375,1279.8028388480736,1320.9678039711803,269.70259367566,65.62354638716036,0.13861946929391475,0.8473935778400526,100.0
molicel_p50b_120s3p,molicel_p50b,Molicel,INR-21700-P50B,120,3,360,31.95,254.83515114,6.48,6.351299999999999,23.625,1282.7234736297323,1323.9823812143454,267.88048483225,65.77330571434442,0.13419551948688765,0.8733360973005322,100.0
molicel_p30b_120s5p,molicel_p30b,Molicel,INR-18650-P30B,120,5,600,35.25,258.13515114,6.48,6.3513,24.046875,1283.0356106615518,1324.3045581598442,267.68624123240477,65.78931094449783,0.13586468013380132,0.8623969029928426,100.0
reliance_rs50_115s3p,reliance_rs50,Reliance,INR21700-RS50,115,3,345,28.893750000000004,251.77890114,6.21,6.086662499999999,22.7109375,1285.661210147031,1327.0146102719045,266.05605807498137,65.92394195514984,0.13127147655508842,0.8907494401675522,100.0
ampace_jp50_115s3p,ampace_jp50,Ampace,JP50P1 (JP50),115,3,345,31.05,253.93515114,6.1755,6.086662499999999,22.640625,1287.9246230042222,1329.3508259925504,264.6560840887139,66.04000137783474,0.13133333299721087,0.8887652322020809,100.0
tenpower_30xg_115s5p,tenpower_30xg,Tenpower,INR18650-30XG,115,5,575,34.5,257.38515114,6.21,6.086662499999999,22.921875,1289.069937934786,1330.532980073443,263.94955317286474,66.09872888272245,0.13257921600045705,0.8796310322514961,100.0
tenpower_50xg_115s3p,tenpower_50xg,Tenpower,INR21700-50XG,115,3,345,32.34375,255.22890114,6.21,6.086662499999999,22.5703125,1289.462223115405,1330.9378831396366,263.70784575833704,66.11884381290226,0.13128555123826735,0.888028520257926,100.0
ampace_jp30_115s5p,ampace_jp30,Ampace,JP30P1 (JP30),115,5,575,35.9375,258.82265114,6.348,6.086662499999999,22.8515625,1290.710593395371,1332.226407353846,262.939637277103,66.1828556141649,0.13256174129693163,0.8786287189237986,100.0
molicel_p30b_115s5p,molicel_p30b,Molicel,INR-18650-P30B,115,5,575,33.78125,256.66640114,6.21,6.086662499999999,22.078125,1293.8846752795284,1335.5025838467143,260.99308147900445,66.34561076944267,0.1300374356622188,0.893487546235801,100.0
molicel_p50b_115s3p,molicel_p50b,Molicel,INR-21700-P50B,115,3,345,30.61875,253.50390114,6.21,6.086662499999999,21.65625,1294.0514038600268,1335.6746752659194,260.89109651901407,66.35415999312328,0.12854223557304012,0.9037641130987629,100.0
tenpower_30xg_140s4p,tenpower_30xg,Tenpower,INR18650-30XG,140,4,560,33.6,256.48515114,6.048,5.92788,21.65625,1296.8719321633453,1338.5859260975135,259.1698026677245,66.49878623111141,0.12900279665746686,0.8985789750300479,100.0
tenpower_60xg_140s2p,tenpower_60xg,Tenpower,INR21700-60XG,140,2,280,26.6,249.48515114,6.048,5.92788,20.7421875,1297.424973819163,1339.1567563843473,258.8331735534663,66.5271441575458,0.12520160581810022,0.925465677583606,100.0
reliance_rs50_110s3p,reliance_rs50,Reliance,INR21700-RS50,110,3,330,27.637500000000003,250.52265114,5.94,5.822025,20.7421875,1298.0479238074204,1339.7997436109679,258.45433569200543,66.55908672417434,0.12522743775624087,0.9248307210277393,100.0
ampace_jp30_140s4p,ampace_jp30,Ampace,JP30P1 (JP30),140,4,560,35.0,257.88515114,6.1824,5.92788,21.5859375,1298.5482516350037,1340.3161645248827,258.15033189058136,66.58474168086417,0.12896782841739107,0.8976623086548784,100.0
ampace_jp50_110s3p,ampace_jp50,Ampace,JP50P1 (JP50),110,3,330,29.7,252.58515114,5.907,5.822025,20.671875,1300.34095530427,1342.1665306572888,257.062989426569,66.67666488092867,0.12520852104170144,0.9233393458328394,100.0
tenpower_50xg_110s3p,tenpower_50xg,Tenpower,INR21700-50XG,110,3,330,30.9375,253.82265114,5.94,5.822025,20.671875,1301.408564769025,1343.2684798695796,256.4168671894769,66.7314079375207,0.12534789902196944,0.9215560394737939,100.0
tenpower_30xg_110s5p,tenpower_30xg,Tenpower,INR18650-30XG,110,5,550,33.0,255.88515114,5.94,5.822025,20.8828125,1301.6108176065254,1343.4772381864782,256.2945822457888,66.74177871344085,0.12635032655008904,0.9141026148141284,100.0
molicel_p30b_140s4p,molicel_p30b,Molicel,INR-18650-P30B,140,4,560,32.9,255.78515114,6.048,5.92788,20.8828125,1301.7923106310918,1343.664568949327,256.1848813278898,66.7510850030935,0.12643512100810086,0.913362209806854,100.0
ampace_jp30_110s5p,ampace_jp30,Ampace,JP30P1 (JP30),110,5,550,34.375,257.26015114,6.072,5.822025,20.8828125,1302.7911354522632,1344.6955210542326,255.58170261812256,66.80230103809133,0.12650575294248353,0.9121523862428931,100.0
molicel_p30b_110s5p,molicel_p30b,Molicel,INR-18650-P30B,110,5,550,32.3125,255.19765114,5.94,5.822025,20.3203125,1305.3705532990862,1347.3579060913755,254.02829200328912,66.93456402547086,0.12419962214283883,0.9272532903622409,100.0
molicel_p50b_110s3p,molicel_p50b,Molicel,INR-21700-P50B,110,3,330,29.287499999999994,252.17265114,5.94,5.822025,19.8984375,1306.143079287472,1348.1552804426522,253.56424528289648,66.97417629502932,0.1225494453288583,0.9391833089137814,100.0
tenpower_30xg_135s4p,tenpower_30xg,Tenpower,INR18650-30XG,135,4,540,32.400000000000006,255.28515114,5.832,5.71617,20.25,1306.2206407909848,1348.2353367183987,253.51768537656227,66.978153361472,0.12408394291847781,0.927513718570007,100.0
tenpower_60xg_135s2p,tenpower_60xg,Tenpower,INR21700-60XG,135,2,270,25.65,248.53515114,5.832,5.71617,19.40625,1307.4540015485031,1349.5083686276182,252.77804546170427,67.04139553005162,0.1204518340681633,0.9545806649714947,100.0
ampace_jp30_135s4p,ampace_jp30,Ampace,JP30P1 (JP30),135,4,540,33.75,256.63515114,5.961600000000001,5.71617,20.1796875,1307.9994524726662,1350.0713640262798,252.45138627557478,67.06936423189946,0.12398743352497166,0.9269733245432088,100.0
molicel_p30b_135s4p,molicel_p30b,Molicel,INR-18650-P30B,135,4,540,31.725,254.61015114,5.832,5.71617,19.6171875,1310.9336981011977,1353.0999899103433,250.69879215162652,67.21982147286677,0.12187746703182868,0.9409105155511013,100.0
tenpower_30xg_130s4p,tenpower_30xg,Tenpower,INR18650-30XG,130,4,520,31.200000000000003,254.08515114,5.616,5.50446,18.84375,1317.3060065302311,1359.6772641718258,246.91956876660092,67.54656983213935,0.11902401293661541,0.9588070277745201,100.0
tenpower_60xg_130s2p,tenpower_60xg,Tenpower,INR21700-60XG,130,2,260,24.7,247.58515114,5.616,5.50446,18.2109375,1317.6256304209385,1360.0071687916532,246.73097223475875,67.56295896066882,0.11594497249186358,0.984030395069487,100.0
ampace_jp30_130s4p,ampace_jp30,Ampace,JP30P1 (JP30),130,4,520,32.5,255.38515114,5.7408,5.50446,18.84375,1318.4354416943456,1360.843027712256,246.2535462092089,67.60448308145692,0.11915291840944461,0.9569492716993209,100.0
molicel_p30b_130s4p,molicel_p30b,Molicel,INR-18650-P30B,130,4,520,30.55,253.43515114,5.616,5.50446,18.3515625,1321.4091707482885,1363.9124070094044,244.50539745527138,67.75696488614639,0.11703548778747543,0.9720700963127529,100.0
tenpower_30xg_125s4p,tenpower_30xg,Tenpower,INR18650-30XG,125,4,500,30.0,252.88515114,5.4,5.29275,17.578125,1328.796418619292,1371.537266324714,240.19656030399702,68.13575557844756,0.11414141480827991,0.9911759801117193,100.0
tenpower_60xg_125s2p,tenpower_60xg,Tenpower,INR21700-60XG,125,2,250,23.75,246.63515114,5.4,5.29275,16.96875,1329.8736466213377,1372.6491434553502,239.57223350125963,68.19099183798376,0.11112080504029558,1.017294532251898,100.0
ampace_jp30_125s4p,ampace_jp30,Ampace,JP30P1 (JP30),125,4,500,31.25,254.13515114,5.52,5.29275,17.53125,1330.3741161878686,1373.1657106672574,239.28252136985776,68.21665406252154,0.11408397802312918,0.9904989656136413,100.0
molicel_p30b_125s4p,molicel_p30b,Molicel,INR-18650-P30B,125,4,500,29.375,252.26015114,5.4,5.29275,17.109375,1333.3739751349626,1376.262060327751,237.55051993144323,68.37047571128953,0.1122202179340232,1.0046837714644787,100.0
tenpower_30xg_120s4p,tenpower_30xg,Tenpower,INR18650-30XG,120,4,480,28.8,251.68515114,5.184,5.08104,16.3125,1341.7801200324711,1384.9385895774597,232.73839693841194,68.8015116668867,0.1092626308260473,1.0254145204340372,100.0
ampace_jp30_120s4p,ampace_jp30,Ampace,JP30P1 (JP30),120,4,480,30.0,252.88515114,5.2992,5.08104,16.265625,1343.39735997748,1386.6078481802735,231.81951060847484,68.8844377374727,0.1092057465553772,1.0247135680088182,100.0
tenpower_60xg_120s2p,tenpower_60xg,Tenpower,INR21700-60XG,120,2,240,22.8,245.68515114,5.184,5.08104,15.609375,1345.104024555239,1388.3694077666134,230.8522110564428,68.97194917180167,0.10639528965803623,1.0504471229242898,100.0
molicel_p30b_120s4p,molicel_p30b,Molicel,INR-18650-P30B,120,4,480,28.2,251.08515114,5.184,5.08104,15.75,1348.1129969192689,1391.4751639778594,229.15275787059795,69.12623812281409,0.10733897936619012,1.0388879576180439,100.0
reliance_rs50_140s2p,reliance_rs50,Reliance,INR21700-RS50,140,2,280,23.450000000000003,246.33515114,5.04,4.9399,15.234375,1350.871298938492,1394.3221870117368,227.60153313394804,69.26767362757607,0.10501209200003679,1.059739651435862,100.0
ampace_jp50_140s2p,ampace_jp50,Ampace,JP50P1 (JP50),140,2,280,25.2,248.08515114,5.012,4.9399,15.1875,1353.0494325012146,1396.57038042229,226.3810548860557,69.37936024410163,0.10496744606284239,1.0584837015973554,100.0
tenpower_50xg_140s2p,tenpower_50xg,Tenpower,INR21700-50XG,140,2,280,26.25,249.13515114,5.04,4.9399,15.1875,1353.9819397974193,1397.5328818935038,225.85974149829602,69.42717576220434,0.1050629184175119,1.0567935096638856,100.0
tenpower_30xg_115s4p,tenpower_30xg,Tenpower,INR18650-30XG,115,4,460,27.6,250.48515114,4.968,4.86933,15.0,1357.447172695057,1401.1095742965,223.928796983952,69.60486006239321,0.10429075958766562,1.0619001970274908,100.0
molicel_p50b_140s2p,molicel_p50b,Molicel,INR-21700-P50B,140,2,280,24.85,247.73515114,5.04,4.9399,14.765625,1358.6581766606464,1402.3595303057125,223.25630734778292,69.66695585754118,0.1030115117350162,1.0741291477129198,100.0
tenpower_60xg_115s2p,tenpower_60xg,Tenpower,INR21700-60XG,115,2,230,21.85,244.73515114,4.968,4.86933,14.53125,1359.0521013744742,1402.7661256408373,223.03781305895183,69.68715485690751,0.1015998408187473,1.0887378848717006,100.0
ampace_jp30_115s4p,ampace_jp30,Ampace,JP30P1 (JP30),115,4,460,28.75,251.63515114,5.0784,4.86933,14.953125,1359.1667441171992,1402.88445587695,222.97424910622038,69.69303331186698,0.10416338093261324,1.0618536439810953,100.0
molicel_p30b_115s4p,molicel_p30b,Molicel,INR-18650-P30B,115,4,460,27.025,249.91015114,4.968,4.86933,14.625,1362.4994687139429,1406.324377838495,221.13108705585563,69.86392307748658,0.10245389726748305,1.0769304194181284,100.0
reliance_rs50_135s2p,reliance_rs50,Reliance,INR21700-RS50,135,2,270,22.6125,245.49765114,4.86,4.763475,14.34375,1363.173665434057,1407.0202601523797,220.75931881982467,69.89849338659474,0.10079402252473538,1.0941238983399222,100.0
ampace_jp50_135s2p,ampace_jp50,Ampace,JP50P1 (JP50),135,2,270,24.3,247.18515114,4.833,4.763475,14.34375,1364.9036481910553,1408.80588794914,219.80704517071524,69.98720049073357,0.10091174892447545,1.0914623055019301,100.0
tenpower_50xg_135s2p,tenpower_50xg,Tenpower,INR21700-50XG,135,2,270,25.3125,248.19765114,4.86,4.763475,14.34375,1365.8612142659745,1409.7942542167768,219.2809874989409,70.03630093013624,0.10098755986739835,1.0898783308172357,100.0
molicel_p50b_135s2p,molicel_p50b,Molicel,INR-21700-P50B,135,2,270,23.9625,246.84765114,4.86,4.763475,13.96875,1370.2845149108516,1414.3598306960625,216.86050297302387,70.26311139362508,0.09910314050378465,1.1070170304573288,100.0
tenpower_30xg_110s4p,tenpower_30xg,Tenpower,INR18650-30XG,110,4,440,26.4,249.28515114,4.752,4.65762,13.96875,1372.0124565822057,1416.1433517554888,215.91919129092142,70.3517138384567,0.09926259498274634,1.1038467677704304,100.0
ampace_jp30_110s4p,ampace_jp30,Ampace,JP30P1 (JP30),110,4,440,27.5,250.38515114,4.857600000000001,4.65762,13.921875,1373.3633883130929,1417.5377363182479,215.18490899506125,70.42098461081065,0.09915260800678005,1.1039842097667556,100.0
tenpower_60xg_110s2p,tenpower_60xg,Tenpower,INR21700-60XG,110,2,220,20.9,243.78515114,4.752,4.65762,13.546875,1373.8543496478535,1418.0444894653162,214.9184107785986,70.44615928846252,0.09681740624392962,1.130207884260766,100.0
reliance_rs50_130s2p,reliance_rs50,Reliance,INR21700-RS50,130,2,260,21.775,244.66015114,4.68,4.58705,13.5,1375.2099752173176,1419.443718844362,214.18355312897108,70.51567074346244,0.09678312159535361,1.1294937441596582,100.0
molicel_p30b_110s4p,molicel_p30b,Molicel,INR-18650-P30B,110,4,440,25.85,248.73515114,4.752,4.65762,13.640625,1376.3102844323057,1420.5794195970811,213.58816173117629,70.57209052205505,0.09767801912224278,1.1182509362582262,100.0
ampace_jp50_130s2p,ampace_jp50,Ampace,JP50P1 (JP50),130,2,260,23.4,246.28515114,4.654,4.58705,13.5,1376.6822138629466,1420.9633121688998,213.38712118144105,70.59116168481819,0.09690882249457484,1.1268223465020544,100.0
tenpower_50xg_130s2p,tenpower_50xg,Tenpower,INR21700-50XG,130,2,260,24.375,247.26015114,4.68,4.58705,13.453125,1378.451921468566,1422.7899425673525,212.43202003307212,70.6819057319666,0.09677844176278368,1.1268918058674418,100.0
molicel_p50b_130s2p,molicel_p50b,Molicel,INR-21700-P50B,130,2,260,23.075,245.96015114,4.68,4.58705,13.125,1383.365466253431,1427.861531930304,209.79301912094138,70.9338540980174,0.09524296697966463,1.1409920630298898,100.0
tenpower_30xg_140s3p,tenpower_30xg,Tenpower,INR18650-30XG,140,3,420,25.2,248.08515114,4.536,4.44591,12.84375,1390.4879154319285,1435.2130752810633,206.0007566791145,71.29906689476039,0.09425243552206292,1.1470772568951415,100.0
reliance_rs50_125s2p,reliance_rs50,Reliance,INR21700-RS50,125,2,250,20.9375,243.82265114,4.5,4.410625,12.5625,1391.330051878574,1436.0822991167993,205.55493800747573,71.34224853062902,0.09276166953463405,1.1648063968842441,100.0
ampace_jp30_140s3p,ampace_jp30,Ampace,JP30P1 (JP30),140,3,420,26.25,249.13515114,4.6368,4.44591,12.84375,1391.4782415946795,1436.2352553674914,205.4765436770416,71.34984715005207,0.09431914998656939,1.145450091803423,100.0
ampace_jp50_125s2p,ampace_jp50,Ampace,JP50P1 (JP50),125,2,250,22.5,245.38515114,4.475,4.410625,12.515625,1393.651198351862,1438.478105460122,204.3289352041167,71.46126831917576,0.09266441873347554,1.1640868167056058,100.0
tenpower_50xg_125s2p,tenpower_50xg,Tenpower,INR21700-50XG,125,2,250,23.4375,246.32265114,4.5,4.410625,12.515625,1394.528357945824,1439.383478965631,203.86669219711666,71.50624581223641,0.09272285563058358,1.162621421920477,100.0
molicel_p30b_140s3p,molicel_p30b,Molicel,INR-18650-P30B,140,3,420,24.675,247.56015114,4.536,4.44591,12.515625,1395.9469634545312,1440.8477140389218,203.12034905253122,71.57898664510526,0.09284136644306652,1.159957366055101,100.0
molicel_p50b_125s2p,molicel_p50b,Molicel,INR-21700-P50B,125,2,250,22.1875,245.07265114,4.5,4.410625,12.1875,1399.5382479719888,1444.55451252261,201.23770031401415,71.76313440518757,0.09120761090471048,1.1777052675281712,100.0
tenpower_30xg_135s3p,tenpower_30xg,Tenpower,INR18650-30XG,135,3,405,24.3,247.18515114,4.374,4.2871275,12.0,1405.9803595307462,1451.2038351373094,197.88467069286688,72.09346201024893,0.09044255323604133,1.1822257136980887,100.0
reliance_rs50_120s2p,reliance_rs50,Reliance,INR21700-RS50,120,2,240,20.1,242.98515114,4.32,4.2342,11.71875,1407.351453263038,1452.6190302139307,197.17499733711588,72.16376661531072,0.08870066221979955,1.2042677082994602,100.0
ampace_jp30_135s3p,ampace_jp30,Ampace,JP30P1 (JP30),135,3,405,25.3125,248.19765114,4.4712,4.2871275,12.0,1407.688814851239,1452.9672430657724,197.00059207615448,72.18106526722845,0.09046910298816452,1.1804443699885006,100.0
ampace_jp50_120s2p,ampace_jp50,Ampace,JP50P1 (JP50),120,2,240,21.6,244.48515114,4.296,4.2342,11.6875,1410.303163543399,1455.6656825018076,195.65188527877703,72.31511937889661,0.08858895698246332,1.2032625517891087,100.0
molicel_p30b_135s3p,molicel_p30b,Molicel,INR-18650-P30B,135,3,405,23.79375,246.67890114,4.374,4.2871275,11.78125,1410.7707415762748,1456.1483002211346,195.41119511088655,72.33909504749074,0.08923946676608968,1.1940954914699644,100.0
tenpower_50xg_120s2p,tenpower_50xg,Tenpower,INR21700-50XG,120,2,240,22.5,245.38515114,4.32,4.2342,11.6875,1411.223997940704,1456.6161356143543,195.17802939758818,72.36233635400572,0.08864416952552388,1.20172844367868,100.0
molicel_p50b_120s2p,molicel_p50b,Molicel,INR-21700-P50B,120,2,240,21.3,244.18515114,4.32,4.2342,11.4375,1415.263037295195,1460.7850910067782,193.10684797529674,72.56944332266785,0.08725918538176147,1.2173182997649752,100.0
tenpower_30xg_130s3p,tenpower_30xg,Tenpower,INR18650-30XG,130,3,390,23.4,246.28515114,4.212,4.128345,11.3125,1420.445798274466,1466.1345559254974,190.46643095147135,72.83519609740219,0.08676102998570841,1.2198406556323291,100.0
ampace_jp30_130s3p,ampace_jp30,Ampace,JP30P1 (JP30),130,3,390,24.375,247.26015114,4.3056,4.128345,11.3125,1421.3837622130245,1467.1026895524215,189.99063219800993,72.88329141190145,0.08682114464820188,1.2181916328419844,100.0
reliance_rs50_115s2p,reliance_rs50,Reliance,INR21700-RS50,115,2,230,19.2625,242.14765114,4.14,4.057775,10.9375,1424.613977894553,1470.4368053909382,188.35684253213353,73.04892490026607,0.08455216214560148,1.2480458782586323,100.0
molicel_p30b_130s3p,molicel_p30b,Molicel,INR-18650-P30B,130,3,390,22.9125,245.79765114,4.212,4.128345,11.09375,1424.710455057273,1470.536385749649,188.30815991864839,73.05387189160793,0.08561250899808337,1.2325048390745796,100.0
ampace_jp50_115s2p,ampace_jp50,Ampace,JP50P1 (JP50),115,2,230,20.7,243.58515114,4.117,4.057775,10.90625,1426.6872626410498,1472.5767775143413,187.31210753795992,73.1552352580849,0.08447990742501596,1.2472980864986494,100.0
tenpower_50xg_115s2p,tenpower_50xg,Tenpower,INR21700-50XG,115,2,230,21.5625,244.44765114,4.14,4.057775,10.90625,1427.4148042870993,1473.327720598156,186.94621626397003,73.19254089728874,0.08453824900560986,1.2458020015980054,100.0
molicel_p50b_115s2p,molicel_p50b,Molicel,INR-21700-P50B,115,2,230,20.4125,243.29765114,4.14,4.057775,10.625,1432.594381909982,1478.6738997675634,184.35207226297192,73.45813044130563,0.08311352600959328,1.2625759671459784,100.0
tenpower_30xg_125s3p,tenpower_30xg,Tenpower,INR18650-30XG,125,3,375,22.5,245.38515114,4.05,3.9695625,10.5625,1436.1914904973598,1482.3867096528663,182.56150298009933,73.64257683810835,0.08295945202469067,1.2617527076113553,100.0
ampace_jp30_125s3p,ampace_jp30,Ampace,JP30P1 (JP30),125,3,375,23.4375,246.32265114,4.14,3.9695625,10.5625,1437.0348228863131,1483.2571678984946,182.14300601468094,73.68581979746614,0.08301248227038588,1.260206677512461,100.0
molicel_p30b_125s3p,molicel_p30b,Molicel,INR-18650-P30B,125,3,375,22.03125,244.91640114,4.05,3.9695625,10.375,1440.2850493645042,1486.6119381826186,180.53469123226589,73.85247936531982,0.08201854223307159,1.2726001516479553,100.0
ampace_jp50_110s2p,ampace_jp50,Ampace,JP50P1 (JP50),110,2,220,19.8,242.68515114,3.938,3.88135,10.0625,1445.739557825234,1492.2418913632175,177.85187900204588,74.13216634375631,0.08041732228384818,1.2930424925588873,100.0
tenpower_50xg_110s2p,tenpower_50xg,Tenpower,INR21700-50XG,110,2,220,20.625,243.51015114,3.96,3.88135,10.0625,1446.5591879982192,1493.0878850091226,177.45049058120014,74.17419394132408,0.08045988383972785,1.291626241739128,100.0
molicel_p50b_110s2p,molicel_p50b,Molicel,INR-21700-P50B,110,2,220,19.525,242.41015114,3.96,3.88135,9.84375,1451.9247793360594,1498.6260610401532,174.83405262080743,74.44932157924232,0.07922164264359804,1.30696665936728,100.0
tenpower_30xg_120s3p,tenpower_30xg,Tenpower,INR18650-30XG,120,3,360,21.6,244.48515114,3.888,3.81078,9.8125,1454.4538017824134,1501.2364297045651,173.60751235509613,74.57900047726059,0.07922498333659535,1.3046390741554417,100.0
reliance_rs50_110s2p,reliance_rs50,Reliance,INR21700-RS50,110,2,220,18.425,241.31015114,3.96,3.88135,9.453125,1454.6818347347305,1501.471797355825,173.49712919126316,74.59069316192257,0.08053364237069667,1.2832377049422987,100.0
ampace_jp30_120s3p,ampace_jp30,Ampace,JP30P1 (JP30),120,3,360,22.5,245.38515114,3.9744,3.81078,9.8125,1455.1581376686568,1501.963420613373,173.2666783895923,74.61511621110647,0.07928141825464896,1.3030793614114144,100.0
molicel_p30b_120s3p,molicel_p30b,Molicel,INR-18650-P30B,120,3,360,21.15,244.03515114,3.888,3.81078,9.625,1459.4189636379615,1506.3612964055862,171.2118441528958,74.83359557539352,0.07815599819212465,1.3179840967422878,100.0
tenpower_30xg_115s3p,tenpower_30xg,Tenpower,INR18650-30XG,115,3,345,20.7,243.58515114,3.726,3.6519975,9.125,1473.450944759641,1520.8446173711452,164.52876662015464,75.55310356216366,0.07548705113528689,1.3515880007705747,100.0
ampace_jp30_115s3p,ampace_jp30,Ampace,JP30P1 (JP30),115,3,345,21.5625,244.44765114,3.8088,3.6519975,9.125,1474.2792304033685,1521.6995448917312,164.1382514766425,75.5955749801923,0.075528415640133,1.350088840244908,100.0
molicel_p30b_115s3p,molicel_p30b,Molicel,INR-18650-P30B,115,3,345,20.26875,243.15390114,3.726,3.6519975,8.9375,1478.709784142588,1526.272607761744,162.05678946336195,75.82275735547768,0.07456065174626507,1.3635147087706463,100.0
tenpower_30xg_110s3p,tenpower_30xg,Tenpower,INR18650-30XG,110,3,330,19.8,242.68515114,3.564,3.493215,8.4375,1495.8300220504302,1543.9435195507365,154.1296266508531,76.70061970458431,0.07171645219159581,1.4013655175358566,100.0
ampace_jp30_110s3p,ampace_jp30,Ampace,JP30P1 (JP30),110,3,330,20.625,243.51015114,3.6432,3.493215,8.4375,1496.6410899303205,1544.7806754966748,153.75857833281552,76.74220825949564,0.07175034638211658,1.3999444487387587,100.0
molicel_p30b_110s3p,molicel_p30b,Molicel,INR-18650-P30B,110,3,330,19.3875,242.27265114,3.564,3.493215,8.3125,1499.8663608735603,1548.109687548983,152.2870482354321,76.90758820000693,0.07093881185996612,1.4129148645759457,100.0
