stage,variant_id,maneuver,speed_m_per_s,ax_g,dz_front_mm,dz_rear_mm,rh_front_m,rh_rear_m,downforce_n,aero_front_fraction,fz_front_n,fz_rear_n,sigma_fz_front_n,sigma_fz_rear_n,grip_n,rh_clamped,weight
baseline,baseline,rwd_acceleration,10.0,0.3,3.611366628002821,-3.2903521866640695,0.07294129840455199,0.07888111068350706,138.04900815944336,0.4976980996439598,583.9825354636667,765.1660257670959,0.0,0.013355328079787709,3807.9992148911288,False,0.08333333333333333
baseline,baseline,rwd_acceleration,10.0,0.6,7.222733256005642,-6.580704373328139,0.07662489691048165,0.07563906499158704,133.24467884576862,0.4948363590683144,513.2902565216496,833.4561400522757,0.0,0.026710656159575418,4039.484229267451,False,0.08333333333333333
baseline,baseline,rwd_acceleration,10.0,0.9,10.834099884008463,-9.871056559992208,0.08030854970353049,0.07239801343590756,128.39644960449513,0.49191244001039847,442.59693575051926,901.7253462027692,0.0,0.04006598423936313,4253.147019876826,False,0.08333333333333333
baseline,baseline,rwd_acceleration,15.0,0.3,3.611366628002821,-3.2903521866640695,0.07068165966581023,0.07680672315447802,312.03366817311405,0.4981404767945425,627.347471074175,808.7934201634229,0.0,0.013355328079787709,3957.933014321014,False,0.08333333333333333
baseline,baseline,rwd_acceleration,15.0,0.6,7.222733256005642,-6.580704373328139,0.07445008587868067,0.07362190229302533,301.5664229086697,0.49544080146754693,555.0272557798023,875.8800128255734,0.0,0.026710656159575418,4174.346378577423,False,0.08333333333333333
baseline,baseline,rwd_acceleration,15.0,0.9,10.834099884008463,-9.871056559992208,0.07822565617929368,0.07044352213818646,290.5540570414674,0.4925273322380751,482.56993763650127,942.8311480352733,0.0,0.04006598423936313,4373.23560042099,False,0.08333333333333333
baseline,baseline,rwd_acceleration,20.0,0.3,3.611366628002821,-3.2903521866640695,0.06756708644598776,0.07392253894250195,552.8949912811087,0.497347107279928,687.1195332259326,869.4520195656626,0.0,0.013355328079787709,4154.3528638833,False,0.08333333333333333
baseline,baseline,rwd_acceleration,20.0,0.6,7.222733256005642,-6.580704373328139,0.07135219670598268,0.07076280827796591,540.732008994591,0.4962015562758848,614.479132844667,936.0109288036695,0.0,0.026710656159575418,4353.755907616492,False,0.08333333333333333
baseline,baseline,rwd_acceleration,20.0,0.9,10.834099884008463,-9.871056559992208,0.07525946048136462,0.0676743512600188,520.8825304954273,0.49330678302896436,539.4944730710524,1001.0708493277021,0.0,0.04006598423936313,4532.363300567864,False,0.08333333333333333
baseline,baseline,rwd_acceleration,25.0,0.3,3.611366628002821,-3.2903521866640695,0.06368100152802658,0.07024433058637962,856.7675898583929,0.49504341468928587,761.6977475936267,946.8101044866106,0.0,0.013355328079787709,4384.518355463143,False,0.08333333333333333
baseline,baseline,rwd_acceleration,25.0,0.6,7.222733256005642,-6.580704373328139,0.06754214991745852,0.06714942883961103,838.9592047086265,0.49412412579235715,687.5980924500667,1012.0055670552874,0.0,0.026710656159575418,4560.799860818572,False,0.08333333333333333
baseline,baseline,rwd_acceleration,25.0,0.9,10.834099884008463,-9.871056559992208,0.07135606158107573,0.06404983887751368,823.1610685289537,0.4941631453875865,614.4049617361468,1077.2996296793708,0.0,0.04006598423936313,4721.124843704336,False,0.08333333333333333
baseline,baseline,braking,10.0,0.5,-6.02628386279297,5.493838689697522,0.063167762072314,0.08757677146226137,146.9884376859575,0.5029125122582018,771.4065206699163,582.2117553241035,0.01747450650937041,0.004231525008409594,6930.200444042141,False,0.08333333333333333
baseline,baseline,braking,10.0,1.0,-12.05256772558594,10.987677379395045,0.05712212676907403,0.09303984152381764,149.02540647227733,0.5010224551401944,887.2880131251533,467.3487472620263,0.03494901301874082,0.008463050016819188,6800.313629120294,False,0.08333333333333333
baseline,baseline,braking,10.0,1.4,-16.873594815820315,15.382748331153062,0.05237788193600245,0.09742725837443433,146.40028940497407,0.4898761091779627,978.2225714291773,375.10163042435073,0.04892861822623715,0.011848270023546863,6616.835099500859,False,0.08333333333333333
baseline,baseline,braking,15.0,0.5,-6.02628386279297,5.493838689697522,0.06072234692758892,0.08539326516200918,332.693455747929,0.5043162019202012,818.3367084383908,628.1340765866147,0.01747450650937041,0.004231525008409594,7279.689539751445,False,0.08333333333333333
baseline,baseline,braking,15.0,1.0,-12.05256772558594,10.987677379395045,0.05465212102187338,0.09081782883297383,337.29395665448993,0.5024379721709804,934.6901214141546,514.0809140641312,0.03494901301874082,0.008463050016819188,7154.162718763366,False,0.08333333333333333
baseline,baseline,braking,15.0,1.4,-16.873594815820315,15.382748331153062,0.05028452148572858,0.09523158370500134,319.10451657993815,0.47653901398819853,1018.3964451961513,421.2798702448587,0.04892861822623715,0.011848270023546863,6949.639593894587,False,0.08333333333333333
baseline,baseline,braking,20.0,0.5,-6.02628386279297,5.493838689697522,0.0572776761206652,0.08232854942093014,593.8183279632887,0.5051994468859317,884.4437038540308,692.5895172786544,0.01747450650937041,0.004231525008409594,7743.2561937124365,False,0.08333333333333333
baseline,baseline,braking,20.0,1.0,-12.05256772558594,10.987677379395045,0.051495015369717415,0.08773037031446161,588.3380777307844,0.49401171663959104,995.2784274827613,579.0146685336717,0.03494901301874082,0.008463050016819188,7603.925614804919,False,0.08333333333333333
baseline,baseline,braking,20.0,1.4,-16.873594815820315,15.382748331153062,0.04766796926864311,0.0921887588927763,547.5235910737117,0.4611577387490839,1068.6109399367244,485.2749127511722,0.04892861822623715,0.011848270023546863,7374.4129155256105,False,0.08333333333333333
baseline,baseline,braking,25.0,0.5,-6.02628386279297,5.493838689697522,0.05310621515939591,0.07844968577111795,917.0844286751741,0.5017056887680985,964.4985959086279,774.16767558,0.01747450650937041,0.004231525008409594,8273.474748607696,False,0.08333333333333333
baseline,baseline,braking,25.0,1.0,-12.05256772558594,10.987677379395045,0.04803239300314504,0.0838253643665112,885.497025231641,0.478317714615622,1061.7299323145155,661.1426374523459,0.03494901301874082,0.008463050016819188,8105.626800672493,False,0.08333333333333333
baseline,baseline,braking,25.0,1.4,-16.873594815820315,15.382748331153062,0.04463383222549993,0.08830951975666462,827.1525095081653,0.4460502080351184,1126.8393438225028,566.8609680826208,0.04892861822623715,0.011848270023546863,7867.069525289322,False,0.08333333333333333
anti-squat,rear00_as-20,rwd_acceleration,10.0,0.3,3.611366628002821,-3.8090074055176446,0.07294534052596746,0.0783652308132608,137.77712345314202,0.497554179171104,583.9049627384645,765.1076561391475,0.0,1.3718899265180071,3807.7901780653137,False,0.08333333333333333
anti-squat,rear00_as-20,rwd_acceleration,10.0,0.6,7.222733256005642,-7.618014811035289,0.07663298986191054,0.07460746472783446,132.69386712140795,0.494549507170543,513.134943943739,833.3360467680059,0.0,2.7437798530360142,4039.0784005873966,False,0.08333333333333333
anti-squat,rear00_as-20,rwd_acceleration,10.0,0.9,10.834099884008463,-11.427022216552935,0.08032070218994733,0.0708508521890344,127.55967148044202,0.4914827006751653,442.3637162619318,901.5401766293301,0.0,4.115669779554022,4252.559248135201,False,0.08333333333333333
anti-squat,rear00_as-20,rwd_acceleration,15.0,0.3,3.611366628002821,-3.8090074055176446,0.07069091325205973,0.07629423712589892,311.4190011843839,0.49798318919037793,627.1698846464633,808.6636730967696,0.0,1.3718899265180071,3957.4942767119014,False,0.08333333333333333
anti-squat,rear00_as-20,rwd_acceleration,15.0,0.6,7.222733256005642,-7.618014811035289,0.07446845573766922,0.07259734291132688,300.3250009892446,0.4951410453765113,554.6747181202743,875.611839525389,0.0,2.7437798530360142,4173.501069290616,False,0.08333333333333333
anti-squat,rear00_as-20,rwd_acceleration,15.0,0.9,10.834099884008463,-11.427022216552935,0.0782532362109771,0.06890723248796829,288.6678449677547,0.4920784742536551,482.04064670262125,942.417332932297,0.0,4.115669779554022,4372.026472997477,False,0.08333333333333333
anti-squat,rear00_as-20,rwd_acceleration,20.0,0.3,3.611366628002821,-3.8090074055176446,0.06758628833216877,0.07341541131890932,551.673096667002,0.4971127210292052,686.751028055693,869.2095774288489,0.0,1.3718899265180071,4153.5921136174275,False,0.08333333333333333
anti-squat,rear00_as-20,rwd_acceleration,20.0,0.6,7.222733256005642,-7.618014811035289,0.07138527624058535,0.06974795120065119,538.5178903738445,0.49588398892709823,613.8443004426099,935.5387018953531,0.0,2.7437798530360142,4352.386257813579,False,0.08333333333333333
anti-squat,rear00_as-20,rwd_acceleration,20.0,0.9,10.834099884008463,-11.427022216552935,0.07530911328642036,0.06615307030503126,517.517807669383,0.4928315481026274,538.5415815058994,1000.3413794798329,0.0,4.115669779554022,4530.417808335303,False,0.08333333333333333
anti-squat,rear00_as-20,rwd_acceleration,25.0,0.3,3.611366628002821,-3.8090074055176446,0.06371600573666547,0.06974475675402107,854.621433099446,0.4947145003689091,761.0259785944993,946.4087951062647,0.0,1.3718899265180071,4383.3795506981105,False,0.08333333333333333
anti-squat,rear00_as-20,rwd_acceleration,25.0,0.6,7.222733256005642,-7.618014811035289,0.06760084320855483,0.0661479878053389,835.1976562653803,0.493652255577398,686.4717040831968,1011.2511812005343,0.0,2.7437798530360142,4558.838313440325,False,0.08333333333333333
anti-squat,rear00_as-20,rwd_acceleration,25.0,0.9,10.834099884008463,-11.427022216552935,0.07144304004631924,0.06256035603185771,817.0261840581737,0.49378764979888984,612.73574996883,1075.9013992112978,0.0,4.115669779554022,4717.829449945494,False,0.08333333333333333
anti-squat,rear01_as-2,rwd_acceleration,10.0,0.3,3.611366628002821,-3.333541111173428,0.07294163499557164,0.07883815285834808,138.0263683481781,0.49768613593272804,583.9760759143386,765.1611654107915,0.0,0.101995391537017,3807.9820880929765,False,0.08333333333333333
anti-squat,rear01_as-2,rwd_acceleration,10.0,0.6,7.222733256005642,-6.667082222346856,0.07662557081696945,0.07555316260777692,133.1988133893155,0.494812559248563,513.2773235200356,833.4461403256631,0.0,0.203990783074034,4039.451555097008,False,0.08333333333333333
anti-squat,rear01_as-2,rwd_acceleration,10.0,0.9,10.834099884008463,-10.000623333520284,0.08030956164963153,0.07226917975439792,128.32677291428732,0.4918768599730143,442.5775153994844,901.7099282087001,0.0,0.30598617461105104,4253.100594547373,False,0.08333333333333333
anti-squat,rear01_as-2,rwd_acceleration,15.0,0.3,3.611366628002821,-3.333541111173428,0.07068243058506782,0.07676404801484837,311.98246731754847,0.49812738520425887,627.3326762915543,808.7826145182609,0.0,0.101995391537017,3957.8967566104384,False,0.08333333333333333
anti-squat,rear01_as-2,rwd_acceleration,15.0,0.6,7.222733256005642,-6.667082222346856,0.07445161554856002,0.07353658610309853,301.46305435954264,0.49541592586579286,554.9978997439474,875.8576845868648,0.0,0.203990783074034,4174.277123682263,False,0.08333333333333333
anti-squat,rear01_as-2,rwd_acceleration,15.0,0.9,10.834099884008463,-10.000623333520284,0.0782279527815269,0.07031559350385409,290.39700351885,0.49249015741099805,482.5258633310499,942.796695579416,0.0,0.30598617461105104,4373.137468336153,False,0.08333333333333333
anti-squat,rear01_as-2,rwd_acceleration,20.0,0.3,3.611366628002821,-3.333541111173428,0.0675686867364334,0.07388031019483411,552.7931807997383,0.49732759275748395,687.0888219042657,869.4318256466444,0.0,0.101995391537017,4154.289785670532,False,0.08333333333333333
anti-squat,rear01_as-2,rwd_acceleration,20.0,0.6,7.222733256005642,-6.667082222346856,0.07135495125697834,0.07067829972158715,540.5476554100717,0.49617519569664253,614.4262700022429,935.9716148538339,0.0,0.203990783074034,4353.643028998167,False,0.08333333333333333
anti-squat,rear01_as-2,rwd_acceleration,20.0,0.9,10.834099884008463,-10.000623333520284,0.07526359508719987,0.06754767176973599,520.6023877377528,0.4932674077160862,539.4151254688127,1001.0101255511047,0.0,0.30598617461105104,4532.203937261898,False,0.08333333333333333
anti-squat,rear01_as-2,rwd_acceleration,25.0,0.3,3.611366628002821,-3.333541111173428,0.06368392007137248,0.07020273133919774,856.5887033247172,0.49501602293296487,761.6417375588759,946.7766712545236,0.0,0.101995391537017,4384.423783695109,False,0.08333333333333333
anti-squat,rear01_as-2,rwd_acceleration,25.0,0.6,7.222733256005642,-6.667082222346856,0.0675470497500677,0.06706604038095121,838.6453959528737,0.494084769703643,687.5040593102142,1011.9426958172637,0.0,0.203990783074034,4560.6375830345,False,0.08333333333333333
anti-squat,rear01_as-2,rwd_acceleration,25.0,0.9,10.834099884008463,-10.000623333520284,0.07136263316679067,0.06392474214697189,822.7208136682501,0.49412099975392193,614.2788458277676,1077.2056181573985,0.0,0.30598617461105104,4720.905500962729,False,0.08333333333333333
anti-squat,rear02_as+17,rwd_acceleration,10.0,0.3,3.611366628002821,-2.8580821631760256,0.07293792953039757,0.07931106774231793,138.27560294857304,0.497817635942829,584.0471878385365,765.214670786791,0.0,1.1678795225249248,3808.1678324320387,False,0.08333333333333333
anti-squat,rear02_as+17,rwd_acceleration,10.0,0.6,7.222733256005642,-5.716164326352051,0.07661815191855638,0.0764988464600336,133.703726060988,0.4950737067744382,513.4197002842998,833.5562198972352,0.0,2.3357590450498495,4039.8000535687297,False,0.08333333333333333
anti-squat,rear02_as+17,rwd_acceleration,10.0,0.9,10.834099884008463,-8.574246489528077,0.08029842135327152,0.07368748672073347,129.09380441345257,0.49226652907036844,442.7913098552592,901.879649502508,0.0,3.5036385675747748,4253.586470729565,False,0.08333333333333333
anti-squat,rear02_as+17,rwd_acceleration,15.0,0.3,3.611366628002821,-2.8580821631760256,0.07067394002847205,0.07723385009401726,312.5462978273927,0.49827144927810074,627.4956193468024,808.9015867179348,0.0,1.1678795225249248,3958.2931447664228,False,0.08333333333333333
anti-squat,rear02_as+17,rwd_acceleration,15.0,0.6,7.222733256005642,-5.716164326352051,0.07443477575493915,0.07447581772747114,302.60096109113147,0.49568892880129284,555.3210737777683,876.1034639188383,0.0,2.3357590450498495,4175.02818003043,False,0.08333333333333333
anti-squat,rear02_as+17,rwd_acceleration,15.0,0.9,10.834099884008463,-8.574246489528077,0.07820267004720366,0.07172393938639113,292.12584491592634,0.49289741067754134,483.0110666192341,943.1759129897699,0.0,3.5036385675747748,4374.192233210583,False,0.08333333333333333
anti-squat,rear02_as+17,rwd_acceleration,20.0,0.3,3.611366628002821,-2.8580821631760256,0.06755105609182414,0.07434519609775314,553.9146165654017,0.4975423942865925,687.4271732324673,869.6541922012743,0.0,1.1678795225249248,4154.981497978516,False,0.08333333333333333
anti-squat,rear02_as+17,rwd_acceleration,20.0,0.6,7.222733256005642,-5.716164326352051,0.07132462705067501,0.0716086431266019,542.5769877847146,0.49646456457897253,615.0082246445704,936.4043263988277,0.0,2.3357590450498495,4354.873944601417,False,0.08333333333333333
anti-squat,rear02_as+17,rwd_acceleration,20.0,0.9,10.834099884008463,-8.574246489528077,0.07521807828555473,0.06894227250615344,523.686017771713,0.4936989259979631,540.288642610732,1001.6784234261653,0.0,3.5036385675747748,4533.9319195706485,False,0.08333333333333333
anti-squat,rear02_as+17,rwd_acceleration,25.0,0.3,3.611366628002821,-2.8580821631760256,0.06365175314916863,0.07066068227851698,858.5597779725448,0.4953176014834001,762.2590559320632,947.1448902052501,0.0,1.1678795225249248,4385.462329267728,False,0.08333333333333333
anti-squat,rear02_as+17,rwd_acceleration,25.0,0.6,7.222733256005642,-5.716164326352051,0.06749298381029344,0.06798402337645339,842.1059027919601,0.49451866424693885,688.5416437505874,1012.6353647964336,0.0,2.3357590450498495,4562.413442505713,False,0.08333333333333333
anti-squat,rear02_as+17,rwd_acceleration,25.0,0.9,10.834099884008463,-8.574246489528077,0.07129028815894464,0.06530193206104501,827.5665188382737,0.4945830710948889,615.6672255548795,1078.2400910152983,0.0,3.5036385675747748,4723.292102947953,False,0.08333333333333333
anti-squat,rear03_as+35,rwd_acceleration,10.0,0.3,3.611366628002821,-2.3826326912035003,0.07293422414704233,0.07978397334687953,138.5248261383138,0.4979486811090832,584.1182981925417,765.2681720276561,0.0,2.4377291276378443,3808.347410579483,False,0.08333333333333333
anti-squat,rear03_as+35,rwd_acceleration,10.0,0.6,7.222733256005642,-4.765265382407001,0.07661073319990022,0.07744451204865856,134.20860287632962,0.4953329702783028,513.5620735988329,833.6662849903729,0.0,4.875458255275689,4040.123895765463,False,0.08333333333333333
anti-squat,rear03_as+35,rwd_acceleration,10.0,0.9,10.834099884008463,-7.147898073610501,0.08028728135076257,0.07510576673507281,129.86076254580988,0.49265178643499685,443.00509867171166,902.0493397522341,0.0,7.313187382913534,4254.016877503207,False,0.08333333333333333
anti-squat,rear03_as+35,rwd_acceleration,15.0,0.3,3.611366628002821,-2.3826326912035003,0.07066544160841626,0.0777036412563149,313.11049069628484,0.49841538150974607,627.6587132918688,809.0205892073145,0.0,2.4377291276378443,3958.683439837735,False,0.08333333333333333
anti-squat,rear03_as+35,rwd_acceleration,15.0,0.6,7.222733256005642,-4.765265382407001,0.0744179364322273,0.07541503357725592,303.7387160948912,0.4959600744594202,555.6442387743315,876.349176424155,0.0,4.875458255275689,4175.754236472324,False,0.08333333333333333
anti-squat,rear03_as+35,rwd_acceleration,15.0,0.9,10.834099884008463,-7.147898073610501,0.07817738812123445,0.07313226382688497,293.85436143375904,0.49330031173862404,483.4962543942234,943.554983473697,0.0,7.313187382913534,4375.190766487743,False,0.08333333333333333
anti-squat,rear03_as+35,rwd_acceleration,20.0,0.3,3.611366628002821,-2.3826326912035003,0.06753339640712547,0.07481006693228483,555.0374022667106,0.49775712545981066,687.7660818918017,869.8766763925945,0.0,2.4377291276378443,4155.66724839306,False,0.08333333333333333
anti-squat,rear03_as+35,rwd_acceleration,20.0,0.6,7.222733256005642,-4.765265382407001,0.07129430375748724,0.07253897724800208,544.6058784294136,0.4967521155089078,615.5901617632152,936.8368346025325,0.0,4.875458255275689,4356.079001443749,False,0.08333333333333333
anti-squat,rear03_as+35,rwd_acceleration,20.0,0.9,10.834099884008463,-7.147898073610501,0.07517256308532683,0.07033686626646608,526.7686840073832,0.4941261795819885,541.1621290197095,1002.3462701350229,0.0,7.313187382913534,4535.601753949527,False,0.08333333333333333
anti-squat,rear03_as+35,rwd_acceleration,25.0,0.3,3.611366628002821,-2.3826326912035003,0.06361950481083116,0.07111860745831361,860.5346624708937,0.49561923564056554,762.8779367823407,947.5134516041471,0.0,2.4377291276378443,4386.495185310341,False,0.08333333333333333
anti-squat,rear03_as+35,rwd_acceleration,25.0,0.6,7.222733256005642,-4.765265382407001,0.06743864358098643,0.06890193226260222,845.5792573706617,0.49495393742488397,689.5844920692252,1013.3291937671465,0.0,4.875458255275689,4564.1658985622125,False,0.08333333333333333
anti-squat,rear03_as+35,rwd_acceleration,25.0,0.9,10.834099884008463,-7.147898073610501,0.0712179454154569,0.0666791450204968,832.4099719740799,0.4950409976331201,617.0555618266126,1079.2734813114682,0.0,7.313187382913534,4725.6168476381645,False,0.08333333333333333
anti-squat,rear04_as+53,rwd_acceleration,10.0,0.3,3.611366628002821,-1.9071947692757576,0.0729305188616691,0.08025686760909986,138.77403683067683,0.4980792733443494,584.1894066661653,765.321668900214,0.0,3.707547884425819,3808.5208221626413,False,0.08333333333333333
anti-squat,rear04_as+53,rwd_acceleration,10.0,0.6,7.222733256005642,-3.814389538551515,0.07660331469336082,0.07839015524839905,134.71344163480495,0.49559037002545053,513.7044428426135,833.7763351258299,0.0,7.415095768851638,4040.4230819253053,False,0.08333333333333333
anti-squat,rear04_as+53,rwd_acceleration,10.0,0.9,10.834099884008463,-5.721584307827273,0.08027614169069458,0.07652401361045433,130.62764397004509,0.4930327087583897,443.2188809163485,902.2189982197149,0.0,11.122643653277459,4254.391816723974,False,0.08333333333333333
anti-squat,rear04_as+53,rwd_acceleration,15.0,0.3,3.611366628002821,-1.9071947692757576,0.07065693535406337,0.07817341945223327,313.67504396631966,0.4985591820117323,627.8219576229938,809.139621511207,0.0,3.707547884425819,3959.067640635582,False,0.08333333333333333
anti-squat,rear04_as+53,rwd_acceleration,15.0,0.6,7.222733256005642,-3.814389538551515,0.07440109765387151,0.07635422955516041,304.87631441718156,0.4962293828544725,555.9673933241081,876.5948210355236,0.0,7.415095768851638,4176.455291673331,False,0.08333333333333333
anti-squat,rear04_as+53,rwd_acceleration,15.0,0.9,10.834099884008463,-5.721584307827273,0.07815210711388129,0.07454056068138809,295.58254555462304,0.49369893651433994,483.981424539969,943.9339053883834,0.0,11.122643653277459,4376.1330681483905,False,0.08333333333333333
anti-squat,rear04_as+53,rwd_acceleration,20.0,0.3,3.611366628002821,-1.9071947692757576,0.06751570768632703,0.07527492065443504,556.1615363212244,0.49797178614117465,688.1055477667725,870.0992775448807,0.0,3.707547884425819,4156.34703495217,False,0.08333333333333333
anti-squat,rear04_as+53,rwd_acceleration,20.0,0.6,7.222733256005642,-3.814389538551515,0.07126398150967159,0.07346929802683902,546.6343185204389,0.4970378681628025,616.1720788200287,937.2691375912317,0.0,7.415095768851638,4357.258196944409,False,0.08333333333333333
anti-squat,rear04_as+53,rwd_acceleration,20.0,0.9,10.834099884008463,-5.721584307827273,0.07512704968501754,0.07173144696574413,529.8503730577606,0.49454924335136463,542.0355808862864,1003.0136627936347,0.0,11.122643653277459,4537.213440310349,False,0.08333333333333333
anti-squat,rear04_as+53,rwd_acceleration,25.0,0.3,3.611366628002821,-1.9071947692757576,0.0635871748907077,0.07157650482083415,862.5133624949672,0.4959209250561911,763.4983832552375,947.882355143287,0.0,3.707547884425819,4387.522349956835,False,0.08333333333333333
anti-squat,rear04_as+53,rwd_acceleration,25.0,0.6,7.222733256005642,-3.814389538551515,0.06738402723739453,0.06981976262141336,849.0655414252976,0.4953905875241164,690.6326393555962,1014.0241885080935,0.0,7.415095768851638,4565.894958653857,False,0.08333333333333333
anti-squat,rear04_as+53,rwd_acceleration,25.0,0.9,10.834099884008463,-5.721584307827273,0.07114560525187985,0.06805637501617397,837.2511520086152,0.49549485299801377,618.4438485871729,1080.3057845681756,0.0,11.122643653277459,4727.879741435619,False,0.08333333333333333
anti-squat,rear05_as+72,rwd_acceleration,10.0,0.3,3.611366628002821,-1.4317704175322583,0.07292681369002099,0.08072974851963548,139.0232339672923,0.4982094145659748,584.2605129572792,765.3751611774079,0.0,4.977330397418988,3808.688066934964,False,0.08333333333333333
anti-squat,rear05_as+72,rwd_acceleration,10.0,0.6,7.222733256005642,-2.8635408350645166,0.07659589643045679,0.07933577204116023,135.21824019353673,0.49584592601955974,513.8468074107658,833.8863698370435,0.0,9.954660794837976,4040.6976127461144,False,0.08333333333333333
anti-squat,rear05_as+72,rwd_acceleration,10.0,0.9,10.834099884008463,-4.295311252596775,0.08026500242039376,0.0779422213206208,131.39444543275658,0.4934093710043133,443.43265568092806,902.3886241864911,0.0,14.931991192256966,4254.711291248176,False,0.08333333333333333
anti-squat,rear05_as+72,rwd_acceleration,15.0,0.3,3.611366628002821,-1.4317704175322583,0.07064842128789466,0.07864318268168168,314.2399557389559,0.49870285091079386,627.985351852872,809.258683167647,0.0,4.977330397418988,3959.445746120766,False,0.08333333333333333
anti-squat,rear05_as+72,rwd_acceleration,15.0,0.6,7.222733256005642,-2.8635408350645166,0.07438425949140816,0.07729340167027855,306.01375123551355,0.49649687374182616,556.2905360542368,876.8403967145609,0.0,9.954660794837976,4177.131344809864,False,0.08333333333333333
anti-squat,rear05_as+72,rwd_acceleration,15.0,0.9,10.834099884008463,-4.295311252596775,0.0781268271325359,0.07594882396543808,297.3103899616619,0.49409335920798675,484.46657499550656,944.3126771363652,0.0,14.931991192256966,4377.019139250883,False,0.08333333333333333
anti-squat,rear05_as+72,rwd_acceleration,20.0,0.3,3.611366628002821,-1.4317704175322583,0.06749798993456287,0.07573975527609572,557.2870172642554,0.49818637621715434,688.4455707761956,870.3219950069731,0.0,4.977330397418988,4157.020855877019,False,0.08333333333333333
anti-squat,rear05_as+72,rwd_acceleration,20.0,0.6,7.222733256005642,-2.8635408350645166,0.07123366043604298,0.07439960150943553,548.6622994708725,0.49732184196169366,616.7539733429124,937.7012335435647,0.0,9.954660794837976,4358.4115291020225,False,0.08333333333333333
anti-squat,rear05_as+72,rwd_acceleration,20.0,0.9,10.834099884008463,-4.295311252596775,0.07508153827795831,0.07312600867674325,532.931071900675,0.4949681904870932,542.9089945002215,1003.6805986011568,0.0,14.931991192256966,4538.766979748858,False,0.08333333333333333
anti-squat,rear05_as+72,rwd_acceleration,25.0,0.3,3.611366628002821,-1.4317704175322583,0.06355476322254673,0.07203437235797736,864.4958839327493,0.49622266940989757,764.1203985638114,948.2516005536041,0.0,4.977330397418988,4388.543821555585,False,0.08333333333333333
anti-squat,rear05_as+72,rwd_acceleration,25.0,0.6,7.222733256005642,-2.8635408350645166,0.06732913292808998,0.0707375101285152,852.564837804197,0.49582861288969426,691.6861211125072,1014.7203549406323,0.0,9.954660794837976,4567.600630938063,False,0.08333333333333333
anti-squat,rear05_as+72,rwd_acceleration,25.0,0.9,10.834099884008463,-4.295311252596775,0.07107624790293113,0.06943512386384926,841.9122450515387,0.49591358879538355,619.774891790853,1081.3052878859571,0.0,14.931991192256966,4730.007361690713,False,0.08333333333333333
anti-squat,rear06_as+90,rwd_acceleration,10.0,0.3,3.611366628002821,-0.9563616039415086,0.07292310864743445,0.08120261412103238,139.2724165172446,0.4983391066951365,584.3316167715608,765.4286486381025,0.0,6.247071410487776,3808.849144771954,False,0.08333333333333333
anti-squat,rear06_as+90,rwd_acceleration,10.0,0.6,7.222733256005642,-1.9127232078830172,0.07658847844189212,0.08028135851260512,135.72299646547592,0.4960996580059126,513.9891667140462,833.9963886697327,0.0,12.494142820975553,4040.947489370663,False,0.08333333333333333
anti-squat,rear06_as+90,rwd_acceleration,10.0,0.9,10.834099884008463,-2.8690848118245262,0.08025386358596276,0.07936038399492065,132.1611637656653,0.4937818464558304,443.64642208069034,902.5582169531831,0.0,18.74121423146333,4254.975304900426,False,0.08333333333333333
anti-squat,rear06_as+90,rwd_acceleration,15.0,0.3,3.611366628002821,-0.9563616039415086,0.07063989943546457,0.07911292899870483,314.8052241716229,0.49884638834716094,628.1488955097387,809.3777737271137,0.0,6.247071410487776,3959.8177553976598,False,0.08333333333333333
anti-squat,rear06_as+90,rwd_acceleration,15.0,0.6,7.222733256005642,-1.9127232078830172,0.07436742201452362,0.0782325460347153,307.1510218543866,0.4967625666211291,556.6136656273599,877.0859024508744,0.0,12.494142820975553,4177.782395552885,False,0.08333333333333333
anti-squat,rear06_as+90,rwd_acceleration,15.0,0.9,10.834099884008463,-2.8690848118245262,0.07810154828181075,0.07735704784899747,299.03788753251155,0.4944836523529846,484.9517037532082,944.6912971640884,0.0,18.74121423146333,4377.8489818963535,False,0.08333333333333333
anti-squat,rear06_as+90,rwd_acceleration,20.0,0.3,3.611366628002821,-0.9563616039415086,0.06748024315441789,0.07620456885916606,558.4138437408118,0.49840089559410844,688.7861508706071,870.5448281508397,0.0,6.247071410487776,4157.688709563989,False,0.08333333333333333
anti-squat,rear06_as+90,rwd_acceleration,20.0,0.6,7.222733256005642,-1.9127232078830172,0.0712033406620838,0.07532988384404594,550.6898129230916,0.49760405607445235,617.3358429237219,938.1331206888648,0.0,12.494142820975553,4359.538996475879,False,0.08333333333333333
anti-squat,rear06_as+90,rwd_acceleration,20.0,0.9,10.834099884008463,-2.8690848118245262,0.0750360290524747,0.07452054562490171,536.0107678672024,0.49538309251475837,543.782366247342,1004.3470748372999,0.0,18.74121423146333,4540.262374506318,False,0.08333333333333333
anti-squat,rear06_as+90,rwd_acceleration,25.0,0.3,3.611366628002821,-0.9563616039415086,0.06352226963519005,0.07249220811256205,866.4822328996906,0.49652446840956765,764.7439859927496,948.6211876081367,0.0,6.247071410487776,4389.559598674956,False,0.08333333333333333
anti-squat,rear06_as+90,rwd_acceleration,25.0,0.6,7.222733256005642,-1.9127232078830172,0.06727395878090593,0.07165517055946244,856.0772304975485,0.496268011930227,692.7449732678926,1015.4176991319225,0.0,12.494142820975553,4569.282924272184,False,0.08333333333333333
anti-squat,rear06_as+90,rwd_acceleration,25.0,0.9,10.834099884008463,-2.8690848118245262,0.07100809589782874,0.07081457553118624,846.4955512717902,0.49631866949117764,621.0828032124175,1082.2890295745185,0.0,18.74121423146333,4732.03948369728,False,0.08333333333333333
anti-dive,front00_ad-20,braking,10.0,0.5,-6.969937311617601,4.998216884595706,0.062218356546332926,0.08707851373569232,147.32008951750387,0.5032789621564836,771.5169093137246,582.2671925960683,2.2642102520353866,1.319495160148709,6930.807007084432,False,0.08333333333333333
anti-dive,front00_ad-20,braking,10.0,1.0,-13.939874623235202,9.996433769191412,0.05522575377716536,0.09204406063209748,149.56423426841238,0.5015440482795929,887.4620013770589,467.4441729081882,4.528420504070773,2.638990320297418,6801.236832628265,False,0.08333333333333333
anti-dive,front00_ad-20,braking,10.0,1.4,-19.51582447252928,13.995007276867977,0.04987560197866649,0.09605199421159431,140.5038997141754,0.47220346939848734,975.5367838055844,374.8392232025442,6.339788705699083,3.6945864484163855,6608.131116709217,False,0.08333333333333333
anti-dive,front00_ad-20,braking,15.0,0.5,-6.969937311617601,4.998216884595706,0.05976021949871166,0.08489001801487,333.7232715882785,0.504884693598008,818.6912442963261,628.2944486488541,2.2642102520353866,1.319495160148709,7281.500428541858,False,0.08333333333333333
anti-dive,front00_ad-20,braking,15.0,1.0,-13.939874623235202,9.996433769191412,0.05280349506754569,0.08982266756055768,335.9740863300433,0.4999928261800183,933.9477920843543,514.1633082317082,4.528420504070773,2.638990320297418,7152.3445515623025,False,0.08333333333333333
anti-dive,front00_ad-20,braking,15.0,1.4,-19.51582447252928,13.995007276867977,0.0479185563296717,0.0938681847189684,307.476983111267,0.4600738408753509,1013.094627651442,420.76792105523236,6.339788705699083,3.6945864484163855,6933.4623264007205,False,0.08333333333333333
anti-dive,front00_ad-20,braking,20.0,0.5,-6.969937311617601,4.998216884595706,0.05633142969561094,0.08182820899185221,594.1163311429792,0.5051135597538543,884.4934659009047,692.6887568216258,2.2642102520353866,1.319495160148709,7743.772368698716,False,0.08333333333333333
anti-dive,front00_ad-20,braking,20.0,1.0,-13.939874623235202,9.996433769191412,0.049892410517415144,0.08676336622014778,576.39100672264,0.4852928206468721,989.8146843346105,578.5048761777505,4.528420504070773,2.638990320297418,7587.217082510577,False,0.08333333333333333
anti-dive,front00_ad-20,braking,20.0,1.4,-19.51582447252928,13.995007276867977,0.04543915516357328,0.090836674807099,530.1559631702482,0.4463345991972824,1060.67704401788,484.52499471828503,6.339788705699083,3.6945864484163855,7351.99336883756,False,0.08333333333333333
anti-dive,front00_ad-20,braking,25.0,0.5,-6.969937311617601,4.998216884595706,0.052359773926218496,0.07798038943319942,908.4076680954465,0.49816514778821763,960.7138785494989,773.6140126492653,2.2642102520353866,1.319495160148709,8261.055681803733,False,0.08333333333333333
anti-dive,front00_ad-20,braking,25.0,1.0,-13.939874623235202,9.996433769191412,0.046567468284443275,0.08289099624278262,866.8927257030808,0.469881625052751,1053.6239569605366,659.9464630420448,4.528420504070773,2.638990320297418,8081.386069624972,False,0.08333333333333333
anti-dive,front00_ad-20,braking,25.0,1.4,-19.51582447252928,13.995007276867977,0.04251429088140711,0.08696511102409474,805.2679068447375,0.4332590770034571,1116.8083843810875,565.9496261923222,6.339788705699083,3.6945864484163855,7841.387085903603,False,0.08333333333333333
anti-dive,front01_ad-2,braking,10.0,0.5,-6.104894326398264,4.998216884595706,0.06308911804446125,0.0870820703024681,146.95100092884934,0.5030493992662776,771.4071648045576,582.1923928109079,0.20463743032888357,1.319495160148709,6930.1176593460395,False,0.08333333333333333
anti-dive,front01_ad-2,braking,10.0,1.0,-12.209788652796528,9.996433769191412,0.05696111418547179,0.0920493170438088,149.14068981491147,0.501610976706276,887.3607791530031,467.3336229054935,0.40927486065776714,2.638990320297418,6800.451932755902,False,0.08333333333333333
anti-dive,front01_ad-2,braking,10.0,1.4,-17.093704113915138,13.995007276867977,0.05216087943096517,0.09604096685037554,146.22007242889416,0.4896643631713129,978.1629486754379,375.0711446900501,0.5729848049208739,3.6945864484163855,6616.494410603438,False,0.08333333333333333
anti-dive,front01_ad-2,braking,15.0,0.5,-6.104894326398264,4.998216884595706,0.060641402490055035,0.08489902435432492,332.72494998959047,0.5045377060884507,818.381499948211,628.1050321976252,0.20463743032888357,1.319495160148709,7279.717340141044,False,0.08333333333333333
anti-dive,front01_ad-2,braking,15.0,1.0,-12.209788652796528,9.996433769191412,0.054481764795431674,0.08982678076297812,337.78989314469345,0.5031928324014799,934.9422021546861,514.0768015687015,0.40927486065776714,2.638990320297418,7154.855140027916,False,0.08333333333333333
anti-dive,front01_ad-2,braking,15.0,1.4,-17.093704113915138,13.995007276867977,0.050063344124807944,0.09384620215974707,319.04626329813686,0.4767545141248393,1018.4169424720834,421.23024632802594,0.5729848049208739,3.6945864484163855,6949.425706150645,False,0.08333333333333333
anti-dive,front01_ad-2,braking,20.0,0.5,-6.104894326398264,4.998216884595706,0.05722419487803434,0.08184431588688554,592.374789674171,0.5048023340154756,883.9614466548637,692.3500053332627,0.20463743032888357,1.319495160148709,7740.864651637954,False,0.08333333333333333
anti-dive,front01_ad-2,braking,20.0,1.0,-12.209788652796528,9.996433769191412,0.05133685860372435,0.08674216201464084,588.246322345073,0.49414983382514366,995.2963868281853,578.9508314953921,0.40927486065776714,2.638990320297418,7603.689559418911,False,0.08333333333333333
anti-dive,front01_ad-2,braking,20.0,1.4,-17.093704113915138,13.995007276867977,0.04743007564572215,0.09080335509924885,548.1078804963363,0.4619115170405809,1068.952240642039,485.22575675716996,0.5729848049208739,3.6945864484163855,7374.967567600527,False,0.08333333333333333
anti-dive,front01_ad-2,braking,25.0,0.5,-6.104894326398264,4.998216884595706,0.053078164144029834,0.0779740721927156,914.3022425502937,0.5011098866906721,963.5283050178423,773.7468734083454,0.20463743032888357,1.319495160148709,8269.32387516313,False,0.08333333333333333
anti-dive,front01_ad-2,braking,25.0,1.0,-12.209788652796528,9.996433769191412,0.04792559938060724,0.08286619258500713,882.2124807648003,0.47790460094130033,1060.7621773933186,660.4681201401224,0.40927486065776714,2.638990320297418,8100.65591571962,False,0.08333333333333333
anti-dive,front01_ad-2,braking,25.0,1.4,-17.093704113915138,13.995007276867977,0.04436041655333029,0.08692226045916736,829.1782609187031,0.44742799214854806,1127.8623515590991,566.8508360512933,0.5729848049208739,3.6945864484163855,7869.18935005482,False,0.08333333333333333
anti-dive,front02_ad+17,braking,10.0,0.5,-5.240503559696762,4.998216884595706,0.06395921857211613,0.08708562284985948,146.5824173264492,0.5028192397425534,771.2975882549952,582.1176775592703,1.853382530356724,1.319495160148709,6929.4130455141385,False,0.08333333333333333
anti-dive,front02_ad+17,braking,10.0,1.0,-10.481007119393524,9.996433769191412,0.05869515313287971,0.09205456556138472,148.71813082490482,0.501679355676842,887.2598836355016,467.22323892799164,3.706765060713448,2.638990320297418,6799.604147527189,False,0.08333333333333333
anti-dive,front02_ad+17,braking,10.0,1.4,-14.673409967150935,13.995007276867977,0.05451081614626924,0.09603782904227114,149.0525298377996,0.49847681728920556,979.5131846922843,375.13713737765636,5.189471084998826,3.6945864484163855,6620.427885222316,False,0.08333333333333333
anti-dive,front02_ad+17,braking,15.0,0.5,-5.240503559696762,4.998216884595706,0.0615218951702864,0.08490801604584272,331.7287066032282,0.5041898788916508,818.0724866387225,627.9159238139325,1.853382530356724,1.319495160148709,7277.9212782421,False,0.08333333333333333
anti-dive,front02_ad+17,braking,15.0,1.0,-10.481007119393524,9.996433769191412,0.05622879265109119,0.08984053362561904,336.511073925215,0.5030239195498807,934.5920352995511,513.7875588140973,3.706765060713448,2.638990320297418,7152.528160627714,False,0.08333333333333333
anti-dive,front02_ad+17,braking,15.0,1.4,-14.673409967150935,13.995007276867977,0.052206727941872845,0.09382426031464018,330.5976241999399,0.49224542851779174,1023.7311539466907,421.6917153043202,5.189471084998826,3.6945864484163855,6965.1291630552305,False,0.08333333333333333
anti-dive,front02_ad+17,braking,20.0,0.5,-5.240503559696762,4.998216884595706,0.058116338934252804,0.08186042090494854,590.6321337656221,0.5044882042853461,883.4288307134602,692.0112933203917,1.853382530356724,1.319495160148709,7737.937595508856,False,0.08333333333333333
anti-dive,front02_ad+17,braking,20.0,1.0,-10.481007119393524,9.996433769191412,0.05278045003075815,0.08672100077131079,600.0826464192677,0.5026441684584761,1000.7694970185377,579.395883342137,3.706765060713448,2.638990320297418,7619.955924070273,False,0.08333333333333333
anti-dive,front02_ad+17,braking,20.0,1.4,-14.673409967150935,13.995007276867977,0.04941999141493745,0.09077011812948646,566.0247868686204,0.4764741956971942,1077.2116718850098,485.9247787003412,5.189471084998826,3.6945864484163855,7397.507828779006,False,0.08333333333333333
anti-dive,front02_ad+17,braking,25.0,0.5,-5.240503559696762,4.998216884595706,0.053910194641918,0.07798650100584835,915.0215084985824,0.5020733905927941,964.1493340537479,773.4854773465842,1.853382530356724,1.319495160148709,8270.121790682831,False,0.08333333333333333
anti-dive,front02_ad+17,braking,25.0,1.0,-10.481007119393524,9.996433769191412,0.04928344849059377,0.08284152243697149,897.487376155349,0.4856342408212304,1067.880775893571,660.9869693351445,3.706765060713448,2.638990320297418,8119.608672273338,False,0.08333333333333333
anti-dive,front02_ad+17,braking,25.0,1.4,-14.673409967150935,13.995007276867977,0.04620601258673555,0.08687954539167399,853.0331504263982,0.46077427754566375,1138.8914361561715,567.7491962080684,5.189471084998826,3.6945864484163855,7896.332304074991,False,0.08333333333333333
anti-dive,front03_ad+35,braking,10.0,0.5,-4.376765847538344,4.998216884595706,0.06482865730033975,0.0870891713782236,146.21433842400913,0.5025884805868007,771.1881795294032,582.0430468336423,3.9098476395366744,1.319495160148709,6928.693201905379,False,0.08333333333333333
anti-dive,front03_ad+35,braking,10.0,1.0,-8.753531695076688,9.996433769191412,0.06042786898677505,0.0920598061932342,148.29655544520028,0.5017491923475297,887.1593140719253,467.1130208017157,7.819695279073349,2.638990320297418,6798.6936205797065,False,0.08333333333333333
anti-dive,front03_ad+35,braking,10.0,1.4,-12.254944373107366,13.995007276867977,0.056929735572104234,0.09604309222181628,148.81372609415382,0.49915967816096657,979.5044751626051,375.0264450355128,10.947573390702688,3.6945864484163855,6619.6733699709,False,0.08333333333333333
anti-dive,front03_ad+35,braking,15.0,0.5,-4.376765847538344,4.998216884595706,0.06240169678151362,0.08491699310912916,330.7345376013396,0.5038412077402976,817.7642028683837,627.7271230833271,3.9098476395366744,1.319495160148709,7276.11227597847,False,0.08333333333333333
anti-dive,front03_ad+35,braking,15.0,1.0,-8.753531695076688,9.996433769191412,0.057974422625120946,0.08985425246011103,335.2372085302088,0.5028567946972864,934.2436296830338,513.4990317331116,7.819695279073349,2.638990320297418,7150.144241299991,False,0.08333333333333333
anti-dive,front03_ad+35,braking,15.0,1.4,-12.254944373107366,13.995007276867977,0.05448350698177412,0.09381948884905231,336.23656578684006,0.5001639503250989,1026.4502738449046,421.7920661995565,10.947573390702688,3.6945864484163855,6972.3158578053,False,0.08333333333333333
anti-dive,front03_ad+35,braking,20.0,0.5,-4.376765847538344,4.998216884595706,0.059007860937892745,0.08187652401792408,588.8883680677882,0.5041711449065464,882.8956198105819,691.6726213743531,3.9098476395366744,1.319495160148709,7734.991240945963,False,0.08333333333333333
anti-dive,front03_ad+35,braking,20.0,1.0,-8.753531695076688,9.996433769191412,0.05442755883010231,0.08673091293147638,602.7503582983269,0.5055371347133515,1002.3118201514415,579.1874161487628,7.819695279073349,2.638990320297418,7623.024621068638,False,0.08333333333333333
anti-dive,front03_ad+35,braking,20.0,1.4,-12.254944373107366,13.995007276867977,0.05140889833228874,0.0907369636725647,583.9067612831057,0.4901186717614287,1085.4553724873558,486.62206530523804,10.947573390702688,3.6945864484163855,7419.616042057656,False,0.08333333333333333
anti-dive,front03_ad+35,braking,25.0,0.5,-4.376765847538344,4.998216884595706,0.05480715326118463,0.07800968469526698,912.7712439367161,0.5019142126800126,963.511788563866,772.997890555533,3.9098476395366744,1.319495160148709,8266.63635654537,False,0.08333333333333333
anti-dive,front03_ad+35,braking,25.0,1.0,-8.753531695076688,9.996433769191412,0.05064100811212878,0.082816984862929,912.7176763934492,0.4930865155695415,1074.9798649864374,661.503030361328,7.819695279073349,2.638990320297418,8138.246438421969,False,0.08333333333333333
anti-dive,front03_ad+35,braking,25.0,1.4,-12.254944373107366,13.995007276867977,0.048051072760418076,0.08683696533097675,876.8327462653248,0.4733676856492175,1149.8957132515911,568.6447170321121,10.947573390702688,3.6945864484163855,7922.819597450427,False,0.08333333333333333
anti-dive,front04_ad+53,braking,10.0,0.5,-3.513682001342761,4.998216884595706,0.0656974334249381,0.08709271588801756,145.84676392495774,0.5023571187745921,771.0789384891096,581.9685006244101,5.964755965309205,1.319495160148709,6927.958164849717,False,0.08333333333333333
anti-dive,front04_ad+53,braking,10.0,1.0,-7.027364002685522,9.996433769191412,0.06215926016303227,0.09206503894739321,147.87596181393266,0.5018204939090859,887.0590697080248,467.00296834998244,11.92951193061841,2.638990320297418,6797.720495664173,False,0.08333333333333333
anti-dive,front04_ad+53,braking,10.0,1.4,-9.83830960375973,13.995007276867977,0.05934680567456409,0.09604834594711793,148.57603004858697,0.4998457864454166,979.496120644346,374.9159515309885,16.70131670286577,3.6945864484163855,6618.794777826357,False,0.08333333333333333
anti-dive,front04_ad+53,braking,15.0,0.5,-3.513682001342761,4.998216884595706,0.0632808065907387,0.08492595556409457,329.74243913639424,0.5034916883277039,817.4566471321789,627.5386295870592,5.964755965309205,1.319495160148709,7274.290366465835,False,0.08333333333333333
anti-dive,front04_ad+53,braking,15.0,1.0,-7.027364002685522,9.996433769191412,0.059718653457363394,0.08986793736815454,333.96827858581497,0.5026914713680537,933.8969782869301,513.2112181570183,11.92951193061841,2.638990320297418,7147.703507801624,False,0.08333333333333333
anti-dive,front04_ad+53,braking,15.0,1.4,-9.83830960375973,13.995007276867977,0.056909877009116205,0.09383393356357492,335.25531848678827,0.50051330808451,1026.2634436054332,421.4882727890018,16.70131670286577,3.6945864484163855,6970.074479726854,False,0.08333333333333333
anti-dive,front04_ad+53,braking,20.0,0.5,-3.513682001342761,4.998216884595706,0.0598987599877028,0.08189262519809956,587.1434971942732,0.5038511298920697,882.3618156701976,691.3339900779799,5.964755965309205,1.319495160148709,7732.02562856748,False,0.08333333333333333
anti-dive,front04_ad+53,braking,20.0,1.0,-7.027364002685522,9.996433769191412,0.05620261343412665,0.08676039298951428,599.6339546100739,0.5050352807392354,1001.3736269142887,578.5674075417892,11.92951193061841,2.638990320297418,7617.791331305193,False,0.08333333333333333
anti-dive,front04_ad+53,braking,20.0,1.4,-9.83830960375973,13.995007276867977,0.05341017331498298,0.09070576548251791,601.1614636946172,0.5025705074037277,1093.4265802713446,487.27820872700477,16.70131670286577,3.6945864484163855,7440.53093814822,False,0.08333333333333333
anti-dive,front04_ad+53,braking,25.0,0.5,-3.513682001342761,4.998216884595706,0.055703550311460896,0.07803287463831009,910.5171737669339,0.50175245440577,962.8724717932217,772.5101722412861,5.964755965309205,1.319495160148709,8263.127039509724,False,0.08333333333333333
anti-dive,front04_ad+53,braking,25.0,1.0,-7.027364002685522,9.996433769191412,0.051998270739814265,0.0827925789270862,927.9036431061495,0.500276256173389,1082.059555942047,662.0163227620687,11.92951193061841,2.638990320297418,8156.571293007923,False,0.08333333333333333
anti-dive,front04_ad+53,braking,25.0,1.4,-9.83830960375973,13.995007276867977,0.04989559083157517,0.08679451978034718,900.5772181588873,0.4852702991812098,1160.8752573969314,569.5374088335531,16.70131670286577,3.6945864484163855,7948.654858750393,False,0.08333333333333333
anti-dive,front05_ad+72,braking,10.0,0.5,-2.651252808359389,4.998216884595706,0.06656554616604238,0.08709625637979629,145.47969352266483,0.5021251512554411,770.9698649924713,581.894038919902,8.018105633319577,1.319495160148709,6927.207970688444,False,0.08333333333333333
anti-dive,front05_ad+72,braking,10.0,1.0,-5.302505616718778,9.996433769191412,0.06388932512699595,0.09207026383266674,147.45634806044845,0.5018932675866913,886.9591497878798,466.8930813933853,16.036211266639153,2.638990320297418,6796.684916634744,False,0.08333333333333333
anti-dive,front05_ad+72,braking,10.0,1.4,-7.423507863406289,13.995007276867977,0.06176202431861965,0.09605359023436633,148.33943835777336,0.5005351357245131,979.4881198069121,374.8056565230155,22.45069577329481,3.6945864484163855,6617.792390749413,False,0.08333333333333333
anti-dive,front05_ad+72,braking,15.0,0.5,-2.651252808359389,4.998216884595706,0.06415922388941142,0.0849349034308483,328.75240734184814,0.5031413163075779,817.149817919771,627.350442902194,8.018105633319577,1.319495160148709,7272.4555828009325,False,0.08333333333333333
anti-dive,front05_ad+72,braking,15.0,1.0,-5.302505616718778,9.996433769191412,0.06146148394014263,0.0898815884537834,332.704265756274,0.5025279631476126,933.5520741111616,512.9241159180164,16.036211266639153,2.638990320297418,7145.206085982358,False,0.08333333333333333
anti-dive,front05_ad+72,braking,15.0,1.4,-7.423507863406289,13.995007276867977,0.05933429366886611,0.09384833308526738,334.28059099665677,0.5008687653540971,1026.0789227982257,421.18542985114357,22.45069577329481,3.6945864484163855,6967.717343650307,False,0.08333333333333333
anti-dive,front05_ad+72,braking,20.0,0.5,-2.651252808359389,4.998216884595706,0.060789035207111826,0.08190872441816008,585.3975257223711,0.5035281329195265,881.8274200064877,690.9954000057387,8.018105633319577,1.319495160148709,7729.040798973728,False,0.08333333333333333
anti-dive,front05_ad+72,braking,20.0,1.0,-5.302505616718778,9.996433769191412,0.057976014003904765,0.08678975666426271,596.5356777529704,0.5045350324663405,1000.4420493818631,577.949846645663,16.036211266639153,2.638990320297418,7612.516812750084,False,0.08333333333333333
anti-dive,front05_ad+72,braking,20.0,1.4,-7.423507863406289,13.995007276867977,0.055864634914795284,0.09073822587244613,598.2738529213783,0.5024518258358188,1092.6654642261474,486.59551938558275,22.45069577329481,3.6945864484163855,7435.247489556289,False,0.08333333333333333
anti-dive,front05_ad+72,braking,25.0,0.5,-2.651252808359389,4.998216884595706,0.056599384912015285,0.0780560708010385,908.2593030053054,0.5015880957060193,962.2313855359935,772.0223231177001,8.018105633319577,1.319495160148709,8259.593869973136,False,0.08333333333333333
anti-dive,front05_ad+72,braking,25.0,1.0,-5.302505616718778,9.996433769191412,0.05336037010589889,0.08276915021746183,942.8126062668397,0.507133274147614,1089.0212975725242,662.5090627119365,16.036211266639153,2.638990320297418,8174.290105641479,False,0.08333333333333333
anti-dive,front05_ad+72,braking,25.0,1.4,-7.423507863406289,13.995007276867977,0.05173956071748574,0.08675220825077765,924.2667369377757,0.4965375581486975,1171.830143669633,570.4272819502959,22.45069577329481,3.6945864484163855,7973.84169823944,False,0.08333333333333333
anti-dive,front06_ad+90,braking,10.0,0.5,-1.789479032096365,4.998216884595706,0.06743299476799293,0.08709979285437573,145.11312690057136,0.5018925749525749,770.8609588949134,581.8196617064131,10.06989482573835,1.319495160148709,6926.442655772091,False,0.08333333333333333
anti-dive,front06_ad+90,braking,10.0,1.0,-3.57895806419273,9.996433769191412,0.06561806239108198,0.09207548085769565,147.03771230596038,0.5019675206406455,886.8595535540982,466.78335974992297,20.1397896514767,2.638990320297418,6795.587027440928,False,0.08333333333333333
anti-dive,front06_ad+90,braking,10.0,1.4,-5.010541289869821,13.995007276867977,0.06417538943558457,0.09605882509985274,148.1039476797939,0.5012277194886745,979.4804713224655,374.6955596684723,28.195705512067377,3.6945864484163855,6616.666490920551,False,0.08333333333333333
anti-dive,front06_ad+90,braking,15.0,0.5,-1.789479032096365,4.998216884595706,0.06503694799298904,0.08494383672969331,327.7644383327966,0.5027900872937984,816.8437137157146,627.1625626017246,10.06989482573835,1.319495160148709,7270.6079580603855,False,0.08333333333333333
anti-dive,front06_ad+90,braking,15.0,1.0,-3.57895806419273,9.996433769191412,0.06320291291006204,0.08989520581993958,331.4451517506302,0.5023662836856619,933.2089101759476,512.6377228504084,20.1397896514767,2.638990320297418,7142.652101787708,False,0.08333333333333333
anti-dive,front06_ad+90,braking,15.0,1.4,-5.010541289869821,13.995007276867977,0.061756755480346696,0.09386268760312781,333.31235013866353,0.5012303289954718,1025.8966988101872,420.8835334101856,28.195705512067377,3.6945864484163855,6965.2446938605435,False,0.08333333333333333
anti-dive,front06_ad+90,braking,20.0,0.5,-1.789479032096365,4.998216884595706,0.06167868574379309,0.08192482165118187,583.6504581936024,0.5032021273257464,881.2924345239734,690.6568517238687,10.06989482573835,1.319495160148709,7726.036792745621,False,0.08333333333333333
anti-dive,front06_ad+90,braking,20.0,1.0,-3.57895806419273,9.996433769191412,0.05974776121915113,0.08681900461758188,593.4554153038035,0.5040364137752629,999.5170452432696,577.3347195596731,20.1397896514767,2.638990320297418,7607.201129581663,False,0.08333333333333333
anti-dive,front06_ad+90,braking,20.0,1.4,-5.010541289869821,13.995007276867977,0.058316768367367385,0.09077052014118642,595.4121513917804,0.5023419133297399,1091.9138090260208,485.91632382091024,28.195705512067377,3.6945864484163855,7429.87218966619,False,0.08333333333333333
anti-dive,front06_ad+90,braking,25.0,0.5,-1.789479032096365,4.998216884595706,0.0574946562061466,0.07807927315002368,905.9976366353037,0.5014211162608105,961.5885315808048,771.534343887888,10.06989482573835,1.319495160148709,8256.036878295457,False,0.08333333333333333
anti-dive,front06_ad+90,braking,25.0,1.0,-3.57895806419273,9.996433769191412,0.05517477876606452,0.08282039213180889,937.1697739647975,0.5064655404067372,1087.2775736226208,661.4313705108189,20.1397896514767,2.638990320297418,8165.797951483287,False,0.08333333333333333
anti-dive,front06_ad+90,braking,25.0,1.4,-5.010541289869821,13.995007276867977,0.0536724905005664,0.08672422696633071,943.8685726062497,0.5057462698595242,1181.0425742676812,571.0157691864846,28.195705512067377,3.6945864484163855,7993.79195774368,False,0.08333333333333333
validation,chosen,rwd_acceleration,10.0,0.3,3.611366628002821,-1.4317704175323167,0.072926813690021,0.08072974851963542,139.02323396729224,0.4982094145659746,584.260512957279,765.375161177408,0.0,4.977330397418831,3808.6880669349644,False,0.08333333333333333
validation,chosen,rwd_acceleration,10.0,0.6,7.222733256005642,-2.8635408350646334,0.07659589643045679,0.07933577204116012,135.21824019353667,0.49584592601955974,513.8468074107658,833.8863698370435,0.0,9.954660794837663,4040.6976127461144,False,0.08333333333333333
validation,chosen,rwd_acceleration,10.0,0.9,10.834099884008463,-4.2953112525969495,0.08026500242039376,0.07794222132062062,131.39444543275647,0.4934093710043132,443.432655680928,902.388624186491,0.0,14.931991192256497,4254.711291248177,False,0.08333333333333333
validation,chosen,rwd_acceleration,15.0,0.3,3.611366628002821,-1.4317704175323167,0.07064842128789466,0.07864318268168162,314.2399557389558,0.49870285091079375,627.985351852872,809.2586831676468,0.0,4.977330397418831,3959.4457461207658,False,0.08333333333333333
validation,chosen,rwd_acceleration,15.0,0.6,7.222733256005642,-2.8635408350646334,0.07438425949140816,0.07729340167027844,306.0137512355134,0.49649687374182605,556.2905360542367,876.8403967145609,0.0,9.954660794837663,4177.131344809864,False,0.08333333333333333
validation,chosen,rwd_acceleration,15.0,0.9,10.834099884008463,-4.2953112525969495,0.0781268271325359,0.0759488239654379,297.31038996166166,0.4940933592079866,484.4665749955065,944.3126771363652,0.0,14.931991192256497,4377.019139250883,False,0.08333333333333333
validation,chosen,rwd_acceleration,20.0,0.3,3.611366628002821,-1.4317704175323167,0.06749798993456287,0.07573975527609567,557.2870172642554,0.49818637621715434,688.4455707761956,870.3219950069731,0.0,4.977330397418831,4157.020855877019,False,0.08333333333333333
validation,chosen,rwd_acceleration,20.0,0.6,7.222733256005642,-2.8635408350646334,0.07123366043604298,0.07439960150943542,548.6622994708725,0.49732184196169366,616.7539733429124,937.7012335435647,0.0,9.954660794837663,4358.4115291020225,False,0.08333333333333333
validation,chosen,rwd_acceleration,20.0,0.9,10.834099884008463,-4.2953112525969495,0.07508153827795833,0.07312600867674307,532.9310719006746,0.4949681904870933,542.9089945002215,1003.6805986011566,0.0,14.931991192256497,4538.766979748857,False,0.08333333333333333
validation,chosen,rwd_acceleration,25.0,0.3,3.611366628002821,-1.4317704175323167,0.06355476322254673,0.0720343723579773,864.495883932749,0.49622266940989757,764.1203985638114,948.2516005536041,0.0,4.977330397418831,4388.543821555585,False,0.08333333333333333
validation,chosen,rwd_acceleration,25.0,0.6,7.222733256005642,-2.8635408350646334,0.06732913292809,0.07073751012851509,852.5648378041965,0.4958286128896944,691.6861211125071,1014.7203549406321,0.0,9.954660794837663,4567.600630938062,False,0.08333333333333333
validation,chosen,rwd_acceleration,25.0,0.9,10.834099884008463,-4.2953112525969495,0.07107624790293114,0.06943512386384908,841.9122450515379,0.4959135887953834,619.7748917908527,1081.3052878859571,0.0,14.931991192256497,4730.007361690713,False,0.08333333333333333
validation,chosen,braking,10.0,0.5,-2.651252808359389,4.998216884595723,0.06656554616604238,0.08709625637979632,145.47969352266483,0.5021251512554408,770.9698649924713,581.894038919902,8.018105633319577,1.3194951601486673,6927.207970688444,False,0.08333333333333333
validation,chosen,braking,10.0,1.0,-5.302505616718778,9.996433769191446,0.06388932512699595,0.09207026383266677,147.45634806044845,0.5018932675866912,886.9591497878798,466.8930813933853,16.036211266639153,2.6389903202973346,6796.684916634744,False,0.08333333333333333
validation,chosen,braking,10.0,1.4,-7.423507863406289,13.995007276868023,0.06176202431861964,0.09605359023436637,148.3394383577734,0.5005351357245135,979.4881198069121,374.8056565230155,22.45069577329481,3.6945864484162683,6617.792390749413,False,0.08333333333333333
validation,chosen,braking,15.0,0.5,-2.651252808359389,4.998216884595723,0.06415922388941142,0.08493490343084834,328.7524073418481,0.5031413163075775,817.1498179197708,627.3504429021941,8.018105633319577,1.3194951601486673,7272.455582800934,False,0.08333333333333333
validation,chosen,braking,15.0,1.0,-5.302505616718778,9.996433769191446,0.06146148394014263,0.08988158845378343,332.704265756274,0.5025279631476126,933.5520741111616,512.9241159180164,16.036211266639153,2.6389903202973346,7145.206085982358,False,0.08333333333333333
validation,chosen,braking,15.0,1.4,-7.423507863406289,13.995007276868023,0.05933429366886612,0.09384833308526742,334.2805909966567,0.5008687653540969,1026.0789227982257,421.1854298511436,22.45069577329481,3.6945864484162683,6967.717343650307,False,0.08333333333333333
validation,chosen,braking,20.0,0.5,-2.651252808359389,4.998216884595723,0.060789035207111826,0.0819087244181601,585.3975257223713,0.5035281329195268,881.8274200064878,690.9954000057387,8.018105633319577,1.3194951601486673,7729.040798973727,False,0.08333333333333333
validation,chosen,braking,20.0,1.0,-5.302505616718778,9.996433769191446,0.057976014003904765,0.08678975666426274,596.5356777529704,0.5045350324663405,1000.4420493818631,577.949846645663,16.036211266639153,2.6389903202973346,7612.516812750084,False,0.08333333333333333
validation,chosen,braking,20.0,1.4,-7.423507863406289,13.995007276868023,0.055864634914795284,0.09073822587244618,598.2738529213784,0.5024518258358188,1092.6654642261474,486.59551938558275,22.45069577329481,3.6945864484162683,7435.247489556289,False,0.08333333333333333
validation,chosen,braking,25.0,0.5,-2.651252808359389,4.998216884595723,0.05659938491201528,0.07805607080103853,908.2593030053054,0.5015880957060193,962.2313855359935,772.0223231177001,8.018105633319577,1.3194951601486673,8259.593869973136,False,0.08333333333333333
validation,chosen,braking,25.0,1.0,-5.302505616718778,9.996433769191446,0.05336037010589889,0.08276915021746185,942.8126062668399,0.507133274147614,1089.0212975725244,662.5090627119366,16.036211266639153,2.6389903202973346,8174.290105641481,False,0.08333333333333333
validation,chosen,braking,25.0,1.4,-7.423507863406289,13.995007276868023,0.051739560717485734,0.08675220825077769,924.2667369377756,0.4965375581486973,1171.830143669633,570.427281950296,22.45069577329481,3.6945864484162683,7973.84169823944,False,0.08333333333333333
validation,front_min_rear_min,rwd_acceleration,10.0,0.3,3.611366628002821,-3.8090074055177037,0.07294534052596746,0.07836523081326074,137.777123453142,0.49755417917110367,583.9049627384644,765.1076561391475,0.0,1.3718899265181643,3807.7901780653137,False,0.08333333333333333
validation,front_min_rear_min,rwd_acceleration,10.0,0.6,7.222733256005642,-7.618014811035407,0.07663298986191054,0.07460746472783433,132.6938671214079,0.4945495071705432,513.134943943739,833.3360467680059,0.0,2.7437798530363287,4039.0784005873966,False,0.08333333333333333
validation,front_min_rear_min,rwd_acceleration,10.0,0.9,10.834099884008463,-11.427022216553112,0.08032070218994734,0.07085085218903422,127.55967148044192,0.4914827006751653,442.3637162619318,901.5401766293301,0.0,4.115669779554493,4252.559248135201,False,0.08333333333333333
validation,front_min_rear_min,rwd_acceleration,15.0,0.3,3.611366628002821,-3.8090074055177037,0.07069091325205973,0.07629423712589886,311.41900118438383,0.49798318919037793,627.1698846464633,808.6636730967696,0.0,1.3718899265181643,3957.4942767119014,False,0.08333333333333333
validation,front_min_rear_min,rwd_acceleration,15.0,0.6,7.222733256005642,-7.618014811035407,0.07446845573766922,0.07259734291132676,300.32500098924453,0.4951410453765115,554.6747181202743,875.611839525389,0.0,2.7437798530363287,4173.501069290616,False,0.08333333333333333
validation,front_min_rear_min,rwd_acceleration,15.0,0.9,10.834099884008463,-11.427022216553112,0.07825323621097711,0.06890723248796812,288.66784496775455,0.4920784742536552,482.04064670262125,942.4173329322969,0.0,4.115669779554493,4372.026472997477,False,0.08333333333333333
validation,front_min_rear_min,rwd_acceleration,20.0,0.3,3.611366628002821,-3.8090074055177037,0.06758628833216877,0.07341541131890926,551.6730966670018,0.49711272102920506,686.7510280556929,869.2095774288489,0.0,1.3718899265181643,4153.5921136174275,False,0.08333333333333333
validation,front_min_rear_min,rwd_acceleration,20.0,0.6,7.222733256005642,-7.618014811035407,0.07138527624058535,0.06974795120065107,538.5178903738442,0.49588398892709806,613.8443004426099,935.5387018953531,0.0,2.7437798530363287,4352.386257813579,False,0.08333333333333333
validation,front_min_rear_min,rwd_acceleration,20.0,0.9,10.834099884008463,-11.427022216553112,0.07530911328642036,0.06615307030503108,517.5178076693827,0.49283154810262697,538.5415815058993,1000.341379479833,0.0,4.115669779554493,4530.417808335304,False,0.08333333333333333
validation,front_min_rear_min,rwd_acceleration,25.0,0.3,3.611366628002821,-3.8090074055177037,0.06371600573666547,0.06974475675402102,854.6214330994459,0.49471450036890946,761.0259785944994,946.4087951062645,0.0,1.3718899265181643,4383.3795506981105,False,0.08333333333333333
validation,front_min_rear_min,rwd_acceleration,25.0,0.6,7.222733256005642,-7.618014811035407,0.06760084320855483,0.06614798780533879,835.1976562653796,0.49365225557739784,686.4717040831965,1011.2511812005342,0.0,2.7437798530363287,4558.838313440324,False,0.08333333333333333
validation,front_min_rear_min,rwd_acceleration,25.0,0.9,10.834099884008463,-11.427022216553112,0.07144304004631925,0.06256035603185753,817.0261840581728,0.49378764979888967,612.7357499688296,1075.9013992112975,0.0,4.115669779554493,4717.829449945494,False,0.08333333333333333
validation,front_min_rear_min,braking,10.0,0.5,-6.969937311617601,5.632146748058492,0.062218166196308496,0.08771098262243446,147.38884850834302,0.5030937452676122,771.5205623385112,582.2979190667012,2.2642102520353866,0.3736302595678634,6930.9523750188955,False,0.08333333333333333
validation,front_min_rear_min,braking,10.0,1.0,-13.939874623235202,11.264293496116984,0.05523170656277034,0.09331090661707372,149.37839429475443,0.5006384689678165,887.3477609189488,467.46549337946936,4.528420504070773,0.7472605191357268,6800.999325143686,False,0.08333333333333333
validation,front_min_rear_min,braking,10.0,1.4,-19.51582447252928,15.770010894563779,0.04989225277991395,0.09782695049600637,139.86679651949464,0.46978508393162405,975.2172367221381,374.8402186886501,6.339788705699083,1.0461647267900174,6607.291081047387,False,0.08333333333333333
validation,front_min_rear_min,braking,15.0,0.5,-6.969937311617601,5.632146748058492,0.0597623220081764,0.08552143570662744,333.74824194680946,0.5046051234054467,818.6508948421001,628.3472832823456,2.2642102520353866,0.3736302595678634,7281.583177746128,False,0.08333333333333333
validation,front_min_rear_min,braking,15.0,1.0,-13.939874623235202,11.264293496116984,0.05282036791264931,0.091089389338751,335.37433415812825,0.4989559377860075,933.6239833152638,514.1872409148413,4.528420504070773,0.7472605191357268,7151.532060148545,False,0.08333333333333333
validation,front_min_rear_min,braking,15.0,1.4,-19.51582447252928,15.770010894563779,0.04796148031551591,0.09564378136435057,305.8045223553756,0.45720252675217216,1012.2708695076185,420.75544882111024,6.339788705699083,1.0461647267900174,6931.3030061403915,False,0.08333333333333333
validation,front_min_rear_min,braking,20.0,0.5,-6.969937311617601,5.632146748058492,0.05629496595910101,0.08244548325126418,596.2164722864765,0.5056817226831949,885.193244834101,693.039048460178,2.2642102520353866,0.3736302595678634,7747.248937807437,False,0.08333333333333333
validation,front_min_rear_min,braking,20.0,1.0,-13.939874623235202,11.264293496116984,0.04993430503523024,0.08803067840261743,574.8060350847865,0.4838334977460071,989.0106828509436,578.5163918424906,4.528420504070773,0.7472605191357268,7585.134696782498,False,0.08333333333333333
validation,front_min_rear_min,braking,20.0,1.4,-19.51582447252928,15.770010894563779,0.045526247870584055,0.09261421296905999,526.7065442201804,0.4429110351646945,1059.0056397153485,484.4716895457825,6.339788705699083,1.0461647267900174,7347.765340225093,False,0.08333333333333333
validation,front_min_rear_min,braking,25.0,0.5,-6.969937311617601,5.632146748058492,0.05231771322206428,0.07859032241874785,911.031428586819,0.49850247510288687,961.5210694586638,774.1187019857866,2.2642102520353866,0.3736302595678634,8265.05717485432,False,0.08333333333333333
validation,front_min_rear_min,braking,25.0,1.0,-13.939874623235202,11.264293496116984,0.046586839525951315,0.08413268473425708,867.2500552173184,0.4688307036271745,1053.252202414771,660.4968823449291,4.528420504070773,0.7472605191357268,8082.655203101118,False,0.08333333333333333
validation,front_min_rear_min,braking,25.0,1.4,-19.51582447252928,15.770010894563779,0.04266845027449545,0.08874675610488303,799.0715727028538,0.42921393650263834,1113.849896984632,565.8099465178358,6.339788705699083,1.0461647267900174,7834.345260638133,False,0.08333333333333333
validation,front_min_rear_max,rwd_acceleration,10.0,0.3,3.611366628002821,-0.9563616039415936,0.07292310864743447,0.0812026141210323,139.27241651724458,0.4983391066951368,584.3316167715608,765.4286486381023,0.0,6.24707141048755,3808.8491447719534,False,0.08333333333333333
validation,front_min_rear_max,rwd_acceleration,10.0,0.6,7.222733256005642,-1.9127232078831873,0.07658847844189212,0.08028135851260496,135.72299646547586,0.4960996580059127,513.9891667140462,833.9963886697326,0.0,12.4941428209751,4040.9474893706624,False,0.08333333333333333
validation,front_min_rear_max,rwd_acceleration,10.0,0.9,10.834099884008463,-2.869084811824781,0.08025386358596276,0.0793603839949204,132.16116376566515,0.49378184645582984,443.6464220806903,902.5582169531831,0.0,18.741214231462653,4254.975304900426,False,0.08333333333333333
validation,front_min_rear_max,rwd_acceleration,15.0,0.3,3.611366628002821,-0.9563616039415936,0.07063989943546457,0.07911292899870474,314.80522417162285,0.4988463883471611,628.1488955097387,809.3777737271137,0.0,6.24707141048755,3959.8177553976598,False,0.08333333333333333
validation,front_min_rear_max,rwd_acceleration,15.0,0.6,7.222733256005642,-1.9127232078831873,0.07436742201452362,0.07823254603471513,307.15102185438644,0.4967625666211292,556.6136656273599,877.0859024508743,0.0,12.4941428209751,4177.782395552884,False,0.08333333333333333
validation,front_min_rear_max,rwd_acceleration,15.0,0.9,10.834099884008463,-2.869084811824781,0.07810154828181075,0.07735704784899722,299.03788753251126,0.4944836523529844,484.9517037532081,944.6912971640884,0.0,18.741214231462653,4377.8489818963535,False,0.08333333333333333
validation,front_min_rear_max,rwd_acceleration,20.0,0.3,3.611366628002821,-0.9563616039415936,0.06748024315441789,0.07620456885916599,558.4138437408117,0.4984008955941088,688.7861508706071,870.5448281508396,0.0,6.24707141048755,4157.688709563988,False,0.08333333333333333
validation,front_min_rear_max,rwd_acceleration,20.0,0.6,7.222733256005642,-1.9127232078831873,0.07120334066208381,0.07532988384404578,550.6898129230913,0.4976040560744525,617.3358429237219,938.1331206888647,0.0,12.4941428209751,4359.538996475879,False,0.08333333333333333
validation,front_min_rear_max,rwd_acceleration,20.0,0.9,10.834099884008463,-2.869084811824781,0.07503602905247471,0.07452054562490146,536.0107678672019,0.49538309251475826,543.7823662473419,1004.3470748372999,0.0,18.741214231462653,4540.262374506318,False,0.08333333333333333
validation,front_min_rear_max,rwd_acceleration,25.0,0.3,3.611366628002821,-0.9563616039415936,0.06352226963519006,0.07249220811256196,866.4822328996902,0.4965244684095675,764.7439859927493,948.6211876081367,0.0,6.24707141048755,4389.559598674956,False,0.08333333333333333
validation,front_min_rear_max,rwd_acceleration,25.0,0.6,7.222733256005642,-1.9127232078831873,0.06727395878090593,0.07165517055946229,856.0772304975479,0.496268011930227,692.7449732678924,1015.4176991319224,0.0,12.4941428209751,4569.282924272184,False,0.08333333333333333
validation,front_min_rear_max,rwd_acceleration,25.0,0.9,10.834099884008463,-2.869084811824781,0.07100809589782875,0.070814575531186,846.4955512717894,0.4963186694911772,621.082803212417,1082.2890295745185,0.0,18.741214231462653,4732.03948369728,False,0.08333333333333333
validation,front_min_rear_max,braking,10.0,0.5,-6.969937311617601,4.871441200971529,0.06221839463399366,0.08695203022995011,147.3063377761873,0.5033160214887787,771.5161783699361,582.2610476691984,2.2642102520353866,1.6580927636336604,6930.776623587324,False,0.08333333333333333
validation,front_min_rear_max,braking,10.0,1.0,-13.939874623235202,9.742882401943058,0.05522456201972993,0.09179071160603372,149.60146546210052,0.501724990159161,887.4848725040347,467.4399173780565,4.528420504070773,3.316185527267321,6801.279198808941,False,0.08333333333333333
validation,front_min_rear_max,braking,10.0,1.4,-19.51582447252928,13.640035362720281,0.049872264492018786,0.09569703091823314,140.63163713507316,0.4726854518579161,975.6008338234143,374.8390418951632,6.339788705699083,4.642659738174249,6608.289279326915,False,0.08333333333333333
validation,front_min_rear_max,braking,15.0,0.5,-6.969937311617601,4.871441200971529,0.059759798509454294,0.08476374456674954,333.71830458646394,0.5049406277520666,818.699323540262,628.283885904011,2.2642102520353866,1.6580927636336604,7281.482614757493,False,0.08333333333333333
validation,front_min_rear_max,braking,15.0,1.0,-13.939874623235202,9.742882401943058,0.05280010903842358,0.08956934243615944,336.09453252818963,0.5002003286376632,934.0127734226115,514.1585499925242,4.528420504070773,3.316185527267321,7152.5025206629,False,0.08333333333333333
validation,front_min_rear_max,braking,15.0,1.4,-19.51582447252928,13.640035362720281,0.04790993076547909,0.09351308951270194,307.81323712349376,0.4606468062027177,1013.2601616449876,420.77051406780015,6.339788705699083,4.642659738174249,6933.886101936579,False,0.08333333333333333
validation,front_min_rear_max,braking,20.0,0.5,-6.969937311617601,4.871441200971529,0.05633871208371471,0.08170476222996137,593.6967930223882,0.5049996976411477,884.3537089185522,692.6187447436828,2.2642102520353866,1.6580927636336604,7743.076250263006,False,0.08333333333333333
validation,front_min_rear_max,braking,20.0,1.0,-13.939874623235202,9.742882401943058,0.04988398380636082,0.08650991872490654,576.7100731161313,0.4855851597837934,989.9764021121603,578.5026915969463,4.528420504070773,3.316185527267321,7587.630970241247,False,0.08333333333333333
validation,front_min_rear_max,braking,20.0,1.4,-19.51582447252928,13.640035362720281,0.045421598488563,0.09048117982785066,530.8518283958038,0.4470189235845784,1061.0139758072578,484.535995541685,6.339788705699083,4.642659738174249,7352.835330642674,False,0.08333333333333333
validation,front_min_rear_max,braking,25.0,0.5,-6.969937311617601,4.871441200971529,0.05236825681266211,0.07785842378755559,907.8797521356914,0.4980961932801853,960.5510826826128,773.5128505362738,2.2642102520353866,1.6580927636336604,8260.249108522843,False,0.08333333333333333
validation,front_min_rear_max,braking,25.0,1.0,-13.939874623235202,9.742882401943058,0.04656784722610775,0.08264449852111558,866.5814843725482,0.47003360399778316,1053.6166847393392,659.7981145979759,4.528420504070773,3.316185527267321,8080.779147842477,False,0.08333333333333333
validation,front_min_rear_max,braking,25.0,1.4,-19.51582447252928,13.640035362720281,0.042483100463175195,0.08660876771959158,806.522747986018,0.4340693271110456,1117.4069626100802,565.9784685339698,6.339788705699083,4.642659738174249,7842.800039927653,False,0.08333333333333333
validation,front_max_rear_min,rwd_acceleration,10.0,0.3,3.611366628002821,-3.8090074055177037,0.07294534052596746,0.07836523081326074,137.777123453142,0.49755417917110367,583.9049627384644,765.1076561391475,0.0,1.3718899265181643,3807.7901780653137,False,0.08333333333333333
validation,front_max_rear_min,rwd_acceleration,10.0,0.6,7.222733256005642,-7.618014811035407,0.07663298986191054,0.07460746472783433,132.6938671214079,0.4945495071705432,513.134943943739,833.3360467680059,0.0,2.7437798530363287,4039.0784005873966,False,0.08333333333333333
validation,front_max_rear_min,rwd_acceleration,10.0,0.9,10.834099884008463,-11.427022216553112,0.08032070218994734,0.07085085218903422,127.55967148044192,0.4914827006751653,442.3637162619318,901.5401766293301,0.0,4.115669779554493,4252.559248135201,False,0.08333333333333333
validation,front_max_rear_min,rwd_acceleration,15.0,0.3,3.611366628002821,-3.8090074055177037,0.07069091325205973,0.07629423712589886,311.41900118438383,0.49798318919037793,627.1698846464633,808.6636730967696,0.0,1.3718899265181643,3957.4942767119014,False,0.08333333333333333
validation,front_max_rear_min,rwd_acceleration,15.0,0.6,7.222733256005642,-7.618014811035407,0.07446845573766922,0.07259734291132676,300.32500098924453,0.4951410453765115,554.6747181202743,875.611839525389,0.0,2.7437798530363287,4173.501069290616,False,0.08333333333333333
validation,front_max_rear_min,rwd_acceleration,15.0,0.9,10.834099884008463,-11.427022216553112,0.07825323621097711,0.06890723248796812,288.66784496775455,0.4920784742536552,482.04064670262125,942.4173329322969,0.0,4.115669779554493,4372.026472997477,False,0.08333333333333333
validation,front_max_rear_min,rwd_acceleration,20.0,0.3,3.611366628002821,-3.8090074055177037,0.06758628833216877,0.07341541131890926,551.6730966670018,0.49711272102920506,686.7510280556929,869.2095774288489,0.0,1.3718899265181643,4153.5921136174275,False,0.08333333333333333
validation,front_max_rear_min,rwd_acceleration,20.0,0.6,7.222733256005642,-7.618014811035407,0.07138527624058535,0.06974795120065107,538.5178903738442,0.49588398892709806,613.8443004426099,935.5387018953531,0.0,2.7437798530363287,4352.386257813579,False,0.08333333333333333
validation,front_max_rear_min,rwd_acceleration,20.0,0.9,10.834099884008463,-11.427022216553112,0.07530911328642036,0.06615307030503108,517.5178076693827,0.49283154810262697,538.5415815058993,1000.341379479833,0.0,4.115669779554493,4530.417808335304,False,0.08333333333333333
validation,front_max_rear_min,rwd_acceleration,25.0,0.3,3.611366628002821,-3.8090074055177037,0.06371600573666547,0.06974475675402102,854.6214330994459,0.49471450036890946,761.0259785944994,946.4087951062645,0.0,1.3718899265181643,4383.3795506981105,False,0.08333333333333333
validation,front_max_rear_min,rwd_acceleration,25.0,0.6,7.222733256005642,-7.618014811035407,0.06760084320855483,0.06614798780533879,835.1976562653796,0.49365225557739784,686.4717040831965,1011.2511812005342,0.0,2.7437798530363287,4558.838313440324,False,0.08333333333333333
validation,front_max_rear_min,rwd_acceleration,25.0,0.9,10.834099884008463,-11.427022216553112,0.07144304004631925,0.06256035603185753,817.0261840581728,0.49378764979888967,612.7357499688296,1075.9013992112975,0.0,4.115669779554493,4717.829449945494,False,0.08333333333333333
validation,front_max_rear_min,braking,10.0,0.5,-1.789479032096365,5.632146748058492,0.06743044021627202,0.08773154943240125,145.30259089030315,0.5019129372881846,770.9099835298075,581.865369066385,10.06989482573835,0.3736302595678634,6926.809980597887,False,0.08333333333333333
validation,front_max_rear_min,braking,10.0,1.0,-3.57895806419273,11.264293496116984,0.06561461165876525,0.09333949366329666,147.33197168027928,0.5018639314229246,886.9257768765284,466.8642661146522,20.1397896514767,0.7472605191357268,6796.178308247312,False,0.08333333333333333
validation,front_max_rear_min,braking,10.0,1.4,-5.010541289869821,15.770010894563779,0.06417239205123276,0.09782899548400989,148.42229373189465,0.5009277799956559,979.5379944015496,374.79720961543865,28.195705512067377,1.0461647267900174,6617.354826115251,False,0.08333333333333333
validation,front_max_rear_min,braking,15.0,0.5,-1.789479032096365,5.632146748058492,0.06503361789306258,0.08557360779749144,328.06718599068097,0.5027157063039304,816.9076219953638,627.2500281510177,10.06989482573835,0.3736302595678634,7271.177174118539,False,0.08333333333333333
validation,front_max_rear_min,braking,15.0,1.0,-3.57895806419273,11.264293496116984,0.06320004867547437,0.09115589851218912,331.8565536869342,0.5020747755272728,933.2638779604613,512.7884560340467,20.1397896514767,0.7472605191357268,7143.498047512412,False,0.08333333333333333
validation,front_max_rear_min,braking,15.0,1.4,-5.010541289869821,15.770010894563779,0.06175687543394484,0.09562890913998888,333.67714598808675,0.5006685559554739,1025.8943967696587,421.0682333754256,28.195705512067377,1.0461647267900174,6966.154975043453,False,0.08333333333333333
validation,front_max_rear_min,braking,20.0,0.5,-1.789479032096365,5.632146748058492,0.0616482047019231,0.08254327730230986,585.4712775774772,0.5036354342110242,881.8773989855476,690.9822969542319,10.06989482573835,0.3736302595678634,7729.0770670048405,False,0.08333333333333333
validation,front_max_rear_min,braking,20.0,1.0,-3.57895806419273,11.264293496116984,0.059755306918364066,0.08807801553473804,593.5380015528128,0.503478324914341,999.3722350080583,577.520822919389,20.1397896514767,0.7472605191357268,7607.620916382727,False,0.08333333333333333
validation,front_max_rear_min,braking,20.0,1.4,-5.010541289869821,15.770010894563779,0.05833449336862134,0.09253532396540934,595.1608601656524,0.5014109210506021,1091.5736468855232,486.1308403483439,28.195705512067377,1.0461647267900174,7430.104935297079,False,0.08333333333333333
validation,front_max_rear_min,braking,25.0,0.5,-1.789479032096365,5.632146748058492,0.057440077166652254,0.07868749004695777,909.1740617856254,0.501973415494313,962.6359629718237,772.07512507203,10.06989482573835,0.3736302595678634,8260.830805647689,False,0.08333333333333333
validation,front_max_rear_min,braking,25.0,1.0,-3.57895806419273,11.264293496116984,0.055084015997072994,0.08404342161473954,942.5391380810916,0.5072764090505566,1089.0194102883418,662.3742159032448,20.1397896514767,0.7472605191357268,8173.487945869054,False,0.08333333333333333
validation,front_max_rear_min,braking,25.0,1.4,-5.010541289869821,15.770010894563779,0.05373897465978065,0.08849548153807575,941.4744612895907,0.5043219143845308,1179.7666706819145,571.0946171139217,28.195705512067377,1.0461647267900174,7991.678381363252,False,0.08333333333333333
validation,front_max_rear_max,rwd_acceleration,10.0,0.3,3.611366628002821,-0.9563616039415936,0.07292310864743447,0.0812026141210323,139.27241651724458,0.4983391066951368,584.3316167715608,765.4286486381023,0.0,6.24707141048755,3808.8491447719534,False,0.08333333333333333
validation,front_max_rear_max,rwd_acceleration,10.0,0.6,7.222733256005642,-1.9127232078831873,0.07658847844189212,0.08028135851260496,135.72299646547586,0.4960996580059127,513.9891667140462,833.9963886697326,0.0,12.4941428209751,4040.9474893706624,False,0.08333333333333333
validation,front_max_rear_max,rwd_acceleration,10.0,0.9,10.834099884008463,-2.869084811824781,0.08025386358596276,0.0793603839949204,132.16116376566515,0.49378184645582984,443.6464220806903,902.5582169531831,0.0,18.741214231462653,4254.975304900426,False,0.08333333333333333
validation,front_max_rear_max,rwd_acceleration,15.0,0.3,3.611366628002821,-0.9563616039415936,0.07063989943546457,0.07911292899870474,314.80522417162285,0.4988463883471611,628.1488955097387,809.3777737271137,0.0,6.24707141048755,3959.8177553976598,False,0.08333333333333333
validation,front_max_rear_max,rwd_acceleration,15.0,0.6,7.222733256005642,-1.9127232078831873,0.07436742201452362,0.07823254603471513,307.15102185438644,0.4967625666211292,556.6136656273599,877.0859024508743,0.0,12.4941428209751,4177.782395552884,False,0.08333333333333333
validation,front_max_rear_max,rwd_acceleration,15.0,0.9,10.834099884008463,-2.869084811824781,0.07810154828181075,0.07735704784899722,299.03788753251126,0.4944836523529844,484.9517037532081,944.6912971640884,0.0,18.741214231462653,4377.8489818963535,False,0.08333333333333333
validation,front_max_rear_max,rwd_acceleration,20.0,0.3,3.611366628002821,-0.9563616039415936,0.06748024315441789,0.07620456885916599,558.4138437408117,0.4984008955941088,688.7861508706071,870.5448281508396,0.0,6.24707141048755,4157.688709563988,False,0.08333333333333333
validation,front_max_rear_max,rwd_acceleration,20.0,0.6,7.222733256005642,-1.9127232078831873,0.07120334066208381,0.07532988384404578,550.6898129230913,0.4976040560744525,617.3358429237219,938.1331206888647,0.0,12.4941428209751,4359.538996475879,False,0.08333333333333333
validation,front_max_rear_max,rwd_acceleration,20.0,0.9,10.834099884008463,-2.869084811824781,0.07503602905247471,0.07452054562490146,536.0107678672019,0.49538309251475826,543.7823662473419,1004.3470748372999,0.0,18.741214231462653,4540.262374506318,False,0.08333333333333333
validation,front_max_rear_max,rwd_acceleration,25.0,0.3,3.611366628002821,-0.9563616039415936,0.06352226963519006,0.07249220811256196,866.4822328996902,0.4965244684095675,764.7439859927493,948.6211876081367,0.0,6.24707141048755,4389.559598674956,False,0.08333333333333333
validation,front_max_rear_max,rwd_acceleration,25.0,0.6,7.222733256005642,-1.9127232078831873,0.06727395878090593,0.07165517055946229,856.0772304975479,0.496268011930227,692.7449732678924,1015.4176991319224,0.0,12.4941428209751,4569.282924272184,False,0.08333333333333333
validation,front_max_rear_max,rwd_acceleration,25.0,0.9,10.834099884008463,-2.869084811824781,0.07100809589782875,0.070814575531186,846.4955512717894,0.4963186694911772,621.082803212417,1082.2890295745185,0.0,18.741214231462653,4732.03948369728,False,0.08333333333333333
validation,front_max_rear_max,braking,10.0,0.5,-1.789479032096365,4.871441200971529,0.06743350591465828,0.08697345187625964,145.07522299588348,0.5018884720064426,770.8511494328386,581.810519216144,10.06989482573835,1.6580927636336604,6926.36785875784,False,0.08333333333333333
validation,front_max_rear_max,braking,10.0,1.0,-3.57895806419273,9.742882401943058,0.06561875322996924,0.09182269903776911,146.97882699568348,0.5019882216322114,886.8462956012262,466.76717504765645,20.1397896514767,3.316185527267321,6795.463470355666,False,0.08333333333333333
validation,front_max_rear_max,braking,10.0,1.4,-5.010541289869821,13.640035362720281,0.06417598977200041,0.09570482002758873,148.04023726828146,0.5012877788458507,979.4689502110738,374.67522557410786,28.195705512067377,4.642659738174249,6616.5184833765015,False,0.08333333333333333
validation,front_max_rear_max,braking,15.0,0.5,-1.789479032096365,4.871441200971529,0.06503761478078392,0.08481789298685043,327.7038517053679,0.5028049470018756,816.8309173296537,627.1450656740711,10.06989482573835,1.6580927636336604,7270.492735256847,False,0.08333333333333333
validation,front_max_rear_max,braking,15.0,1.0,-3.57895806419273,9.742882401943058,0.06320348711527281,0.08964308816905861,331.3628062103507,0.5024246136287638,933.1978905512397,512.6075697049766,20.1397896514767,3.316185527267321,7142.477557291473,False,0.08333333333333333
validation,front_max_rear_max,braking,15.0,1.4,-5.010541289869821,13.640035362720281,0.06175673140960398,0.09350947193776378,333.2394010808707,0.501342825200237,1025.8971607540184,420.84659693745795,28.195705512067377,4.642659738174249,6965.052373799335,False,0.08333333333333333
validation,front_max_rear_max,braking,20.0,0.5,-1.789479032096365,4.871441200971529,0.06168477325965037,0.0818011389399487,583.2867065977597,0.5031153576806024,881.175608445276,690.5918020046448,10.06989482573835,1.6580927636336604,7725.42788632349,False,0.08333333333333333
validation,front_max_rear_max,braking,20.0,1.0,-3.57895806419273,9.742882401943058,0.05974624549892234,0.08656722082016578,593.4392428383458,0.5041481828927638,999.5461335777552,577.2975449924586,20.1397896514767,3.316185527267321,7607.112434509569,False,0.08333333333333333
validation,front_max_rear_max,braking,20.0,1.4,-5.010541289869821,13.640035362720281,0.05831320180300928,0.09041758134188817,595.4635251878274,0.5025284660210622,1091.9822552931255,485.8735644518291,28.195705512067377,4.642659738174249,7429.816898787882,False,0.08333333333333333
validation,front_max_rear_max,braking,25.0,0.5,-1.789479032096365,4.871441200971529,0.05750554858805445,0.07795763507388927,905.3634604644257,0.5013105705010206,961.3794948732394,771.4262925100143,10.06989482573835,1.6580927636336604,8255.077761024322,False,0.08333333333333333
validation,front_max_rear_max,braking,25.0,1.0,-3.57895806419273,9.742882401943058,0.05519846749749444,0.08257750187921274,935.8121111377233,0.5062287238284094,1086.82296099286,661.2071517270425,20.1397896514767,3.316185527267321,8163.869536874386,False,0.08333333333333333
validation,front_max_rear_max,braking,25.0,1.4,-5.010541289869821,13.640035362720281,0.05365906136312248,0.08636996360771462,944.3542083364617,0.5060320007618737,1181.3002940872566,571.0008672320153,28.195705512067377,4.642659738174249,7994.212265830483,False,0.08333333333333333
