candidate_id,previous_raw_endurance_time_s,previous_endurance_points,previous_efficiency_points,previous_pack_aware_performance_points_excluding_efficiency,previous_pack_aware_full_dynamic_points,previous_pack_aware_full_dynamic_points_rank,refreshed_raw_endurance_time_s,refreshed_endurance_points,refreshed_efficiency_points,refreshed_pack_aware_performance_points_excluding_efficiency,refreshed_pack_aware_full_dynamic_points,refreshed_pack_aware_full_dynamic_points_rank,refreshed_endurance_terminal_power_limit_kw,refreshed_terminal_energy_kwh,refreshed_terminal_discharge_energy_kwh,refreshed_terminal_regenerated_energy_kwh,refreshed_pack_resistive_heat_kwh,refreshed_regen_pack_resistive_heat_kwh,refreshed_regen_active_rms_terminal_power_kw,refreshed_regen_whole_event_rms_terminal_power_kw,refreshed_regen_active_rms_error_kw,refreshed_peak_pack_charge_current_a,refreshed_maximum_terminal_voltage_v,refreshed_adiabatic_cell_temperature_rise_c,raw_endurance_time_s_change,endurance_points_change,efficiency_points_change,pack_aware_performance_points_excluding_efficiency_change,pack_aware_full_dynamic_points_change,pack_aware_full_dynamic_points_rank_change
tenpower_60xg_125s3p,1236.396184147111,275.0,84.3438519685037,571.1485579981015,655.4924099666052,48.0,1216.8449572794348,275.0,84.7237074461808,571.1485579981015,655.8722654442823,51.0,47.671875,6.692105632970218,7.506962148944676,0.814856515974457,0.7426867761479552,0.0147918124041345,8.767847864365564,4.716996403647084,0.1935807219556018,23.40168852387305,524.9999879535799,93.81306646079436,-19.551226867676178,0.0,0.37985547767709704,0.0,0.37985547767709704,3.0
reliance_rs50_110s4p,1237.5581472220997,275.0,84.25722495596487,574.4548575294464,658.7120824854112,42.0,1216.0261253241367,275.0,83.23237369292762,574.4548575294464,657.687231222374,45.0,48.71875,6.767884578397529,7.594739263423245,0.8268546850257146,0.4913307995306049,0.0103736953827381,8.802970363471472,4.762103737964253,0.2287032210615098,26.809140659664333,461.9999930671231,59.99969058039951,-21.532021897962977,0.0,-1.0248512630372488,0.0,-1.0248512630372488,3.0
ampace_jp50_110s4p,1240.211626652855,275.0,83.92283468878385,573.4002134175698,657.3230481063537,44.0,1218.4728918638116,275.0,82.8426888244547,573.4002134175698,656.2429022420246,49.0,48.25,6.773130588566114,7.601280556181717,0.828149967615601,0.4888778196775082,0.010394314176565,8.806809553496507,4.761410835134383,0.2325424110865448,26.81265203583804,461.99999297767965,55.55429769062594,-21.73873478904352,0.0,-1.080145864329154,0.0,-1.080145864329097,5.0
tenpower_50xg_110s4p,1241.7179854302497,275.0,83.67683014417838,572.5205894982682,656.1974196424467,46.0,1219.981716255776,275.0,82.68739273131688,572.5205894982682,655.2079822295851,52.0,47.9375,6.772280441331341,7.601831367183011,0.8295509258516703,0.4867962256114885,0.0104128216532097,8.811138044634934,4.7630775127688585,0.2368709022249717,26.808837946936087,461.99999294372645,53.105042793980566,-21.73626917447359,0.0,-0.9894374128615055,0.0,-0.9894374128615482,6.0
tenpower_60xg_120s3p,1244.122620288108,275.0,89.40962966353804,570.4152504438977,659.8248801074357,38.0,1221.9283921512442,275.0,89.70651978162279,570.4152504438977,660.1217702255204,42.0,42.29296875,6.437746718771118,7.231501297145951,0.7937545783748324,0.6853750499444567,0.0149334562828486,8.740314477090998,4.640251681300671,0.1660473346810356,24.33304321762317,503.9999879767256,90.18092762427062,-22.194228136863785,0.0,0.29689011808474675,0.0,0.29689011808477517,4.0
molicel_p50b_110s4p,1244.9442098377676,275.0,86.88744101250059,574.7652065448627,661.6526475573634,35.0,1224.091904117029,275.0,87.42159088321556,574.7652065448627,662.1867974280783,35.0,43.25,6.528119165290004,7.331339673007764,0.8032205077177594,0.7321648939345027,0.0154634554808623,8.74125534875837,4.665674434494621,0.1669882063484085,26.53468974479215,461.9999898360911,84.37239494763796,-20.85230572073874,0.0,0.5341498707149697,0.0,0.5341498707149412,0.0
reliance_rs50_140s3p,1246.6934619029837,275.0,89.9170015467178,574.0024484429794,663.9194499896971,30.0,1222.1493185723816,275.0,89.06544048390131,574.0024484429794,663.0678889268806,32.0,42.625,6.464854389862106,7.266536296487169,0.8016819066250632,0.4453245152475492,0.01048421905022,8.765659244852497,4.669965589365278,0.1913921024425349,21.025211221523985,587.9999875595735,56.97115333657346,-24.544143330602083,0.0,-0.8515610628164865,0.0,-0.8515610628164723,2.0
molicel_p50b_140s3p,1248.1709229430533,275.0,94.33057363124465,575.0,669.3305736312446,19.0,1230.7658992083143,275.0,93.18156945119112,575.0,668.1815694511911,21.0,38.40625,6.243518558895058,7.018815098628727,0.775296539733668,0.6643686513273198,0.0155387084181101,8.693807840071809,4.562568651480566,0.1195406976618471,20.797935604132835,587.999981818378,80.20547098518952,-17.40502373473896,0.0,-1.1490041800535238,0.0,-1.1490041800535664,2.0
ampace_jp50_140s3p,1249.441301261939,275.0,89.63508308744112,573.4802170626772,663.1153001501183,31.0,1224.5565037342585,275.0,88.66786229231694,573.4802170626772,662.1480793549941,36.0,42.3125,6.46976951697427,7.27225673743001,0.8024872204557396,0.4435841752383889,0.0105009109395517,8.763877502952093,4.668688913670316,0.1896103605421313,21.02849468235937,587.9999874415556,52.80763990933202,-24.884797527680576,0.0,-0.9672207951241774,0.0,-0.9672207951241489,5.0
ampace_jp50_135s3p,1249.7594790950031,275.0,95.67533381443394,573.11628959911,668.7916234135439,20.0,1226.6641530826705,275.0,94.63535627924385,573.11628959911,667.7516458783539,23.0,42.34375,6.204292891617624,6.934575152143184,0.7302822605255596,0.4388798516105673,0.0101395093884748,8.893430906645259,4.507507877565952,0.3191637642352969,21.76479609555712,566.9999876004116,54.18269772969968,-23.095326012332634,0.0,-1.03997753519009,0.0,-1.039977535190019,3.0
tenpower_50xg_140s3p,1251.023538290864,275.0,89.40992245726278,572.6994251096532,662.1093475669161,33.0,1226.1911480502984,275.0,88.58488238919577,572.6994251096532,661.284307498849,40.0,42.0,6.464830108921695,7.268200778406623,0.8033706694849275,0.4407091992478936,0.0105067881690095,8.765284502024087,4.667850517985652,0.1910173596141255,21.020177018047704,587.9999874240285,50.366765628330704,-24.8323902405657,0.0,-0.8250400680670111,0.0,-0.8250400680670964,7.0
tenpower_60xg_115s3p,1252.8018417415612,275.0,94.713791163187,569.5669342198373,664.2807253830243,28.0,1228.2307628017934,275.0,95.15910531861381,569.5669342198373,664.7260395384511,30.0,37.9375,6.175035199562063,6.943713002154989,0.768677802592926,0.6268968091866424,0.0150025431715925,8.70138247089328,4.547266841533872,0.1271153284833186,25.330064230947148,482.9999880518197,86.07278844667857,-24.571078939767858,0.0,0.4453141554268143,0.0,0.4453141554267859,2.0
reliance_rs50_135s3p,1254.6422951618374,275.0,94.6184992091608,573.5605887381748,668.1790879473356,22.0,1227.6506667068245,275.0,93.8056021829021,573.5605887381748,667.366190921077,26.0,38.71875,6.233441686652294,7.0132357396429175,0.7797940529906238,0.4127741309362234,0.0105320447341343,8.739025886477284,4.589878619171409,0.1647587440673223,21.76859859745869,566.9999876544205,54.76273710596663,-26.991628455012915,0.0,-0.8128970262586961,0.0,-0.8128970262586108,4.0
tenpower_60xg_110s3p,1255.1177676414636,275.0,100.0,568.5899683288179,668.5899683288179,21.0,1232.1464611352658,275.0,100.0,568.5899683288179,668.5899683288179,20.0,36.953125,5.87636356058474,6.573639477562813,0.6972759169780723,0.6093614113587211,0.0145574988234949,8.816004603026194,4.381922213701489,0.2417374606162319,26.388006806408864,461.99998840332256,87.46814517110829,-22.971306506197834,0.0,0.0,0.0,0.0,-1.0
molicel_p50b_135s3p,1255.2215651220267,275.0,99.05207183666184,575.0,674.0520718366619,5.0,1236.297401843082,275.0,97.87363638819627,575.0,672.8736363881962,7.0,35.359375,6.027141441760088,6.783196707199768,0.7560552654396792,0.6203168803299213,0.0156449541797689,8.663902295223156,4.489932960122575,0.0896351528131944,21.530086762760146,566.9999817001391,77.66095528387122,-18.92416327894466,0.0,-1.1784354484655637,0.0,-1.1784354484656205,2.0
tenpower_50xg_135s3p,1258.684795759742,275.0,94.02086235082044,572.6822771035003,666.7031394543208,26.0,1228.058243919801,275.0,94.42295544538288,572.6822771035003,667.1052325488831,27.0,42.1875,6.205948992127526,6.936257434300219,0.730308442172694,0.4379133955945743,0.0101325311275804,8.885569891916807,4.503312466234888,0.3113027495068454,21.76566105192883,566.9999875971137,51.90084688528288,-30.62655183994093,0.0,0.4020930945624457,0.0,0.4020930945623604,1.0
reliance_rs50_130s3p,1262.9139693905513,275.0,99.55411427186829,573.0367887826515,672.5909030545197,8.0,1230.2861056754437,275.0,100.0,573.0367887826515,673.0367887826515,6.0,38.375,5.971880375482335,6.677182229206427,0.7053018537240934,0.4046671645431899,0.0101471390438954,8.879634172018182,4.423412137303858,0.3053670296082202,22.559594793573783,545.9999877904188,55.75207777862548,-32.62786371510765,0.0,0.4458857281317137,0.0,0.4458857281317705,-2.0
molicel_p50b_130s3p,1263.797666234762,275.0,100.0,575.0,675.0,1.0,1242.9112111431236,274.5380801520149,100.0,574.5380801520149,674.5380801520149,3.0,32.515625,5.806997356619648,6.539963860579109,0.7329665039594605,0.576192163024856,0.015676075850628,8.631536303080573,4.403771195226439,0.0572691606706108,22.290713297700744,545.999981867048,74.91122379521423,-20.886455091638254,-0.46191984798508656,0.0,-0.46191984798508656,-0.46191984798508656,2.0
reliance_rs50_125s3p,1264.7051554456884,275.0,100.0,572.4220023113367,672.4220023113367,9.0,1241.2928863916009,275.0,100.0,572.4220023113367,672.4220023113367,10.0,32.2265625,5.759601578067319,6.4936960031540405,0.7340944250867213,0.3539762601785976,0.0106072791668306,8.678972711161192,4.417460311331964,0.1047055687512301,23.397174914759024,524.9999877816178,50.71898653305279,-23.412269054087574,0.0,0.0,0.0,0.0,1.0
ampace_jp50_130s3p,1265.6233450154614,275.0,99.29656366161744,572.6049653740536,671.901529035671,12.0,1232.563235307409,275.0,99.65850667777285,572.6049653740536,672.2634720518264,11.0,38.171875,5.976475165004747,6.6828495540349175,0.7063743890301701,0.403730271870733,0.0101617783265995,8.87780087611176,4.422018353303503,0.3035337337017978,22.563974520315497,545.9999878298843,51.7602912654786,-33.06010970805232,0.0,0.3619430161554078,0.0,0.36194301615535096,-1.0
tenpower_50xg_130s3p,1267.0232030051448,275.0,99.0274685596896,572.3465088079186,671.3739773676082,15.0,1234.093369499976,275.0,99.48453113877797,572.3465088079186,671.8310399466965,12.0,37.96875,5.975705955040552,6.682506484974023,0.7068005299334692,0.4021260676502987,0.0101642837584791,8.87504877197294,4.420100616498986,0.3007816295629784,22.561079090033704,545.9999877126762,49.49243909542138,-32.929833505168745,0.0,0.45706257908837244,0.0,0.4570625790883014,-3.0
tenpower_30xg_130s5p,1267.0279253355425,275.0,97.436129555948,574.806027723176,672.2421572791241,10.0,1236.8535662241095,275.0,96.06729367714517,574.806027723176,670.8733214003212,15.0,36.1171875,6.095576650418699,6.867414035148405,0.7718373847297051,0.2894904456888557,0.0081595290228018,8.728507449092278,4.549295313369657,0.1542403066823165,22.687682473656352,545.999989956384,33.4027437333295,-30.174359111432977,0.0,-1.3688358788028268,0.0,-1.3688358788028836,5.0
ampace_jp50_125s3p,1267.3198573233494,275.0,100.0,572.002561222537,672.002561222537,11.0,1243.709381502296,274.0213984529481,100.0,571.0239596754851,671.0239596754851,14.0,32.046875,5.759637157658068,6.494580327831731,0.7349431701736631,0.3524810471720299,0.0106190182418772,8.674592803078768,4.4157825787592735,0.1003256606688065,23.395171680249227,524.9999876816809,46.997472956270656,-23.610475821053342,-0.9786015470518805,0.0,-0.9786015470518805,-0.9786015470518805,3.0
tenpower_30xg_125s5p,1268.4638538460058,275.0,100.0,575.0,675.0,1.0,1243.7632105071189,273.9865770525627,100.0,573.9865770525628,673.9865770525628,4.0,32.984375,5.849353368919166,6.597898291180161,0.748544922260994,0.2682843720517116,0.0081889718493333,8.688153929015067,4.461181681343735,0.1138867866051054,23.52799646527481,524.9999899868895,32.194124646205395,-24.700643338886948,-1.0134229474372773,0.0,-1.0134229474372205,-1.0134229474372205,3.0
ampace_jp30_130s5p,1268.7972096334274,275.0,97.24534986530163,574.2178308845945,671.4631807498961,14.0,1238.5458907732375,275.0,95.93532043458147,574.2178308845945,670.153151319176,17.0,35.9140625,6.0925044636052,6.865151804583999,0.7726473409787997,0.2881479006150681,0.0081688753081427,8.736468428684747,4.549394829465597,0.1622012862747848,22.68219162960405,545.9999898975681,31.91792129889985,-30.25131886018994,0.0,-1.3100294307201636,0.0,-1.3100294307200784,3.0
tenpower_50xg_125s3p,1268.8198558846566,275.0,100.0,571.7515529090663,671.7515529090663,13.0,1244.8873345813422,273.26008144539526,100.0,570.0116343544615,670.0116343544615,18.0,32.0234375,5.76643012916202,6.502535405155824,0.7361052759938044,0.3530188570571098,0.010641588527468,8.674148661428646,4.417408834819647,0.0998815190186839,23.404749779263188,524.9999875928886,45.18641370331006,-23.932521303314388,-1.739918554604742,0.0,-1.739918554604742,-1.739918554604742,5.0
ampace_jp30_125s5p,1270.2308514585948,275.0,100.0,574.782546404472,674.782546404472,4.0,1240.9945184343896,275.0,100.0,574.782546404472,674.782546404472,2.0,35.734375,5.8284687659151135,6.527564252977978,0.6990954870628635,0.2834017867887571,0.0078656392279073,8.834602689194856,4.379586394201646,0.2603355467848942,23.513790475093707,524.9999901959749,32.647885838064816,-29.236333024205123,0.0,0.0,0.0,0.0,-2.0
molicel_p30b_130s5p,1271.3867394174808,275.0,100.0,575.0,675.0,1.0,1242.1985038025182,275.0,100.0,575.0,675.0,1.0,33.7265625,5.915547066823213,6.666156039440971,0.7506089726177569,0.4666038234334075,0.0129399189056593,8.671462992580288,4.465560970562117,0.0971958501703262,22.432139433128672,545.9999849647146,54.98441127202184,-29.18823561496265,0.0,0.0,0.0,0.0,0.0
molicel_p50b_125s3p,1272.894113033567,274.0460532590238,100.0,574.0460532590238,674.0460532590238,6.0,1245.5083978098985,272.85926493098435,100.0,572.8592649309844,672.8592649309844,8.0,32.3828125,5.547403753467017,6.213308034260971,0.6659042807939537,0.5671172597782929,0.015216238104293,8.795323444568128,4.259153516049699,0.2210563021581659,23.118662288370864,524.9999823617519,76.68064357565652,-27.385715223668512,-1.1867883280394267,0.0,-1.1867883280393698,-1.1867883280393698,2.0
molicel_p30b_125s5p,1273.2264423488484,273.83604136103145,100.0,573.5280804826734,673.5280804826734,7.0,1244.124318235751,273.753058281298,100.0,573.4450974029401,673.4450974029401,5.0,33.8046875,5.656459467570796,6.339005040583003,0.682545573012208,0.4617550058934541,0.0125418893213316,8.821196787100602,4.315289160736367,0.2469296446906401,23.27588294882444,524.9999853649692,56.58954965843183,-29.10212411309749,-0.08298307973342389,0.0,-0.08298307973336705,-0.08298307973336705,-2.0
reliance_rs50_120s3p,1274.8096270552908,272.8370683008966,100.0,569.5427263236143,669.5427263236143,18.0,1243.6208120719234,274.0786996188789,100.0,570.7843576415966,670.7843576415966,16.0,32.1796875,5.504797802866303,6.175440026775015,0.6706422239087113,0.3495166610585459,0.0103948476290659,8.845087945282577,4.287402551458671,0.2708208028726151,24.32280720588237,503.9999881362425,52.16666582963372,-31.188814983367365,1.2416313179822964,0.0,1.2416313179822964,1.2416313179822964,-2.0
ampace_jp50_120s3p,1277.0870958689172,271.40435345172966,100.0,567.7030176341257,667.7030176341257,24.0,1246.082774841558,272.48893397938195,100.0,568.7875981617779,668.7875981617779,19.0,31.9765625,5.501592762372268,6.172291150232617,0.670698387860348,0.3474487521302138,0.0103794699003336,8.833153361932203,4.280608593962203,0.2588862195222408,24.31545278626276,503.9999878699211,48.256771129196366,-31.00432102735931,1.0845805276522924,0.0,1.0845805276521787,1.0845805276521787,-5.0
tenpower_30xg_120s5p,1278.1688054893457,270.7256576917914,100.0,570.7256576917914,670.7256576917914,16.0,1246.1522430737652,272.4441673135258,100.0,572.4441673135258,672.4441673135258,9.0,32.890625,5.58412220062165,6.264382819986517,0.6802606193648674,0.2633600495351231,0.0079599843186623,8.83145095280423,4.312652115991896,0.2571838103942685,24.44773229529829,503.9999903315052,32.92000619189039,-32.01656241558044,1.7185096217343698,0.0,1.7185096217343698,1.7185096217343698,-7.0
tenpower_50xg_120s3p,1278.6069622385903,270.4510723172423,100.0,566.5061800764411,666.5061800764411,27.0,1247.499037696748,271.57725224879465,100.0,567.6323600079934,667.6323600079934,24.0,31.875,5.501279258185263,6.172052083879724,0.670772825694461,0.3465463871604496,0.0103735458957975,8.826912787567062,4.277079660698435,0.2526456451571004,24.31375719813864,503.99998773748086,46.20618495472662,-31.107924541842294,1.1261799315523717,0.0,1.1261799315523149,1.1261799315523149,-3.0
ampace_jp30_120s5p,1279.8028388480736,269.70259367566,100.0,569.70259367566,669.70259367566,17.0,1247.3497349175325,271.6732643407947,100.0,571.6732643407947,671.6732643407947,13.0,32.890625,5.592185952934414,6.273374971667276,0.681189018732862,0.2640331677110691,0.0079797352859322,8.835848675140618,4.314858957205328,0.2615815327306556,24.460390742753408,503.999990047229,31.683980125328294,-32.45310393054115,1.9706706651346622,0.0,1.9706706651347758,1.9706706651347758,-4.0
molicel_p50b_120s3p,1282.7234736297323,267.88048483225,100.0,567.88048483225,667.88048483225,23.0,1253.734932280985,267.58756072530366,100.0,567.5875607253037,667.5875607253037,25.0,29.640625,5.32666950868455,5.963689385650856,0.6370198769663051,0.5221428336938172,0.0150538865684471,8.731418767000747,4.142803027107619,0.1571516245907851,24.021393783010232,503.99998294378406,73.54124418222777,-28.988541348747276,-0.292924106946316,0.0,-0.292924106946316,-0.292924106946316,2.0
molicel_p30b_120s5p,1283.0356106615518,267.6862412324048,100.0,566.9809087147888,666.9809087147888,25.0,1252.0949273929896,268.63297556038003,100.0,567.9276430427641,667.9276430427641,22.0,30.859375,5.429833905399665,6.087385922690882,0.6575520172912175,0.4260376010556779,0.0124942679702436,8.738671138200278,4.211347344734048,0.164403995790316,24.194669585741487,503.9999855949633,54.38777885817165,-30.940683268562225,0.9467343279752072,0.0,0.946734327975264,0.946734327975264,-3.0
reliance_rs50_115s3p,1285.661210147031,266.05605807498137,100.0,561.9318397333006,661.9318397333006,34.0,1252.7516960033363,268.2139923391554,100.0,564.0897739974746,664.0897739974746,31.0,29.234375,5.269661133663325,5.910809293922728,0.6411481602594026,0.3205461985243108,0.0103212162253875,8.821622416418355,4.172116666663436,0.2473552740083935,25.324896131335088,482.9999882429205,49.92283429320868,-32.90951414369465,2.1579342641740595,0.0,2.157934264173946,2.157934264173946,-3.0
ampace_jp50_115s3p,1287.9246230042222,264.6560840887139,100.0,560.1374392402762,660.1374392402762,37.0,1254.9109131663056,266.8396183505512,100.0,562.3209735021135,662.3209735021135,34.0,29.1328125,5.2724065380323655,5.914045630245093,0.6416390922127269,0.3198860872348479,0.0103283612797046,8.81781801281743,4.169684593701956,0.2435508704074678,25.32811008414384,482.99998820588087,46.36030249780404,-33.01370983791662,2.1835342618372806,0.0,2.1835342618372806,2.1835342618372806,-3.0
tenpower_30xg_115s5p,1289.069937934786,263.94955317286474,100.0,563.9495531728647,663.9495531728647,29.0,1255.0619475928356,266.7436596426645,100.0,566.7436596426645,666.7436596426645,28.0,29.84375,5.343916146430643,5.993962353419908,0.6500462069892643,0.2417751378526161,0.0078978636238016,8.823603461684394,4.194794221184064,0.2493363192744322,25.463190381404544,482.9999904140068,31.535887545993404,-34.00799034195029,2.7941064697997717,0.0,2.7941064697997717,2.7941064697997717,-1.0
tenpower_50xg_115s3p,1289.462223115405,263.70784575833704,100.0,558.953115052559,658.953115052559,41.0,1256.364605573639,265.9169822743603,100.0,561.1622515685822,661.1622515685822,41.0,29.03125,5.270301565209813,5.912136674783046,0.6418351095732319,0.3187462621665172,0.010328860279769,8.815120044670547,4.167791368839745,0.2408529022605847,25.322849381470803,482.99998829970014,44.34730604055892,-33.09761754176611,2.20913651602325,0.0,2.209136516023136,2.209136516023136,0.0
ampace_jp30_115s5p,1290.710593395371,262.939637277103,100.0,562.939637277103,662.939637277103,32.0,1256.6004424729954,265.76750149479386,100.0,565.7675014947938,665.7675014947938,29.0,29.7421875,5.344796778938332,5.994258033224956,0.6494612542866239,0.2411579794648815,0.0078895090020467,8.814783065418853,4.189960291048665,0.2405159230088909,25.463774381215384,482.999990415574,30.19717308081995,-34.110150922375624,2.8278642176908875,0.0,2.8278642176908306,2.8278642176908306,-3.0
molicel_p30b_115s5p,1293.8846752795284,260.99308147900445,100.0,559.7891473612683,659.7891473612683,39.0,1261.7026602192705,262.5472390973569,100.0,561.3433049796208,661.3433049796208,39.0,28.015625,5.199927992631016,5.829307028871624,0.6293790362406089,0.3887805811210951,0.0125047433199762,8.803559589330236,4.114838151357349,0.2292924469202741,25.18280322587524,482.99998621239456,51.78945761465096,-32.18201506025798,1.5541576183524626,0.0,1.5541576183525194,1.5541576183525194,0.0
molicel_p50b_115s3p,1294.0514038600268,260.89109651901407,100.0,560.8910965190141,660.8910965190141,36.0,1263.6136877678248,261.3477892147787,100.0,561.3477892147787,661.3477892147787,38.0,27.0,5.102261226278928,5.719407238164732,0.6171460118858031,0.4782365429029447,0.0151684175319551,8.728422822227254,4.061448553634796,0.1541556798172916,24.995388325036,482.9999834507885,70.28583606656875,-30.43771609220198,0.456692695764616,0.0,0.4566926957645592,0.4566926957645592,2.0
tenpower_30xg_140s4p,1296.8719321633453,259.1698026677245,100.0,559.1698026677245,659.1698026677245,40.0,1261.7556174558383,262.51395172241826,100.0,562.5139517224183,662.5139517224183,33.0,28.015625,5.199945960913441,5.834345603026144,0.6343996421127025,0.2283289137483883,0.0079271999911226,8.843426690750166,4.139352692865703,0.2691595483402036,20.891162169575967,587.999985527205,30.579765234159154,-35.116314707506945,3.3441490546937302,0.0,3.3441490546937302,3.3441490546937302,-7.0
tenpower_60xg_140s2p,1297.424973819163,258.8331735534663,100.0,547.9411873609806,647.9411873609806,58.0,1265.2261925634648,260.3385246669604,100.0,549.4465384744747,649.4465384744747,60.0,26.015625,4.986579774825684,5.599816148854697,0.613236374029013,0.4428811539366976,0.0148585873248666,8.736519000864837,4.046208358959961,0.1622518584548746,20.53570271780612,587.9999758634339,74.92350348553154,-32.19878125569812,1.5053511134941004,0.0,1.5053511134940436,1.5053511134940436,2.0
reliance_rs50_110s3p,1298.0479238074204,258.45433569200543,100.0,553.3730817677052,653.3730817677052,52.0,1263.4678266022838,261.43921057306903,100.0,556.3579566487688,656.3579566487688,48.0,26.5078125,5.032181669820048,5.653877570537669,0.6216959007176217,0.2931529661599316,0.0104395855163443,8.82659115194289,4.091775566400209,0.2523240095329289,26.413100163938388,461.99998889298064,47.73182624042305,-34.58009720513655,2.984874881063604,0.0,2.984874881063547,2.984874881063547,-4.0
ampace_jp30_140s4p,1298.5482516350037,258.15033189058136,100.0,558.1503318905814,658.1503318905814,43.0,1263.344587143553,261.5164697842839,100.0,561.5164697842839,661.5164697842839,37.0,27.9140625,5.198730577418324,5.833401584692497,0.6346710072741737,0.2275383071201732,0.0079269111988954,8.839720332020693,4.136928226472873,0.2654531896107315,20.88840706157023,587.9999855875915,29.25492520116513,-35.20366449145058,3.3661378937025574,0.0,3.3661378937025574,3.3661378937025574,-6.0
ampace_jp50_110s3p,1300.34095530427,257.062989426569,100.0,551.59992550471,651.59992550471,55.0,1265.8755625595986,259.93281110315803,100.0,554.469747181299,654.469747181299,54.0,26.3671875,5.028407311473891,5.650793716366725,0.6223864048928337,0.2915366744713081,0.0104435457035982,8.82374142418087,4.0893506570811935,0.2494742817709081,26.404299721829247,461.9999888746491,44.17222340474367,-34.46539274467136,2.8698216765890265,0.0,2.8698216765890265,2.8698216765890265,-1.0
tenpower_50xg_110s3p,1301.408564769025,256.4168671894769,100.0,550.7252504237758,650.7252504237758,56.0,1267.2491735697204,259.0759760414653,100.0,553.3843592757643,653.3843592757643,56.0,26.296875,5.027679938726483,5.650283468975303,0.6226035302488182,0.2908186915275521,0.0104409043165367,8.819328842604948,4.086749990779747,0.2450617001949862,26.40179027333756,461.9999889752254,42.300900585825765,-34.15939119930454,2.659108851988435,0.0,2.659108851988435,2.659108851988435,0.0
tenpower_30xg_110s5p,1301.6108176065254,256.2945822457888,100.0,556.2945822457888,656.2945822457888,45.0,1265.9179123705112,259.90636623455373,100.0,559.9063662345537,659.9063662345537,43.0,26.9296875,5.097698144003747,5.725144269527837,0.6274461255240905,0.2202323430927148,0.0079558508893377,8.810824139854915,4.105421301550992,0.2365569974449535,26.55745161548749,461.9999908120963,30.031683149006565,-35.69290523601421,3.611783988764955,0.0,3.611783988764955,3.611783988764955,-2.0
molicel_p30b_140s4p,1301.7923106310918,256.1848813278898,100.0,554.6365272390776,654.6365272390776,49.0,1268.4089068021613,258.35399914295476,100.0,556.8056450541426,656.8056450541426,47.0,26.4375,5.059375669369178,5.6796438608922974,0.6202681915231192,0.3687657928722114,0.0126213847647029,8.787077622296518,4.072385394333046,0.2128104798865564,20.652551150084903,587.999979050184,50.43909021048484,-33.38340382893057,2.169117815064965,0.0,2.169117815064965,2.169117815064965,-2.0
ampace_jp30_110s5p,1302.7911354522632,255.58170261812256,100.0,555.5817026181226,655.5817026181226,47.0,1267.056989871629,259.1957451671519,100.0,559.1957451671519,659.1957451671519,44.0,26.9296875,5.105109405742977,5.733081247247451,0.6279718415044743,0.2207097675815685,0.0079644637176242,8.809388137738752,4.104709521173094,0.2351209953287902,26.571196369001445,461.9999907480179,28.892915028859875,-35.73414558063428,3.6140425490293637,0.0,3.6140425490293637,3.6140425490293637,-3.0
molicel_p30b_110s5p,1305.3705532990862,254.02829200328912,100.0,552.2109821656965,652.2109821656965,54.0,1271.9765205900371,256.14128172312064,100.0,554.323971885528,654.323971885528,55.0,25.59375,4.96088756732201,5.576612721781182,0.6157251544591741,0.3576092833591564,0.0126662977484879,8.729306765572467,4.039834630008744,0.155039623162505,26.251336848249657,461.9999868880917,49.802453388509214,-33.39403270904904,2.1129897198315177,0.0,2.1129897198314893,2.1129897198314893,1.0
molicel_p50b_110s3p,1306.143079287472,253.56424528289648,100.0,553.5642452828965,653.5642452828965,50.0,1273.5858457030831,255.14719798635664,100.0,555.1471979863567,655.1471979863567,53.0,24.8203125,4.879666027403875,5.474754595057632,0.5950885676537555,0.4410232835097189,0.0151333797256007,8.614334968338863,3.957382140954682,0.0400678259289009,26.065494861212144,461.9999844210341,67.76286046244081,-32.55723358438877,1.5829527034601654,0.0,1.582952703460137,1.582952703460137,3.0
tenpower_30xg_135s4p,1306.2206407909848,253.51768537656227,100.0,553.5176853765622,653.5176853765622,51.0,1270.4551890976609,257.0833272858256,100.0,557.0833272858256,657.0833272858256,46.0,25.9453125,5.000646636161496,5.624079048270986,0.6234324121094904,0.2132103881196343,0.0080320394968291,8.801545870259297,4.0817078878036055,0.2272787278493346,21.62219902717927,566.999986131185,29.612553905504765,-35.76545169332394,3.56564190926332,0.0,3.565641909263377,3.565641909263377,-5.0
tenpower_60xg_135s2p,1307.4540015485031,252.77804546170427,100.0,540.7542577955355,640.7542577955355,62.0,1274.266992332757,254.72720846632626,100.0,542.7034208001576,642.7034208001576,64.0,24.1875,4.803891981505195,5.392149703286269,0.588257721781074,0.4116747599253362,0.0147335721729683,8.708499819094236,3.9478970617688223,0.1342326766842738,21.24496650167116,566.9999769655466,72.22364209216425,-33.18700921574623,1.9491630046219939,0.0,1.9491630046220507,1.9491630046220507,2.0
ampace_jp30_135s4p,1307.9994524726662,252.4513862755748,100.0,552.4513862755748,652.4513862755748,53.0,1271.9402429540887,256.16371949220843,100.0,556.1637194922084,656.1637194922084,50.0,25.875,4.9998367898524005,5.623191715844523,0.6233549259921225,0.212655776360264,0.0080245926443628,8.793906457721205,4.077596847535967,0.2196393153112428,21.62035563214913,566.9999860146726,28.35410351470187,-36.05920951857752,3.712333216633624,0.0,3.712333216633624,3.712333216633624,-3.0
molicel_p30b_135s4p,1310.9336981011977,250.6987921516265,100.0,548.6192152693914,648.6192152693914,57.0,1277.0230737183974,253.0324049401197,100.0,550.9528280578845,650.9528280578845,58.0,24.609375,4.873841958760738,5.470202180079865,0.5963602213191265,0.3438326357156886,0.0124712671781092,8.664173179602532,3.965905146685348,0.0899060371925699,21.373360081267013,566.9999799308715,48.77058662633881,-33.91062438280028,2.3336127884932125,0.0,2.3336127884931557,2.3336127884931557,1.0
tenpower_30xg_130s4p,1317.3060065302311,246.9195687666009,100.0,546.919568766601,646.919568766601,59.0,1279.7552138876815,251.35952865893302,100.0,551.359528658933,651.359528658933,57.0,24.046875,4.805235893257239,5.404254510679974,0.5990186174227342,0.1982337392132526,0.0080027063910781,8.785493055359588,3.987595575961424,0.2112259129496259,22.412474756041085,545.9999869000786,28.591404694219133,-37.550792642549595,4.439959892332126,0.0,4.439959892332013,4.439959892332013,-2.0
tenpower_60xg_130s2p,1317.6256304209385,246.73097223475875,100.0,533.4736318607571,633.4736318607571,66.0,1283.983544176625,248.7845772516811,100.0,535.5272368776795,635.5272368776795,68.0,22.4296875,4.620876909557337,5.187352663197927,0.5664757536405884,0.381779335140003,0.0145821166507643,8.59705391752414,3.8450201661767065,0.0227867751141772,22.006145038213823,545.9999772930089,69.55493960040542,-33.64208624431353,2.053605016922347,0.0,2.053605016922347,2.053605016922347,2.0
ampace_jp30_130s4p,1318.4354416943456,246.2535462092089,100.0,546.2535462092089,646.2535462092089,60.0,1281.2522908097658,250.44590139285634,100.0,550.4459013928563,650.4459013928563,59.0,23.9765625,4.803164460981663,5.402542939461118,0.5993784784794547,0.1976283756741035,0.0080041630169857,8.783354956200045,3.985981763456361,0.2090878137900826,22.40860755671306,545.9999865513208,27.363928939491256,-37.183150884579845,4.192355183647436,0.0,4.192355183647351,4.192355183647351,-1.0
molicel_p30b_130s4p,1321.4091707482885,244.50539745527135,100.0,541.8093381110734,641.8093381110734,61.0,1286.2915831395203,247.38617939582585,100.0,544.6901200516279,644.6901200516279,62.0,22.8515625,4.687023801296093,5.266038601696966,0.5790148004008724,0.3204638864872557,0.0124948082322,8.640844564764233,3.886219644995303,0.0665774223542712,22.14682056129175,545.9999801895524,47.204173132329,-35.11758760876819,2.880781940554499,0.0,2.8807819405544706,2.8807819405544706,1.0
tenpower_30xg_125s4p,1328.796418619292,240.19656030399705,100.0,540.196560303997,640.196560303997,63.0,1289.8671336692155,245.22970148436463,100.0,545.2297014843646,645.2297014843646,61.0,22.21875,4.613806463064552,5.188712816185225,0.574906353120674,0.1839270168852243,0.0079170798283207,8.660426863133159,3.877361770228107,0.086159720723197,23.269870719430195,524.9999867775334,27.58905253278365,-38.92928495007641,5.033141180367579,0.0,5.033141180367579,5.033141180367579,-2.0
tenpower_60xg_125s2p,1329.8736466213377,239.57223350125963,100.0,524.8577686209314,624.8577686209314,70.0,1294.2716372502414,242.58964599338682,100.0,527.8751811130585,627.8751811130585,72.0,20.8125,4.43696613849996,4.991385836246678,0.5544196977467187,0.356586885964285,0.0148082456030874,8.606555945352568,3.789647800887207,0.032288802942606,22.829691986382084,524.9999776307411,67.5638310248119,-35.6020093710963,3.0174124921271925,0.0,3.0174124921270504,3.0174124921270504,2.0
ampace_jp30_125s4p,1330.3741161878686,239.28252136985776,100.0,539.2825213698577,639.2825213698577,64.0,1291.8590868569304,244.03349678103075,100.0,544.0334967810307,644.0334967810307,63.0,22.078125,4.606643155932232,5.179616066482559,0.5729729105503288,0.1824341353413372,0.0078817248193574,8.672934946781647,3.866854876816016,0.0986678043716846,23.256172718394595,524.9999870634804,26.27051548915256,-38.515029330938205,4.750975411172988,0.0,4.7509754111730444,4.7509754111730444,-1.0
molicel_p30b_125s4p,1333.3739751349626,237.55051993144323,100.0,534.1435151808087,634.1435151808087,65.0,1297.0874309467754,240.9112569094388,100.0,537.5042521588043,637.5042521588043,67.0,21.09375,4.496099884190615,5.058194371673507,0.5620944874828925,0.2972530171847941,0.0126282197442885,8.67235627296793,3.820799193730875,0.0980891305579678,22.97289442358033,524.9999806312576,45.536632419798245,-36.286544188187236,3.360736977995572,0.0,3.360736977995657,3.360736977995657,2.0
tenpower_30xg_120s4p,1341.7801200324711,232.73839693841197,100.0,532.7383969384119,632.7383969384119,67.0,1300.73875817613,238.7456585053083,100.0,538.7456585053083,638.7456585053083,65.0,20.53125,4.413217157036099,4.973592325927874,0.560375168891775,0.171096407809843,0.0080244576284884,8.682381058636695,3.8135626577368353,0.108113916226733,24.182945242457752,503.9999869750906,26.73381372028797,-41.041361856341155,6.0072615668963465,0.0,6.007261566896318,6.007261566896318,-2.0
ampace_jp30_120s4p,1343.39735997748,231.81951060847484,100.0,531.8195106084748,631.8195106084748,68.0,1302.3124816039146,237.81602958698647,100.0,537.8160295869865,637.8160295869865,66.0,20.4609375,4.408653659364672,4.968608968265696,0.5599553089010233,0.1703326116020019,0.0080178286123535,8.677141584407844,3.810474920246849,0.1028744419978817,24.173589385522387,503.9999869434787,25.549891740300296,-41.08487837356529,5.996518978511631,0.0,5.996518978511631,5.996518978511631,-2.0
tenpower_60xg_120s2p,1345.104024555239,230.8522110564428,100.0,514.4170128222092,614.4170128222092,80.0,1305.3597152790214,236.02234180741434,100.0,519.5871435731808,619.5871435731808,81.0,19.3359375,4.249732270303843,4.784549665902807,0.5348173955989631,0.3314299072309383,0.0147483729944675,8.551503200943468,3.695747797563566,-0.0227639414664935,23.712613194216075,503.9999787024883,65.41379747979045,-39.744309276217564,5.170130750971538,0.0,5.170130750971566,5.170130750971566,1.0
molicel_p30b_120s4p,1348.1129969192689,229.15275787059795,100.0,524.9296524332824,624.9296524332824,69.0,1307.6695000800091,234.668307033342,100.0,530.4452015960264,630.4452015960264,71.0,19.6171875,4.3000306144191045,4.84658330531848,0.5465526908993752,0.2767032971163297,0.0126791880848814,8.62456085381212,3.741803367152481,0.0502937114021584,23.859038451486853,503.99998136808347,44.15478145473347,-40.44349683925975,5.515549162744037,0.0,5.515549162744037,5.515549162744037,2.0
reliance_rs50_140s2p,1350.871298938492,227.60153313394804,100.0,518.1178874668162,618.1178874668162,74.0,1308.0647159613304,234.4371039288085,100.0,524.9534582616767,624.9534582616767,74.0,19.125,4.225795774569916,4.7614793817405445,0.5356836071706277,0.2144185160306396,0.0103128966143039,8.581893696724068,3.701039572959032,0.0076265543141058,20.552188530297343,587.9999781361967,41.1464103257091,-42.8065829771615,6.835570794860473,0.0,6.835570794860473,6.835570794860473,0.0
ampace_jp50_140s2p,1353.0494325012146,226.3810548860557,100.0,516.5576868827592,616.5576868827592,75.0,1310.2333090686686,233.17094942255392,100.0,523.3475814192575,623.3475814192575,76.0,19.0546875,4.222647466329875,4.757127991631677,0.5344805253018017,0.2134727843510385,0.0102862007717496,8.56729914363981,3.693774746565407,-0.0069679987701523,20.546162441371845,587.9999780479454,38.12014006268546,-42.816123432545965,6.789894536498224,0.0,6.789894536498309,6.789894536498309,1.0
tenpower_50xg_140s2p,1353.9819397974193,225.859741498296,100.0,515.8329998159345,615.8329998159345,78.0,1311.15112549299,232.63633467347606,100.0,522.6095929911146,622.6095929911146,79.0,19.0546875,4.226480375770077,4.7611998652653655,0.5347194894952888,0.2137370267839069,0.0102921403408064,8.565675599681228,3.69298524276486,-0.0085915427287339,20.552173216161503,587.9999784504354,36.640633162955474,-42.83081430442917,6.776593175180068,0.0,6.776593175180096,6.776593175180096,1.0
tenpower_30xg_115s4p,1357.447172695057,223.928796983952,100.0,523.928796983952,623.928796983952,71.0,1312.703331886886,231.73389822572204,100.0,531.733898225722,631.733898225722,69.0,18.984375,4.215730828046271,4.7530131181238815,0.5372822900776114,0.1585629024115563,0.0079535445573445,8.580911346252542,3.704309669967199,0.0066442038425797,25.17688158168714,482.9999879759283,25.852647132318964,-44.743840808170944,7.805101241770046,0.0,7.805101241769989,7.805101241769989,-2.0
molicel_p50b_140s2p,1358.6581766606464,223.2563073477829,100.0,521.5164202895651,621.5164202895651,73.0,1317.859145975112,228.75161994726173,100.0,527.011732889044,627.011732889044,73.0,18.2109375,4.110677642332629,4.629205162480775,0.5185275201481467,0.3254140403210846,0.0152788998801015,8.540126947381339,3.62486425458399,-0.0341401950286233,20.24658094502441,587.9999692573632,58.92809583279199,-40.79903068553449,5.4953125994788365,0.0,5.495312599478893,5.495312599478893,0.0
tenpower_60xg_115s2p,1359.0521013744742,223.03781305895183,100.0,504.6810018156,604.6810018156,88.0,1317.4610903773064,228.9810358092334,100.0,510.62422456588155,610.6242245658816,89.0,17.953125,4.0591029980372975,4.5757502373016505,0.5166472392643529,0.3071227739487975,0.0148108345102582,8.524933452853281,3.615965283219977,-0.0493336895566809,24.66332379711425,482.9999798713725,63.2518298750384,-41.591010997167814,5.9432227502815635,0.0,5.9432227502815635,5.94322275028162,1.0
ampace_jp30_115s4p,1359.1667441171992,222.9742491062204,100.0,522.6486146434964,622.6486146434964,72.0,1314.3457534648496,230.7813325524628,100.0,530.4556980897389,630.4556980897389,70.0,18.9140625,4.211129083525429,4.747138295652763,0.5360092121273348,0.1577816112382843,0.0079367944179325,8.57233648231403,3.698887523950428,-0.0019306600959314,25.16710333952259,482.999988068161,24.69625219381842,-44.820990652349565,7.8070834462423875,0.0,7.807083446242473,7.807083446242473,-2.0
molicel_p30b_115s4p,1362.4994687139429,221.13108705585563,100.0,515.9746143918962,615.9746143918962,76.0,1319.5084280495334,227.80254551399923,100.0,522.6460728500399,622.6460728500399,78.0,18.2109375,4.110389960340969,4.633647540965407,0.5232575806244372,0.256587623310801,0.0126210536797572,8.584546458211834,3.643866923450588,0.0102793158018723,24.829424163212703,482.9999825499141,42.72504365952283,-42.99104066440941,6.671458458143604,0.0,6.671458458143661,6.671458458143661,2.0
reliance_rs50_135s2p,1363.173665434057,220.75931881982467,100.0,510.1601674739623,610.1601674739622,82.0,1318.409905010128,228.43442323501665,100.0,517.8352718891542,617.8352718891542,82.0,17.953125,4.059193436937641,4.581817419648229,0.5226239827105873,0.2011807441504896,0.0104251806470226,8.594030658255328,3.644878962569083,0.0197635158453657,21.259168731613045,566.9999792942473,40.03596898517207,-44.76376042392894,7.675104415191981,0.0,7.6751044151919245,7.675104415191981,0.0
ampace_jp50_135s2p,1364.9036481910553,219.80704517071524,100.0,508.87701965121937,608.8770196512194,83.0,1320.3717864395217,227.30667394517425,100.0,516.3766484256784,616.3766484256784,83.0,17.90625,4.059263505730503,4.581789647533655,0.5225261418031516,0.2006817758600206,0.0104163107670924,8.585801661817628,3.640665913575972,0.0115345194076663,21.258688442660127,566.9999787404928,37.16329182592976,-44.5318617515336,7.499628774459012,0.0,7.499628774458984,7.499628774458984,0.0
tenpower_50xg_135s2p,1365.8612142659745,219.2809874989409,100.0,508.1529186821093,608.1529186821093,84.0,1321.2704407431606,226.7912184160827,100.0,515.663149599251,615.663149599251,84.0,17.90625,4.061907769619073,4.584618042366535,0.5227102727474618,0.2009137710993658,0.010420377851168,8.583853158780247,3.639742108330254,0.0095860163702852,21.263043210144,566.9999787201392,35.71800375099836,-44.59077352281383,7.510230917141797,0.0,7.510230917141712,7.510230917141712,0.0
molicel_p50b_135s2p,1370.2845149108516,216.86050297302387,100.0,514.4318844095185,614.4318844095185,79.0,1327.8789394432097,223.02210586928945,100.0,520.593487305784,620.593487305784,80.0,17.15625,3.960644519718616,4.463153395913642,0.5025088761950247,0.3073467941824583,0.0152022716294519,8.459515203197386,3.5414085327781226,-0.1147519392125762,20.95168195411074,566.9999703914827,57.71770782769172,-42.40557546764194,6.1616028962655776,0.0,6.161602896265549,6.161602896265549,1.0
tenpower_30xg_110s4p,1372.0124565822057,215.91919129092145,100.0,515.9191912909214,615.9191912909214,77.0,1325.8421858827396,224.17974891409577,100.0,524.1797489140957,624.1797489140957,75.0,17.53125,4.0064056768810365,4.528889273326511,0.5224835964454749,0.1463295901120413,0.0080546246138941,8.56901658037753,3.634334651251157,-0.0052505620324314,26.23354757429924,461.9999887255741,24.94254376909796,-46.17027069946607,8.260557623174321,0.0,8.26055762317435,8.26055762317435,-2.0
ampace_jp30_110s4p,1373.3633883130929,215.18490899506125,100.0,514.2183287380399,614.2183287380399,81.0,1326.8150111423977,223.62637443281687,100.0,522.6597941757955,622.6597941757955,77.0,17.53125,4.010706089463678,4.533353650796614,0.5226475613329354,0.1465434414938132,0.0080577303100307,8.566255270353068,3.63306198330764,-0.008011872056894,26.242538687413056,461.99998856347264,23.9798358808058,-46.548377170695176,8.441465437755625,0.0,8.441465437755596,8.441465437755596,-4.0
tenpower_60xg_110s2p,1373.8543496478535,214.9184107785986,100.0,494.4092833206811,594.4092833206811,97.0,1331.3927847202908,221.03324477818197,100.0,500.5241173202645,600.5241173202645,97.0,16.59375,3.878500455579412,4.367812959930898,0.4893125043514856,0.2837390192484248,0.0145128105872042,8.41817056728612,3.4876148995359086,-0.1560965751238416,25.71300358626916,461.9999811562367,61.09213333100056,-42.46156492756268,6.114833999583368,0.0,6.114833999583425,6.114833999583425,0.0
reliance_rs50_130s2p,1375.2099752173176,214.18355312897108,100.0,502.3676389163822,602.3676389163822,90.0,1330.2851032968322,221.65906622814475,100.0,509.84315201555586,609.8431520155559,90.0,16.78125,3.9011069709373047,4.399638641173454,0.4985316702361499,0.1881085922806171,0.0102619664620773,8.525011366799472,3.5366080678759806,-0.0492557756104901,22.031653673390068,545.9999806085641,38.87433594777392,-44.92487192048543,7.475513099173668,0.0,7.475513099173668,7.475513099173668,0.0
molicel_p30b_110s4p,1376.3102844323057,213.58816173117629,100.0,507.3673301402912,607.3673301402912,85.0,1332.658927957726,220.31916928826425,100.0,514.0983376973792,614.0983376973792,86.0,16.875,3.9242483633771337,4.423446321833849,0.4991979584567148,0.2380693789042063,0.0124399501241093,8.463738491581644,3.525459776215599,-0.1105286508283178,25.891503671074595,461.9999836716175,41.44341218835313,-43.65135647457964,6.731007557087963,0.0,6.731007557087992,6.731007557087992,1.0
ampace_jp50_130s2p,1376.6822138629466,213.38712118144105,100.0,501.249237260709,601.249237260709,91.0,1332.3302985578146,220.50437824921113,100.0,508.3664943284791,608.3664943284791,91.0,16.734375,3.90010008339761,4.398530390862572,0.4984303074649623,0.1875451719791889,0.0102566076769418,8.518852055171799,3.533180375136601,-0.0554150872381633,22.02902532474397,545.9999803967545,36.0663792267671,-44.351915305132025,7.117257067770083,0.0,7.11725706777014,7.117257067770083,0.0
tenpower_50xg_130s2p,1378.451921468566,212.4320200330721,100.0,500.10141038814106,600.1014103881411,92.0,1333.777570072244,219.6894090427894,100.0,507.3587993978584,607.3587993978583,93.0,16.6875,3.897281267771501,4.395330353389474,0.498049085617973,0.1868425151393728,0.0102428381766834,8.511355439881893,3.52928285002858,-0.0629117025280692,22.02250380498976,545.9999803498343,34.49400279496113,-44.67435139632198,7.257389009717315,0.0,7.257389009717315,7.257389009717258,1.0
molicel_p50b_130s2p,1383.365466253431,209.79301912094135,100.0,506.5857273289412,606.5857273289412,86.0,1342.4679754064734,214.83273241305443,100.0,511.6254406210542,611.6254406210542,87.0,15.84375,3.80938182541654,4.281417865451722,0.4720360400351824,0.2820490136287279,0.0147386869582499,8.396079711721693,3.409165300291837,-0.1781874306882684,21.694727762891528,545.9999721125181,55.00414133604663,-40.89749084695745,5.039713292113078,0.0,5.039713292113049,5.039713292112992,1.0
tenpower_30xg_140s3p,1390.4879154319285,206.0007566791145,100.0,506.0007566791145,606.0007566791145,87.0,1343.3882463178984,214.32211371364693,100.0,514.3221137136469,614.3221137136469,85.0,15.9375,3.81803165982482,4.300508293003158,0.4824766331783381,0.1327308878698694,0.0077378254354323,8.522568729734108,3.461505666631492,-0.0516984126758544,20.56893762235521,587.9999809410798,23.70194426247668,-47.09966911403012,8.32135703453244,0.0,8.321357034532411,8.321357034532411,-2.0
reliance_rs50_125s2p,1391.330051878574,205.55493800747573,100.0,492.41173506024063,592.4117350602406,98.0,1345.9564195907924,212.90083818499758,100.0,499.75763523776254,599.7576352377625,99.0,15.421875,3.734729163320555,4.21171649710082,0.4769873337802657,0.1726881659172375,0.0101371667589223,8.468874209300262,3.4327296628777284,-0.1053929331096998,22.84293733771143,524.9999813717424,37.11506849564509,-45.373632287781675,7.345900177521855,0.0,7.345900177521912,7.345900177521912,1.0
ampace_jp30_140s3p,1391.4782415946795,205.4765436770416,100.0,503.7358066631576,603.7358066631575,89.0,1345.5126883350845,213.14601969983477,100.0,511.4052826859508,611.4052826859509,88.0,15.84375,3.810634276463363,4.293052240047922,0.4824179635845583,0.1317061929367792,0.007728253838478,8.517144702089759,3.4577908547804195,-0.057122440320203,20.55528260436385,587.999980948235,22.578204503447868,-45.965553259595026,7.669476022793162,0.0,7.669476022793219,7.669476022793333,-1.0
ampace_jp50_125s2p,1393.651198351862,204.3289352041167,100.0,490.8729887788311,590.8729887788311,99.0,1347.3610394399288,212.12578712069677,100.0,498.66984069541115,598.6698406954112,100.0,15.421875,3.740104055078372,4.2174299550294645,0.4773258999510927,0.1730358802791072,0.0101463081793175,8.46674278748595,3.431708451224332,-0.1075243549240116,22.853117022020104,524.9999812592577,34.60717605582145,-46.29015891193308,7.796851916580067,0.0,7.796851916580067,7.796851916580067,1.0
tenpower_50xg_125s2p,1394.528357945824,203.86669219711663,100.0,490.22338747171193,590.2233874717119,100.0,1348.824227722993,211.32013534167388,100.0,497.67683061626917,597.6768306162692,101.0,15.375,3.735871932617358,4.213203421538903,0.477331488921545,0.1723356373659017,0.0101408591661584,8.463467988137412,3.4295838290821674,-0.1107991542725503,22.84436834344376,524.9999813758457,33.088442374253134,-45.70413022283083,7.453443144557241,0.0,7.453443144557241,7.453443144557241,1.0
molicel_p30b_140s3p,1395.9469634545312,203.1203490525312,100.0,495.6312261613159,595.6312261613159,95.0,1351.3097489854022,209.95557195776138,100.0,502.4664490665461,602.4664490665461,96.0,15.28125,3.729983849429624,4.203491938959148,0.4735080895295253,0.2151895924761173,0.0122950952233297,8.42561838155313,3.408307240381424,-0.1486487608568314,20.26773685546763,587.9999722553895,39.244302579231125,-44.63721446912905,6.835222905230182,0.0,6.835222905230182,6.835222905230239,1.0
molicel_p50b_125s2p,1399.5382479719888,201.23770031401412,100.0,497.1521415208208,597.1521415208208,94.0,1354.660637809662,208.123843484838,100.0,504.0382846916446,604.0382846916445,95.0,14.859375,3.648548465627352,4.116354920941662,0.4678064553143095,0.2660796462035902,0.0151342938004624,8.36430592815427,3.3787119490672617,-0.2099612142556921,22.493077547437927,524.9999735761348,53.96544937086901,-44.877610162326846,6.886143170823885,0.0,6.8861431708238,6.886143170823743,1.0
tenpower_30xg_135s3p,1405.9803595307462,197.88467069286688,100.0,497.7132827860471,597.7132827860471,93.0,1355.414138126208,207.71319765686067,100.0,507.5418097500409,607.5418097500409,92.0,14.953125,3.664043065916356,4.143039850255334,0.4789967843389776,0.1254262057409956,0.0079440639642643,8.492321777750089,3.433654583061464,-0.0819453646598731,21.27806607713101,566.9999818423667,23.22707513722141,-50.56622140453828,9.828526963993795,0.0,9.828526963993795,9.828526963993795,-1.0
reliance_rs50_120s2p,1407.351453263038,197.17499733711588,100.0,482.5839882482842,582.5839882482842,105.0,1358.2251930080029,206.18523749717752,100.0,491.5942284083458,591.5942284083458,106.0,14.484375,3.5682475627630628,4.037036571019068,0.4687890082560052,0.162797886525414,0.010311233475974,8.46692662348087,3.381890958366419,-0.1073405189290923,23.727850239990804,503.9999822592962,36.44728802807776,-49.12626025503505,9.010240160061642,0.0,9.010240160061642,9.010240160061585,1.0
ampace_jp30_135s3p,1407.688814851239,197.00059207615448,100.0,494.5952326830573,594.5952326830572,96.0,1357.0180994652028,206.84058251752882,100.0,504.4352231244317,604.4352231244317,94.0,14.90625,3.657382989541945,4.136291244740952,0.4789082551990071,0.124825941651018,0.0079375787164583,8.485720881757063,3.431194650895293,-0.0885462606528992,21.265207320592616,566.9999818696165,22.191278515736546,-50.670715386036136,9.83999044137434,0.0,9.839990441374368,9.839990441374425,-2.0
ampace_jp50_120s2p,1410.303163543399,195.65188527877703,100.0,480.7573625875912,580.7573625875912,107.0,1359.588047974335,205.44672640905222,100.0,490.5522037178663,590.5522037178663,107.0,14.484375,3.573219677333841,4.042108427371035,0.4688887500371943,0.1631106156010921,0.0103158407124815,8.48481346872821,3.38023739532779,-0.089453673681751,23.737597227288564,503.9999819701533,33.981378250227536,-50.71511556906398,9.794841130275188,0.0,9.794841130275074,9.794841130275131,0.0
molicel_p30b_135s3p,1410.7707415762748,195.41119511088652,100.0,486.9105947483399,586.9105947483399,103.0,1361.8685351573713,204.2142698779145,100.0,495.7136695153679,595.7136695153679,104.0,14.484375,3.5849609351414484,4.0502556004585895,0.4652946653171418,0.2045752566161331,0.0124498932038867,8.433922561997433,3.3592101076868826,-0.1403445804125294,20.96715039023601,566.99997295489,38.690355861207216,-48.90220641890346,8.803074767027965,0.0,8.803074767027965,8.803074767027965,1.0
tenpower_50xg_120s2p,1411.223997940704,195.17802939758815,100.0,480.0588316699427,580.0588316699427,108.0,1361.1466245464967,204.60396935919397,100.0,489.48477163154854,589.4847716315485,108.0,14.4375,3.567835481430756,4.035799977034185,0.4679644956034288,0.1622459779480951,0.0102892304211015,8.473833621518947,3.374744166206721,-0.1004335208910145,23.72601198366788,503.9999819599217,32.44919558961903,-50.07737339420737,9.42593996160582,0.0,9.42593996160582,9.425939961605764,0.0
molicel_p50b_120s2p,1415.263037295195,193.10684797529677,100.0,488.0325705737363,588.0325705737363,102.0,1367.7512832905772,201.05399807140194,100.0,495.9797206698414,595.9797206698414,103.0,13.96875,3.48816634879628,3.94109768177466,0.4529313329783798,0.2494713713732604,0.0151136883742265,8.30294203606527,3.2983524018055244,-0.2713251063446922,23.3523242878617,503.99997422209634,52.70521930420994,-47.51175400461784,7.947150096105162,0.0,7.947150096105133,7.947150096105133,1.0
tenpower_30xg_130s3p,1420.445798274466,190.46643095147132,100.0,489.6873606205573,589.6873606205573,101.0,1367.657372163892,201.10423454061782,100.0,500.3251642097038,600.3251642097039,98.0,14.109375,3.5102815858617613,3.976374076384343,0.4660924905225814,0.1181882725019031,0.0079759220537309,8.467084644825485,3.365535706751169,-0.1071824975844766,22.03824408193734,545.9999824478468,22.72851394267369,-52.78842611057394,10.6378035891465,0.0,10.637803589146529,10.637803589146529,-3.0
ampace_jp30_130s3p,1421.3837622130245,189.99063219800996,100.0,486.8314978639357,586.8314978639357,104.0,1368.4660826913812,200.6718519026591,100.0,497.5127175685849,597.5127175685849,102.0,14.109375,3.5135555970170063,3.979757511835429,0.4662019148184228,0.1183362493564596,0.0079788594635316,8.464913933919426,3.3646721084421825,-0.1093532084905355,22.044785294079706,545.9999822826234,21.84669218888486,-52.91767952164332,10.681219704649152,0.0,10.681219704649209,10.681219704649152,-2.0
reliance_rs50_115s2p,1424.613977894553,188.35684253213356,100.0,472.186129307781,572.186129307781,112.0,1372.6376979650236,198.44956161733398,100.0,482.2788483929815,582.2788483929814,113.0,13.546875,3.4053484922866684,3.855478927950693,0.4501304356640246,0.1517900936485109,0.0103068323049486,8.403556247150451,3.297815904667375,-0.1707108952595106,24.68926272874299,482.9999827238908,35.460372299457454,-51.97627992952948,10.092719085200429,0.0,10.092719085200486,10.092719085200429,1.0
molicel_p30b_130s3p,1424.710455057273,188.3081599186484,100.0,478.6967525737922,578.6967525737922,109.0,1373.9348814158604,197.76128054494598,100.0,488.14987320008976,588.1498732000898,110.0,13.640625,3.439057365877176,3.888200505936263,0.4491431400590863,0.1921349895775998,0.0124714603052659,8.379730617116257,3.290360110448793,-0.1945365252937048,21.712117361384948,545.9999741128836,37.73518616908672,-50.77557364141262,9.453120626297562,0.0,9.453120626297562,9.453120626297618,1.0
ampace_jp50_115s2p,1426.6872626410498,187.31210753795992,100.0,470.6964692600942,570.6964692600942,114.0,1374.110724228134,197.66807897215577,100.0,481.05244069429,581.05244069429,114.0,13.5,3.4037241634392674,3.853701219359781,0.4499770559205135,0.1512866929750388,0.0103024185503129,8.403638627713903,3.2956658249016466,-0.1706285146960588,24.68521632489447,482.9999828362244,32.88841151631278,-52.57653841291585,10.355971434195851,0.0,10.355971434195794,10.355971434195794,0.0
tenpower_50xg_115s2p,1427.4148042870993,186.94621626397003,100.0,469.9661822796731,569.9661822796731,115.0,1374.827135515798,197.2886075329893,100.0,480.3085735486924,580.3085735486924,115.0,13.5,3.4062680201808724,3.8566368807453353,0.4503688605644622,0.1514730146933073,0.0103171101891762,8.428956640302847,3.29676158446482,-0.1453105021071152,24.6904432256864,482.99998279542586,31.61175958816849,-52.587668771301196,10.34239126901926,0.0,10.342391269019288,10.342391269019231,0.0
molicel_p50b_115s2p,1432.594381909982,184.35207226297192,100.0,478.1663170692746,578.1663170692747,110.0,1383.897839983994,192.51798132668335,100.0,486.3322261329861,586.3322261329861,111.0,12.9375,3.3320034816834405,3.759461801244256,0.4274583195608157,0.2294733676668366,0.0147874370444203,8.259415428214,3.1817254383987885,-0.3148517141959619,24.28257020990437,482.99997596868354,50.58812759342388,-48.696541925988186,8.165909063711439,0.0,8.165909063711467,8.16590906371141,1.0
tenpower_30xg_125s3p,1436.1914904973598,182.56150298009933,100.0,481.0820916635638,581.0820916635638,106.0,1381.9714991166722,193.52587917773567,100.0,492.0464678612001,592.0464678612001,105.0,13.171875,3.3583532994290257,3.8047594315000457,0.44640613207102,0.1099171954917336,0.0079307099599327,8.462330328793184,3.278581231949886,-0.1119368136167775,22.85705963469874,524.9999836147118,21.98343909834672,-54.21999138068759,10.96437619763634,0.0,10.964376197636284,10.964376197636284,-1.0
ampace_jp30_125s3p,1437.0348228863131,182.1430060146809,100.0,478.1317281992725,578.1317281992725,111.0,1382.869160322501,193.05585653751035,100.0,489.0445787221019,589.044578722102,109.0,13.171875,3.360577182354445,3.807374518918986,0.4467973365645417,0.1100244177907314,0.0079389384456455,8.463534739870925,3.2789077955628385,-0.1107324025390372,22.861526032246328,524.9999835322294,21.12468821582043,-54.16566256381202,10.912850522829444,0.0,10.912850522829388,10.912850522829444,-2.0
molicel_p30b_125s3p,1440.2850493645042,180.53469123226589,100.0,469.7041900954756,569.7041900954756,116.0,1390.6186079996046,189.02341461251945,100.0,478.19291347572914,578.1929134757291,117.0,12.65625,3.2957129530280898,3.71993607890273,0.4242231258746403,0.1771815572644698,0.0122215247491836,8.414107748267357,3.1803343110674915,-0.1601593941426049,22.51315530698412,524.9999754851435,36.19027552635979,-49.66644136489958,8.48872338025356,0.0,8.488723380253532,8.488723380253532,1.0
ampace_jp50_110s2p,1445.739557825234,177.85187900204588,100.0,459.1364064096874,559.1364064096874,120.0,1393.4836219549816,187.5439542449588,100.0,468.8284816526004,568.8284816526004,122.0,12.375,3.2399885794466847,3.666153017771654,0.4261644383249686,0.1381753703637357,0.0101839450676793,8.44719362239228,3.1880238363290787,-0.1270735200176815,25.721922360719336,461.9999838330476,31.40349326448541,-52.255935870252415,9.69207524291292,0.0,9.69207524291295,9.692075242913006,2.0
tenpower_50xg_110s2p,1446.5591879982192,177.45049058120014,100.0,458.3820574248767,558.3820574248766,122.0,1394.2592570625302,187.14447101564306,100.0,468.0760378593196,568.0760378593196,123.0,12.375,3.242061701972908,3.668351907396961,0.4262902054240537,0.1382786549633074,0.0101868183822322,8.445526190927643,3.187297575474222,-0.1287409514823192,25.72664637070422,461.9999839384817,30.169888355630707,-52.29993093568896,9.69398043444292,0.0,9.693980434442949,9.693980434443006,1.0
molicel_p50b_110s2p,1451.9247793360594,174.83405262080743,100.0,467.4001619017635,567.4001619017636,118.0,1400.9772249171165,183.70295489247653,100.0,476.26906417343264,576.2690641734326,118.0,11.96875,3.1708720691680017,3.586089336372054,0.4152172672040529,0.2122912537736181,0.0149868184645755,8.289441937075226,3.120952261724404,-0.2848252053347355,25.28657922959638,461.9999766303104,48.92756168918217,-50.9475544189429,8.8689022716691,0.0,8.868902271669128,8.868902271669072,0.0
tenpower_30xg_120s3p,1454.4538017824134,173.60751235509613,100.0,471.3244282052261,571.3244282052261,113.0,1398.9062510286935,184.7603600785882,100.0,482.4772759287182,582.4772759287182,112.0,12.1875,3.208899840820461,3.63695001246328,0.4280501716428181,0.101722715790935,0.007897498307068,8.464567968112522,3.190637058861804,-0.1096991742974395,23.745230527633343,503.99998434422935,21.192232456444792,-55.54755075371986,11.152847723492073,0.0,11.152847723492073,11.152847723492073,-1.0
reliance_rs50_110s2p,1454.6818347347305,173.49712919126316,100.0,455.37140027654175,555.3714002765417,124.0,1402.5616261404352,182.89609404826987,100.0,464.77036513354847,564.7703651335485,124.0,11.625,3.2472312337900937,3.672305906523066,0.4250746727329723,0.1308801725421567,0.0095848553250242,8.040459512894822,3.079467120911102,-0.5338076295151399,25.722925424736506,461.999982287714,31.965306726713983,-52.12020859429526,9.398964857006717,0.0,9.398964857006717,9.398964857006717,0.0
ampace_jp30_120s3p,1455.1581376686568,173.2666783895923,100.0,468.2945061620697,568.2945061620696,117.0,1399.8132370074936,184.29688288838847,100.0,479.3247106608659,579.3247106608659,116.0,12.1875,3.211321026527313,3.639504640957575,0.4281836144302625,0.1017999689869274,0.0079003828938856,8.462943726186024,3.189844590420405,-0.1113234162239376,23.75038060537437,503.9999842945134,20.35999379738549,-55.34490066116314,11.030204498796166,0.0,11.030204498796195,11.030204498796252,-1.0
molicel_p30b_120s3p,1459.4189636379615,171.2118441528958,100.0,459.0436274268236,559.0436274268236,121.0,1406.2707537079614,181.01432044623414,100.0,468.846103720162,568.846103720162,121.0,11.8125,3.142580422173307,3.559033332723127,0.4164529105498207,0.1653179939244069,0.0123613614817186,8.304425002965473,3.1226990913388697,-0.2698421394444885,23.362884767792,503.99997652666,35.17404126051211,-53.14820993000012,9.802476293338344,0.0,9.802476293338373,9.802476293338373,0.0
tenpower_30xg_115s3p,1473.450944759641,164.52876662015464,100.0,461.3265788312501,561.3265788312501,119.0,1414.6549795438043,176.7970642073272,100.0,473.5948764184227,573.5948764184227,119.0,11.4375,3.060772066660143,3.4768273258393063,0.4160552591791633,0.09546591217632,0.0079461734892756,8.439740692964033,3.119785015506989,-0.1345264494459286,24.71262116675484,482.9999844832208,20.75345916876523,-58.79596521583676,12.268297587172555,0.0,12.268297587172583,12.268297587172583,0.0
ampace_jp30_115s3p,1474.2792304033685,164.1382514766425,100.0,458.0845766061274,558.0845766061275,123.0,1416.1829537377291,176.03387429168097,100.0,469.98019942116593,569.9801994211659,120.0,11.40625,3.0567498815211627,3.4724513303470603,0.4157014488258971,0.0950493944816691,0.007934382110925,8.432703440490165,3.1163694845872345,-0.1415637019197966,24.70234998233805,482.999984424733,19.83639537008748,-58.09627666563938,11.895622815038479,0.0,11.895622815038507,11.89562281503845,-3.0
molicel_p30b_115s3p,1478.709784142588,162.05678946336195,100.0,448.4207555578541,548.4207555578541,126.0,1422.7591190054484,172.76793221826298,100.0,459.1318983127552,559.1318983127552,127.0,11.0625,2.996085297797284,3.396404448964449,0.4003191511671662,0.1541255423903844,0.0122743464376372,8.281332376119757,3.0340463016813017,-0.2929347662902053,24.29437953503568,482.9999767054569,34.21843679342485,-55.950665137139595,10.711142754901033,0.0,10.711142754901118,10.711142754901061,1.0
tenpower_30xg_110s3p,1495.8300220504302,154.1296266508531,100.0,449.879133081204,549.879133081204,125.0,1434.137363952086,167.18786219026995,100.0,462.9373686206209,562.9373686206209,125.0,10.53125,2.905794377912609,3.295392688676927,0.3895983107643183,0.0872462264204263,0.0077130104551086,8.343081593869446,2.9913370876447583,-0.2311855485405161,25.74882050450266,461.9999796972407,19.828687822824165,-61.69265809834428,13.058235539416842,0.0,13.058235539416899,13.058235539416842,0.0
ampace_jp30_110s3p,1496.6410899303205,153.75857833281552,100.0,446.48909330238143,546.4890933023814,127.0,1435.6404540562785,166.45733720156832,100.0,459.1878521711342,559.1878521711342,126.0,10.5,2.901739659445133,3.290748091867979,0.3890084324228468,0.0868527636599848,0.0076971162962791,8.333773473425829,2.987258642965958,-0.2404936689841328,25.74001360410153,461.9999794754847,18.949693889451247,-61.00063587404202,12.698758868752805,0.0,12.698758868752748,12.698758868752748,-1.0
molicel_p30b_110s3p,1499.8663608735603,152.2870482354321,100.0,437.0401408199098,537.0401408199098,128.0,1442.6038670487644,163.0928733011043,100.0,447.845965885582,547.845965885582,128.0,10.15625,2.8524800376320125,3.225710295560118,0.3732302579281052,0.1407271217670711,0.0118162917376035,8.14891634003683,2.8972408665221376,-0.4253508023731314,25.313851944666048,461.9999696305414,32.66393541982308,-57.26249382479591,10.805825065672195,0.0,10.805825065672195,10.805825065672252,0.0
