candidate_id,cell_id,manufacturer,cell_model,series_cells,parallel_cells,total_cells,pack_mass_kg,vehicle_mass_kg,nominal_pack_energy_kwh,model_usable_energy_kwh,endurance_terminal_power_limit_kw,terminal_energy_kwh,terminal_discharge_energy_kwh,terminal_regenerated_energy_kwh,pack_resistive_heat_kwh,regen_pack_resistive_heat_kwh,regen_active_rms_terminal_power_kw,regen_whole_event_rms_terminal_power_kw,regen_active_rms_error_kw,peak_pack_charge_current_a,maximum_terminal_voltage_v,adiabatic_cell_temperature_rise_c,raw_endurance_time_s,projected_endurance_time_s,endurance_points,projected_average_lap_s,projected_terminal_energy_kwh_per_lap,efficiency_factor,efficiency_points
tenpower_60xg_125s3p,tenpower_60xg,Tenpower,INR21700-60XG,125,3,375,35.625,258.51015114,8.1,7.939125,47.671875,6.692105632970218,7.506962148944676,0.814856515974457,0.7426867761479552,0.0147918124041345,8.767847864365564,4.716996403647084,0.1935807219556018,23.40168852387305,524.9999879535799,93.81306646079436,1216.8449572794348,1285.497054211133,275.0,63.86141684451132,0.16778852890614968,0.7193964338265985,84.7237074461808
reliance_rs50_110s4p,reliance_rs50,Reliance,INR21700-RS50,110,4,440,36.85,259.73515114,7.92,7.762699999999999,48.71875,6.767884578397529,7.594739263423245,0.8268546850257146,0.4913307995306049,0.0103736953827381,8.802970363471472,4.762103737964253,0.2287032210615098,26.809140659664333,461.9999930671231,59.99969058039951,1216.0261253241367,1284.63202530163,275.0,63.81844360580077,0.16968850455995066,0.7118204583600724,83.23237369292762
ampace_jp50_110s4p,ampace_jp50,Ampace,JP50P1 (JP50),110,4,440,39.6,262.48515114,7.876,7.762699999999999,48.25,6.773130588566114,7.601280556181717,0.828149967615601,0.4888778196775082,0.010394314176565,8.806809553496507,4.761410835134383,0.2325424110865448,26.81265203583804,461.99999297767965,55.55429769062594,1218.4728918638116,1287.2168337936885,275.0,63.94685271575076,0.16982003570681078,0.7098408592282298,82.8426888244547
tenpower_50xg_110s4p,tenpower_50xg,Tenpower,INR21700-50XG,110,4,440,41.25,264.13515114,7.92,7.762699999999999,47.9375,6.772280441331341,7.601831367183011,0.8295509258516703,0.4867962256114885,0.0104128216532097,8.811138044634934,4.7630775127688585,0.2368709022249717,26.808837946936087,461.99999294372645,53.105042793980566,1219.981716255776,1288.8107832114752,275.0,64.02603754769176,0.1697987203000166,0.7090519550750897,82.68739273131688
tenpower_60xg_120s3p,tenpower_60xg,Tenpower,INR21700-60XG,120,3,360,34.2,257.08515114,7.776,7.62156,42.29296875,6.437746718771118,7.231501297145951,0.7937545783748324,0.6853750499444567,0.0149334562828486,8.740314477090998,4.640251681300671,0.1660473346810356,24.33304321762317,503.9999879767256,90.18092762427062,1221.9283921512442,1290.8672868885935,275.0,64.12820132794819,0.16141108802754683,0.7447091204906438,89.70651978162279
molicel_p50b_110s4p,molicel_p50b,Molicel,INR-21700-P50B,110,4,440,39.05,261.93515114,7.92,7.762699999999999,43.25,6.528119165290004,7.331339673007764,0.8032205077177594,0.7321648939345027,0.0154634554808623,8.74125534875837,4.665674434494621,0.1669882063484085,26.53468974479215,461.9999898360911,84.37239494763796,1224.091904117029,1293.152860118058,275.0,64.24174491348758,0.16367696078668967,0.733101681686735,87.42159088321556
reliance_rs50_140s3p,reliance_rs50,Reliance,INR21700-RS50,140,3,420,35.175,258.06015114,7.56,7.40985,42.625,6.464854389862106,7.266536296487169,0.8016819066250632,0.4453245152475492,0.01048421905022,8.765659244852497,4.669965589365278,0.1913921024425349,21.025211221523985,587.9999875595735,56.97115333657346,1222.1493185723816,1291.1006775616374,275.0,64.13979579952637,0.16209074798868375,0.7414524376582187,89.06544048390131
molicel_p50b_140s3p,molicel_p50b,Molicel,INR-21700-P50B,140,3,420,37.275,260.16015114,7.56,7.40985,38.40625,6.243518558895058,7.018815098628727,0.775296539733668,0.6643686513273198,0.0155387084181101,8.693807840071809,4.562568651480566,0.1195406976618471,20.797935604132835,587.999981818378,80.20547098518952,1230.7658992083143,1300.2033894220117,275.0,64.59200381869417,0.1565412818700956,0.7623623728120509,93.18156945119112
ampace_jp50_140s3p,ampace_jp50,Ampace,JP50P1 (JP50),140,3,420,37.8,260.68515114,7.518,7.40985,42.3125,6.46976951697427,7.27225673743001,0.8024872204557396,0.4435841752383889,0.0105009109395517,8.763877502952093,4.668688913670316,0.1896103605421313,21.02849468235937,587.9999874415556,52.80763990933202,1224.5565037342585,1293.643671569232,275.0,64.26612763344237,0.16221398303498574,0.73943274044497,88.66786229231694
ampace_jp50_135s3p,ampace_jp50,Ampace,JP50P1 (JP50),135,3,405,36.45,259.33515114,7.2495,7.1452125,42.34375,6.204292891617624,6.934575152143184,0.7302822605255596,0.4388798516105673,0.0101395093884748,8.893430906645259,4.507507877565952,0.3191637642352969,21.76479609555712,566.9999876004116,54.18269772969968,1226.6641530826705,1295.8702305178358,275.0,64.37673948485022,0.1555577921631464,0.7697476098985587,94.63535627924385
tenpower_50xg_140s3p,tenpower_50xg,Tenpower,INR21700-50XG,140,3,420,39.375,262.26015114,7.56,7.40985,42.0,6.464830108921695,7.268200778406623,0.8033706694849275,0.4407091992478936,0.0105067881690095,8.765284502024087,4.667850517985652,0.1910173596141255,21.020177018047704,587.9999874240285,50.366765628330704,1226.1911480502984,1295.3705394338533,275.0,64.3519156390832,0.16209013920222765,0.7390112025371145,88.58488238919577
tenpower_60xg_115s3p,tenpower_60xg,Tenpower,INR21700-60XG,115,3,345,32.775,255.66015114,7.452,7.303995,37.9375,6.175035199562063,6.943713002154989,0.768677802592926,0.6268968091866424,0.0150025431715925,8.70138247089328,4.547266841533872,0.1271153284833186,25.330064230947148,482.9999880518197,86.07278844667857,1228.2307628017934,1297.525225401928,275.0,64.45895695693413,0.15482422557313238,0.7724082550185581,95.15910531861381
reliance_rs50_135s3p,reliance_rs50,Reliance,INR21700-RS50,135,3,405,33.91875,256.80390114,7.29,7.1452125,38.71875,6.233441686652294,7.0132357396429175,0.7797940529906238,0.4127741309362234,0.0105320447341343,8.739025886477284,4.589878619171409,0.1647587440673223,21.76859859745869,566.9999876544205,54.76273710596663,1227.6506667068245,1296.9124013796227,275.0,64.42851284956528,0.15628862842104382,0.7655324590891427,93.8056021829021
tenpower_60xg_110s3p,tenpower_60xg,Tenpower,INR21700-60XG,110,3,330,31.35,254.23515114,7.128,6.98643,36.953125,5.87636356058474,6.573639477562813,0.6972759169780723,0.6093614113587211,0.0145574988234949,8.816004603026194,4.381922213701489,0.2417374606162319,26.388006806408864,461.99998840332256,87.46814517110829,1232.1464611352658,1301.6618400484745,275.0,64.66445728958976,0.14733574919835776,0.8090871874466345,100.0
molicel_p50b_135s3p,molicel_p50b,Molicel,INR-21700-P50B,135,3,405,35.94375,258.82890114,7.29,7.1452125,35.359375,6.027141441760088,6.783196707199768,0.7560552654396792,0.6203168803299213,0.0156449541797689,8.663902295223156,4.489932960122575,0.0896351528131944,21.530086762760146,566.9999817001391,77.66095528387122,1236.297401843082,1306.0469690003442,275.0,64.88230341144194,0.15111614363047154,0.786198072852037,97.87363638819627
tenpower_50xg_135s3p,tenpower_50xg,Tenpower,INR21700-50XG,135,3,405,37.96875,260.85390114,7.29,7.1452125,42.1875,6.205948992127526,6.936257434300219,0.730308442172694,0.4379133955945743,0.0101325311275804,8.885569891916807,4.503312466234888,0.3113027495068454,21.76566105192883,566.9999875971137,51.90084688528288,1228.058243919801,1297.3429733300677,275.0,64.44990296844485,0.15559931491898998,0.768668613662545,94.42295544538288
reliance_rs50_130s3p,reliance_rs50,Reliance,INR21700-RS50,130,3,390,32.6625,255.54765114,7.02,6.880574999999999,38.375,5.971880375482335,6.677182229206427,0.7053018537240934,0.4046671645431899,0.0101471390438954,8.879634172018182,4.423412137303858,0.3053670296082202,22.559594793573783,545.9999877904188,55.75207777862548,1230.2861056754437,1299.696526843139,275.0,64.56682370464704,0.1497306046797939,0.7973501787126814,100.0
molicel_p50b_130s3p,molicel_p50b,Molicel,INR-21700-P50B,130,3,390,34.6125,257.49765114,7.02,6.880574999999999,32.515625,5.806997356619648,6.539963860579109,0.7329665039594605,0.576192163024856,0.015676075850628,8.631536303080573,4.403771195226439,0.0572691606706108,22.290713297700744,545.999981867048,74.91122379521423,1242.9112111431236,1313.0339169442518,274.5380801520149,65.22940369740142,0.1455965576856349,0.8116608174705061,100.0
reliance_rs50_125s3p,reliance_rs50,Reliance,INR21700-RS50,125,3,375,31.40625,254.29140114,6.75,6.615937499999999,32.2265625,5.759601578067319,6.4936960031540405,0.7340944250867213,0.3539762601785976,0.0106072791668306,8.678972711161192,4.417460311331964,0.1047055687512301,23.397174914759024,524.9999877816178,50.71898653305279,1241.2928863916009,1311.324289363191,275.0,65.14447216119498,0.14440822199641964,0.8194068803488813,100.0
ampace_jp50_130s3p,ampace_jp50,Ampace,JP50P1 (JP50),130,3,390,35.099999999999994,257.98515114,6.981,6.880574999999999,38.171875,5.976475165004747,6.6828495540349175,0.7063743890301701,0.403730271870733,0.0101617783265995,8.87780087611176,4.422018353303503,0.3035337337017978,22.563974520315497,545.9999878298843,51.7602912654786,1232.563235307409,1302.1021278331723,275.0,64.68633007541843,0.1498458080278703,0.7952652139230861,99.65850667777285
tenpower_50xg_130s3p,tenpower_50xg,Tenpower,INR21700-50XG,130,3,390,36.5625,259.44765114,7.02,6.880574999999999,37.96875,5.975705955040552,6.682506484974023,0.7068005299334692,0.4021260676502987,0.0101642837584791,8.87504877197294,4.420100616498986,0.3007816295629784,22.561079090033704,545.9999877126762,49.49243909542138,1234.093369499976,1303.718589310311,275.0,64.76663327009823,0.14982652192938486,0.7943814181849921,99.48453113877797
tenpower_30xg_130s5p,tenpower_30xg,Tenpower,INR18650-30XG,130,5,650,39.0,261.88515114,7.02,6.880574999999999,36.1171875,6.095576650418699,6.867414035148405,0.7718373847297051,0.2894904456888557,0.0081595290228018,8.728507449092278,4.549295313369657,0.1542403066823165,22.687682473656352,545.999989956384,33.4027437333295,1236.8535662241095,1306.6345111265543,275.0,64.91149155505744,0.15283199266453967,0.7770218518798975,96.06729367714517
ampace_jp50_125s3p,ampace_jp50,Ampace,JP50P1 (JP50),125,3,375,33.74999999999999,256.63515114,6.7125,6.615937499999999,32.046875,5.759637157658068,6.494580327831731,0.7349431701736631,0.3524810471720299,0.0106190182418772,8.674592803078768,4.4157825787592735,0.1003256606688065,23.395171680249227,524.9999876816809,46.997472956270656,1243.709381502296,1313.8771185693533,274.0213984529481,65.27129259188641,0.14440911406948576,0.8178097420363502,100.0
tenpower_30xg_125s5p,tenpower_30xg,Tenpower,INR18650-30XG,125,5,625,37.5,260.38515114,6.75,6.6159375,32.984375,5.849353368919166,6.597898291180161,0.748544922260994,0.2682843720517116,0.0081889718493333,8.688153929015067,4.461181681343735,0.1138867866051054,23.52799646527481,524.9999899868895,32.194124646205395,1243.7632105071189,1313.9339845050808,273.9865770525627,65.2741175997025,0.1466585333004628,0.8052314886560716,100.0
ampace_jp30_130s5p,ampace_jp30,Ampace,JP30P1 (JP30),130,5,650,40.625,263.51015114,7.176,6.880574999999999,35.9140625,6.0925044636052,6.865151804583999,0.7726473409787997,0.2881479006150681,0.0081688753081427,8.736468428684747,4.549394829465597,0.1622012862747848,22.68219162960405,545.9999898975681,31.91792129889985,1238.5458907732375,1308.4223134342017,275.0,65.00030668538405,0.15275496493451965,0.7763514278076739,95.93532043458147
tenpower_50xg_125s3p,tenpower_50xg,Tenpower,INR21700-50XG,125,3,375,35.15625,258.04140114,6.75,6.615937499999999,32.0234375,5.76643012916202,6.502535405155824,0.7361052759938044,0.3530188570571098,0.010641588527468,8.674148661428646,4.417408834819647,0.0998815190186839,23.404749779263188,524.9999875928886,45.18641370331006,1244.8873345813422,1315.1215295389302,273.26008144539526,65.33311291842367,0.14457943156864989,0.8160734188868498,100.0
ampace_jp30_125s5p,ampace_jp30,Ampace,JP30P1 (JP30),125,5,625,39.0625,261.94765114,6.9,6.6159375,35.734375,5.8284687659151135,6.527564252977978,0.6990954870628635,0.2834017867887571,0.0078656392279073,8.834602689194856,4.379586394201646,0.2603355467848942,23.513790475093707,524.9999901959749,32.647885838064816,1240.9945184343896,1311.0090880487003,275.0,65.12881346912044,0.1461349018745668,0.8099197290489999,100.0
molicel_p30b_130s5p,molicel_p30b,Molicel,INR-18650-P30B,130,5,650,38.1875,261.07265114,7.02,6.880574999999999,33.7265625,5.915547066823213,6.666156039440971,0.7506089726177569,0.4666038234334075,0.0129399189056593,8.671462992580288,4.465560970562117,0.0971958501703262,22.432139433128672,545.9999849647146,54.98441127202184,1242.1985038025182,1312.281,275.0,65.192,0.14831818181818182,0.7972240632635236,100.0
molicel_p50b_125s3p,molicel_p50b,Molicel,INR-21700-P50B,125,3,375,33.28124999999999,256.16640114,6.75,6.615937499999999,32.3828125,5.547403753467017,6.213308034260971,0.6659042807939537,0.5671172597782929,0.015216238104293,8.795323444568128,4.259153516049699,0.2210563021581659,23.118662288370864,524.9999823617519,76.68064357565652,1245.5083978098985,1315.7776319832158,272.85926493098435,65.36570702787726,0.13908786951253824,0.8478711903844081,100.0
molicel_p30b_125s5p,molicel_p30b,Molicel,INR-18650-P30B,125,5,625,36.71875,259.60390114,6.75,6.6159375,33.8046875,5.656459467570796,6.339005040583003,0.682545573012208,0.4617550058934541,0.0125418893213316,8.821196787100602,4.315289160736367,0.2469296446906401,23.27588294882444,524.9999853649692,56.58954965843183,1244.124318235751,1314.3154652505384,273.753058281298,65.29306894682851,0.14182218048158987,0.8324494224242265,100.0
reliance_rs50_120s3p,reliance_rs50,Reliance,INR21700-RS50,120,3,360,30.15,253.03515114,6.48,6.351299999999999,32.1796875,5.504797802866303,6.175440026775015,0.6706422239087113,0.3495166610585459,0.0103948476290659,8.845087945282577,4.287402551458671,0.2708208028726151,24.32280720588237,503.9999881362425,52.16666582963372,1243.6208120719234,1313.7835522188038,274.0786996188789,65.26664436675397,0.13801962729312053,0.8557304026008736,100.0
ampace_jp50_120s3p,ampace_jp50,Ampace,JP50P1 (JP50),120,3,360,32.4,255.28515114,6.444,6.351299999999999,31.9765625,5.501592762372268,6.172291150232617,0.670698387860348,0.3474487521302138,0.0103794699003336,8.833153361932203,4.280608593962203,0.2588862195222408,24.31545278626276,503.9999878699211,48.256771129196366,1246.082774841558,1316.384414283449,272.48893397938195,65.3958509922544,0.13793926857509173,0.8545372175649089,100.0
tenpower_30xg_120s5p,tenpower_30xg,Tenpower,INR18650-30XG,120,5,600,36.0,258.88515114,6.48,6.3513,32.890625,5.58412220062165,6.264382819986517,0.6802606193648674,0.2633600495351231,0.0079599843186623,8.83145095280423,4.312652115991896,0.2571838103942685,24.44773229529829,503.9999903315052,32.92000619189039,1246.1522430737652,1316.4578017822664,272.4441673135258,65.39949676463311,0.14000849667679588,0.8418608193057754,100.0
tenpower_50xg_120s3p,tenpower_50xg,Tenpower,INR21700-50XG,120,3,360,33.75,256.63515114,6.48,6.351299999999999,31.875,5.501279258185263,6.172052083879724,0.670772825694461,0.3465463871604496,0.0103735458957975,8.826912787567062,4.277079660698435,0.2526456451571004,24.31375719813864,503.99998773748086,46.20618495472662,1247.499037696748,1317.8805800171722,271.57725224879465,65.47017808874736,0.13793140820808192,0.8536157197406737,100.0
ampace_jp30_120s5p,ampace_jp30,Ampace,JP30P1 (JP30),120,5,600,37.5,260.38515114,6.624,6.3513,32.890625,5.592185952934414,6.273374971667276,0.681189018732862,0.2640331677110691,0.0079797352859322,8.835848675140618,4.314858957205328,0.2615815327306556,24.460390742753408,503.999990047229,31.683980125328294,1247.3497349175325,1317.7228538568106,271.6732643407947,65.46234250791802,0.14021067596269304,0.8398398377405358,100.0
molicel_p50b_120s3p,molicel_p50b,Molicel,INR-21700-P50B,120,3,360,31.95,254.83515114,6.48,6.351299999999999,29.640625,5.32666950868455,5.963689385650856,0.6370198769663051,0.5221428336938172,0.0150538865684471,8.731418767000747,4.142803027107619,0.1571516245907851,24.021393783010232,503.99998294378406,73.54124418222777,1253.734932280985,1324.4682920099392,267.58756072530366,65.79744497764727,0.13355348672742642,0.8772125498590243,100.0
molicel_p30b_120s5p,molicel_p30b,Molicel,INR-18650-P30B,120,5,600,35.25,258.13515114,6.48,6.3513,30.859375,5.429833905399665,6.087385922690882,0.6575520172912175,0.4260376010556779,0.0124942679702436,8.738671138200278,4.211347344734048,0.164403995790316,24.194669585741487,503.9999855949633,54.38777885817165,1252.0949273929896,1322.7357611400053,268.63297556038003,65.71137564305145,0.1361400870158377,0.8616730573695738,100.0
reliance_rs50_115s3p,reliance_rs50,Reliance,INR21700-RS50,115,3,345,28.893750000000004,251.77890114,6.21,6.086662499999999,29.234375,5.269661133663325,5.910809293922728,0.6411481602594026,0.3205461985243108,0.0103212162253875,8.821622416418355,4.172116666663436,0.2473552740083935,25.324896131335088,482.9999882429205,49.92283429320868,1252.7516960033363,1323.4295833963647,268.2139923391554,65.74584361182991,0.13212413819278654,0.8873983701878043,100.0
ampace_jp50_115s3p,ampace_jp50,Ampace,JP50P1 (JP50),115,3,345,31.05,253.93515114,6.1755,6.086662499999999,29.1328125,5.2724065380323655,5.914045630245093,0.6416390922127269,0.3198860872348479,0.0103283612797046,8.81781801281743,4.169684593701956,0.2435508704074678,25.32811008414384,482.99998820588087,46.36030249780404,1254.9109131663056,1325.710619518341,266.8396183505512,65.85916180119933,0.13219297263527716,0.8854102164601881,100.0
tenpower_30xg_115s5p,tenpower_30xg,Tenpower,INR18650-30XG,115,5,575,34.5,257.38515114,6.21,6.086662499999999,29.84375,5.343916146430643,5.993962353419908,0.6500462069892643,0.2417751378526161,0.0078978636238016,8.823603461684394,4.194794221184064,0.2493363192744322,25.463190381404544,482.9999904140068,31.535887545993404,1255.0619475928356,1325.8701750222917,266.7436596426645,65.86708826086276,0.13398590488319154,0.8734569759100802,100.0
tenpower_50xg_115s3p,tenpower_50xg,Tenpower,INR21700-50XG,115,3,345,32.34375,255.22890114,6.21,6.086662499999999,29.03125,5.270301565209813,5.912136674783046,0.6418351095732319,0.3187462621665172,0.010328860279769,8.815120044670547,4.167791368839745,0.2408529022605847,25.322849381470803,482.99998829970014,44.34730604055892,1256.364605573639,1327.246326508929,265.9169822743603,65.93545324345175,0.13214019548072306,0.8847389675540615,100.0
ampace_jp30_115s5p,ampace_jp30,Ampace,JP30P1 (JP30),115,5,575,35.9375,258.82265114,6.348,6.086662499999999,29.7421875,5.344796778938332,5.994258033224956,0.6494612542866239,0.2411579794648815,0.0078895090020467,8.814783065418853,4.189960291048665,0.2405159230088909,25.463774381215384,482.999990415574,30.19717308081995,1256.6004424729954,1327.495468881245,265.76750149479386,65.94783023400178,0.13400798463522715,0.8722438369946042,100.0
molicel_p30b_115s5p,molicel_p30b,Molicel,INR-18650-P30B,115,5,575,33.78125,256.66640114,6.21,6.086662499999999,28.015625,5.199927992631016,5.829307028871624,0.6293790362406089,0.3887805811210951,0.0125047433199762,8.803559589330236,4.114838151357349,0.2292924469202741,25.18280322587524,482.99998621239456,51.78945761465096,1261.7026602192705,1332.8855441275148,262.5472390973569,66.21560046420008,0.1303757466114924,0.8929187990009633,100.0
molicel_p50b_115s3p,molicel_p50b,Molicel,INR-21700-P50B,115,3,345,30.61875,253.50390114,6.21,6.086662499999999,27.0,5.102261226278928,5.719407238164732,0.6171460118858031,0.4782365429029447,0.0151684175319551,8.728422822227254,4.061448553634796,0.1541556798172916,24.995388325036,482.9999834507885,70.28583606656875,1263.6136877678248,1334.9043882452368,261.3477892147787,66.31589337838729,0.127926986243978,0.9086346689690578,100.0
tenpower_30xg_140s4p,tenpower_30xg,Tenpower,INR18650-30XG,140,4,560,33.6,256.48515114,6.048,5.92788,28.015625,5.199945960913441,5.834345603026144,0.6343996421127025,0.2283289137483883,0.0079271999911226,8.843426690750166,4.139352692865703,0.2691595483402036,20.891162169575967,587.999985527205,30.579765234159154,1261.7556174558383,1332.941489111467,262.51395172241826,66.21837972061986,0.13037619712316098,0.8928782369123219,100.0
tenpower_60xg_140s2p,tenpower_60xg,Tenpower,INR21700-60XG,140,2,280,26.6,249.48515114,6.048,5.92788,26.015625,4.986579774825684,5.599816148854697,0.613236374029013,0.4428811539366976,0.0148585873248666,8.736519000864837,4.046208358959961,0.1622518584548746,20.53570271780612,587.9999758634339,74.92350348553154,1265.2261925634648,1336.6078675194829,260.3385246669604,66.40051947664419,0.12502655077185393,0.9285287804658758,100.0
reliance_rs50_110s3p,reliance_rs50,Reliance,INR21700-RS50,110,3,330,27.637500000000003,250.52265114,5.94,5.822025,26.5078125,5.032181669820048,5.653877570537669,0.6216959007176217,0.2931529661599316,0.0104395855163443,8.82659115194289,4.091775566400209,0.2523240095329289,26.413100163938388,461.99998889298064,47.73182624042305,1263.4678266022838,1334.7502978679006,261.43921057306903,66.30823841738481,0.1261699091251262,0.9213949254189994,100.0
ampace_jp30_140s4p,ampace_jp30,Ampace,JP30P1 (JP30),140,4,560,35.0,257.88515114,6.1824,5.92788,27.9140625,5.198730577418324,5.833401584692497,0.6346710072741737,0.2275383071201732,0.0079269111988954,8.839720332020693,4.136928226472873,0.2654531896107315,20.88840706157023,587.9999855875915,29.25492520116513,1263.344587143553,1334.6201054713974,261.5164697842839,66.30177066946129,0.13034572429145644,0.8919636993968886,100.0
ampace_jp50_110s3p,ampace_jp50,Ampace,JP50P1 (JP50),110,3,330,29.7,252.58515114,5.907,5.822025,26.3671875,5.028407311473891,5.650793716366725,0.6223864048928337,0.2915366744713081,0.0104435457035982,8.82374142418087,4.0893506570811935,0.2494742817709081,26.404299721829247,461.9999888746491,44.17222340474367,1265.8755625595986,1337.2938737457728,259.93281110315803,66.43459915767615,0.1260752761248122,0.9203326928303182,100.0
tenpower_50xg_110s3p,tenpower_50xg,Tenpower,INR21700-50XG,110,3,330,30.9375,253.82265114,5.94,5.822025,26.296875,5.027679938726483,5.650283468975303,0.6226035302488182,0.2908186915275521,0.0104409043165367,8.819328842604948,4.086749990779747,0.2450617001949862,26.40179027333756,461.9999889752254,42.300900585825765,1267.2491735697204,1338.7449812977911,259.0759760414653,66.50668783649658,0.12605703899438606,0.9194681189985329,100.0
tenpower_30xg_110s5p,tenpower_30xg,Tenpower,INR18650-30XG,110,5,550,33.0,255.88515114,5.94,5.822025,26.9296875,5.097698144003747,5.725144269527837,0.6274461255240905,0.2202323430927148,0.0079558508893377,8.810824139854915,4.105421301550992,0.2365569974449535,26.55745161548749,461.9999908120963,30.031683149006565,1265.9179123705112,1337.3386128531247,259.90636623455373,66.43682172425028,0.1278125778792238,0.9077926336496414,100.0
molicel_p30b_140s4p,molicel_p30b,Molicel,INR-18650-P30B,140,4,560,32.9,255.78515114,6.048,5.92788,26.4375,5.059375669369178,5.6796438608922974,0.6202681915231192,0.3687657928722114,0.0126213847647029,8.787077622296518,4.072385394333046,0.2128104798865564,20.652551150084903,587.999979050184,50.43909021048484,1268.4089068021613,1339.9701444913885,258.35399914295476,66.56755196461931,0.12685173356569437,0.9128724573009608,100.0
ampace_jp30_110s5p,ampace_jp30,Ampace,JP30P1 (JP30),110,5,550,34.375,257.26015114,6.072,5.822025,26.9296875,5.105109405742977,5.733081247247451,0.6279718415044743,0.2207097675815685,0.0079644637176242,8.809388137738752,4.104709521173094,0.2351209953287902,26.571196369001445,461.9999907480179,28.892915028859875,1267.056989871629,1338.5419549580047,259.1957451671519,66.49660181593899,0.12799839752594863,0.9056598440762855,100.0
molicel_p30b_110s5p,molicel_p30b,Molicel,INR-18650-P30B,110,5,550,32.3125,255.19765114,5.94,5.822025,25.59375,4.96088756732201,5.576612721781182,0.6157251544591741,0.3576092833591564,0.0126662977484879,8.729306765572467,4.039834630008744,0.155039623162505,26.251336848249657,461.9999868880917,49.802453388509214,1271.9765205900371,1343.7390363189318,256.14128172312064,66.75478442170828,0.12438238017177335,0.9283844032314386,100.0
molicel_p50b_110s3p,molicel_p50b,Molicel,INR-21700-P50B,110,3,330,29.287499999999994,252.17265114,5.94,5.822025,24.8203125,4.879666027403875,5.474754595057632,0.5950885676537555,0.4410232835097189,0.0151333797256007,8.614334968338863,3.957382140954682,0.0400678259289009,26.065494861212144,461.9999844210341,67.76286046244081,1273.5858457030831,1345.4391565188903,255.14719798635664,66.8392436465814,0.12234594448982383,0.9426446171825096,100.0
tenpower_30xg_135s4p,tenpower_30xg,Tenpower,INR18650-30XG,135,4,540,32.400000000000006,255.28515114,5.832,5.71617,25.9453125,5.000646636161496,5.624079048270986,0.6234324121094904,0.2132103881196343,0.0080320394968291,8.801545870259297,4.0817078878036055,0.2272787278493346,21.62219902717927,566.999986131185,29.612553905504765,1270.4551890976609,1342.1318741737225,257.0833272858256,66.674943202815,0.12537924364601213,0.9221058910998902,100.0
tenpower_60xg_135s2p,tenpower_60xg,Tenpower,INR21700-60XG,135,2,270,25.65,248.53515114,5.832,5.71617,24.1875,4.803891981505195,5.392149703286269,0.588257721781074,0.4116747599253362,0.0147335721729683,8.708499819094236,3.9478970617688223,0.1342326766842738,21.24496650167116,566.9999769655466,72.22364209216425,1274.266992332757,1346.1587321564382,254.72720846632626,66.87499100173096,0.12044609167997455,0.9570015645688013,100.0
ampace_jp30_135s4p,ampace_jp30,Ampace,JP30P1 (JP30),135,4,540,33.75,256.63515114,5.961600000000001,5.71617,25.875,4.9998367898524005,5.623191715844523,0.6233549259921225,0.212655776360264,0.0080245926443628,8.793906457721205,4.077596847535967,0.2196393153112428,21.62035563214913,566.9999860146726,28.35410351470187,1271.9402429540887,1343.7007119672,256.16371949220843,66.75288052982988,0.12535893868845532,0.9211784696513259,100.0
molicel_p30b_135s4p,molicel_p30b,Molicel,INR-18650-P30B,135,4,540,31.725,254.61015114,5.832,5.71617,24.609375,4.873841958760738,5.470202180079865,0.5963602213191265,0.3438326357156886,0.0124712671781092,8.664173179602532,3.965905146685348,0.0899060371925699,21.373360081267013,566.9999799308715,48.77058662633881,1277.0230737183974,1349.0703064545544,253.0324049401197,67.01963330901332,0.12219991991049473,0.9412307953825989,100.0
tenpower_30xg_130s4p,tenpower_30xg,Tenpower,INR18650-30XG,130,4,520,31.200000000000003,254.08515114,5.616,5.50446,24.046875,4.805235893257239,5.404254510679974,0.5990186174227342,0.1982337392132526,0.0080027063910781,8.785493055359588,3.987595575961424,0.2112259129496259,22.412474756041085,545.9999869000786,28.591404694219133,1279.7552138876815,1351.956588818052,251.35952865893302,67.16301915384467,0.12047978705004526,0.9526309667818876,100.0
tenpower_60xg_130s2p,tenpower_60xg,Tenpower,INR21700-60XG,130,2,260,24.7,247.58515114,5.616,5.50446,22.4296875,4.620876909557337,5.187352663197927,0.5664757536405884,0.381779335140003,0.0145821166507643,8.59705391752414,3.8450201661767065,0.0227867751141772,22.006145038213823,545.9999772930089,69.55493960040542,1283.983544176625,1356.423473525222,248.7845772516811,67.38492676953813,0.1158574268599671,0.9873757509265211,100.0
ampace_jp30_130s4p,ampace_jp30,Ampace,JP30P1 (JP30),130,4,520,32.5,255.38515114,5.7408,5.50446,23.9765625,4.803164460981663,5.402542939461118,0.5993784784794547,0.1976283756741035,0.0080041630169857,8.783354956200045,3.985981763456361,0.2090878137900826,22.40860755671306,545.9999865513208,27.363928939491256,1281.2522908097658,1353.5381279958692,250.44590139285634,67.24158746511357,0.12042785084441586,0.9519282223237069,100.0
molicel_p30b_130s4p,molicel_p30b,Molicel,INR-18650-P30B,130,4,520,30.55,253.43515114,5.616,5.50446,22.8515625,4.687023801296093,5.266038601696966,0.5790148004008724,0.3204638864872557,0.0124948082322,8.640844564764233,3.886219644995303,0.0665774223542712,22.14682056129175,545.9999801895524,47.204173132329,1286.2915831395203,1358.8617276923262,247.38617939582585,67.50605529739296,0.11751590182513799,0.9716944632135549,100.0
tenpower_30xg_125s4p,tenpower_30xg,Tenpower,INR18650-30XG,125,4,500,30.0,252.88515114,5.4,5.29275,22.21875,4.613806463064552,5.188712816185225,0.574906353120674,0.1839270168852243,0.0079170798283207,8.660426863133159,3.877361770228107,0.086159720723197,23.269870719430195,524.9999867775334,27.58905253278365,1289.8671336692155,1362.6390040376896,245.22970148436463,67.69370428378149,0.11568015233968917,0.9843781492859549,100.0
tenpower_60xg_125s2p,tenpower_60xg,Tenpower,INR21700-60XG,125,2,250,23.75,246.63515114,5.4,5.29275,20.8125,4.43696613849996,4.991385836246678,0.5544196977467187,0.356586885964285,0.0148082456030874,8.606555945352568,3.789647800887207,0.032288802942606,22.829691986382084,524.9999776307411,67.5638310248119,1294.2716372502414,1367.2920014017334,242.58964599338682,67.92485767559067,0.1112463045289502,1.0201282310491095,100.0
ampace_jp30_125s4p,ampace_jp30,Ampace,JP30P1 (JP30),125,4,500,31.25,254.13515114,5.52,5.29275,22.078125,4.606643155932232,5.179616066482559,0.5729729105503288,0.1824341353413372,0.0078817248193574,8.672934946781647,3.866854876816016,0.0986678043716846,23.256172718394595,524.9999870634804,26.27051548915256,1291.8590868569304,1364.7433394664686,244.03349678103075,67.79824426818494,0.11550054956116852,0.9843886523231448,100.0
molicel_p30b_125s4p,molicel_p30b,Molicel,INR-18650-P30B,125,4,500,29.375,252.26015114,5.4,5.29275,21.09375,4.496099884190615,5.058194371673507,0.5620944874828925,0.2972530171847941,0.0126282197442885,8.67235627296793,3.820799193730875,0.0980891305579678,22.97289442358033,524.9999806312576,45.536632419798245,1297.0874309467754,1370.2666568666775,240.9112569094388,68.07263375332906,0.1127289416453254,1.0045258405419062,100.0
tenpower_30xg_120s4p,tenpower_30xg,Tenpower,INR18650-30XG,120,4,480,28.8,251.68515114,5.184,5.08104,20.53125,4.413217157036099,4.973592325927874,0.560375168891775,0.171096407809843,0.0080244576284884,8.682381058636695,3.8135626577368353,0.108113916226733,24.182945242457752,503.9999869750906,26.73381372028797,1300.73875817613,1374.1239850901436,238.7456585053083,68.26425958769244,0.11065085567004268,1.0205186264302508,100.0
ampace_jp30_120s4p,ampace_jp30,Ampace,JP30P1 (JP30),120,4,480,30.0,252.88515114,5.2992,5.08104,20.4609375,4.408653659364672,4.968608968265696,0.5599553089010233,0.1703326116020019,0.0080178286123535,8.677141584407844,3.810474920246849,0.1028744419978817,24.173589385522387,503.9999869434787,25.549891740300296,1302.3124816039146,1375.7864950249202,237.81602958698647,68.34685039535327,0.11053643689022202,1.020340510175154,100.0
tenpower_60xg_120s2p,tenpower_60xg,Tenpower,INR21700-60XG,120,2,240,22.8,245.68515114,5.184,5.08104,19.3359375,4.249732270303843,4.784549665902807,0.5348173955989631,0.3314299072309383,0.0147483729944675,8.551503200943468,3.695747797563566,-0.0227639414664935,23.712613194216075,503.9999787024883,65.41379747979045,1305.3597152790214,1379.0056478754204,236.02234180741434,68.50677270820381,0.10655186349214742,1.056025823531576,100.0
molicel_p30b_120s4p,molicel_p30b,Molicel,INR-18650-P30B,120,4,480,28.2,251.08515114,5.184,5.08104,19.6171875,4.3000306144191045,4.84658330531848,0.5465526908993752,0.2767032971163297,0.0126791880848814,8.62456085381212,3.741803367152481,0.0502937114021584,23.859038451486853,503.99998136808347,44.15478145473347,1307.6695000800091,1381.4457463775088,234.668307033342,68.62799285964098,0.10781297406457113,1.0418297933404912,100.0
reliance_rs50_140s2p,reliance_rs50,Reliance,INR21700-RS50,140,2,280,23.450000000000003,246.33515114,5.04,4.9399,19.125,4.225795774569916,4.7614793817405445,0.5356836071706277,0.2144185160306396,0.0103128966143039,8.581893696724068,3.701039572959032,0.0076265543141058,20.552188530297343,587.9999781361967,41.1464103257091,1308.0647159613304,1381.8632595932859,234.4371039288085,68.64873424167955,0.10595171316179747,1.0598113817764678,100.0
ampace_jp50_140s2p,ampace_jp50,Ampace,JP50P1 (JP50),140,2,280,25.2,248.08515114,5.012,4.9399,19.0546875,4.222647466329875,4.757127991631677,0.5344805253018017,0.2134727843510385,0.0102862007717496,8.56729914363981,3.693774746565407,-0.0069679987701523,20.546162441371845,587.9999780479454,38.12014006268546,1310.2333090686686,1384.154200632725,233.17094942255392,68.76254449134643,0.10587277686922954,1.0588461299772933,100.0
tenpower_50xg_140s2p,tenpower_50xg,Tenpower,INR21700-50XG,140,2,280,26.25,249.13515114,5.04,4.9399,19.0546875,4.226480375770077,4.7611998652653655,0.5347194894952888,0.2137370267839069,0.0102921403408064,8.565675599681228,3.69298524276486,-0.0085915427287339,20.552173216161503,587.9999784504354,36.640633162955474,1311.15112549299,1385.123798528261,232.63633467347606,68.81071254834474,0.10596887789806468,1.057145355169637,100.0
tenpower_30xg_115s4p,tenpower_30xg,Tenpower,INR18650-30XG,115,4,460,27.6,250.48515114,4.968,4.86933,18.984375,4.215730828046271,4.7530131181238815,0.5372822900776114,0.1585629024115563,0.0079535445573445,8.580911346252542,3.704309669967199,0.0066442038425797,25.17688158168714,482.9999879759283,25.852647132318964,1312.703331886886,1386.7635774786886,231.73389822572204,68.89217411742656,0.10569935872160433,1.058587724736049,100.0
molicel_p50b_140s2p,molicel_p50b,Molicel,INR-21700-P50B,140,2,280,24.85,247.73515114,5.04,4.9399,18.2109375,4.110677642332629,4.629205162480775,0.5185275201481467,0.3254140403210846,0.0152788998801015,8.540126947381339,3.62486425458399,-0.0341401950286233,20.24658094502441,587.9999692573632,58.92809583279199,1317.859145975112,1392.210272871414,228.75161994726173,69.16275714502702,0.10306540157051657,1.0813938590558123,100.0
tenpower_60xg_115s2p,tenpower_60xg,Tenpower,INR21700-60XG,115,2,230,21.85,244.73515114,4.968,4.86933,17.953125,4.0591029980372975,4.5757502373016505,0.5166472392643529,0.3071227739487975,0.0148108345102582,8.524933452853281,3.615965283219977,-0.0493336895566809,24.66332379711425,482.9999798713725,63.2518298750384,1317.4610903773064,1391.7897597277054,228.9810358092334,69.14186673141542,0.10177229082633801,1.0954648466377306,100.0
ampace_jp30_115s4p,ampace_jp30,Ampace,JP30P1 (JP30),115,4,460,28.75,251.63515114,5.0784,4.86933,18.9140625,4.211129083525429,4.747138295652763,0.5360092121273348,0.1577816112382843,0.0079367944179325,8.57233648231403,3.698887523950428,-0.0019306600959314,25.16710333952259,482.999988068161,24.69625219381842,1314.3457534648496,1388.4986613836797,230.7813325524628,68.97837028267942,0.10558398099359148,1.0584202358938362,100.0
molicel_p30b_115s4p,molicel_p30b,Molicel,INR-18650-P30B,115,4,460,27.025,249.91015114,4.968,4.86933,18.2109375,4.110389960340969,4.633647540965407,0.5232575806244372,0.256587623310801,0.0126210536797572,8.584546458211834,3.643866923450588,0.0102793158018723,24.829424163212703,482.9999825499141,42.72504365952283,1319.5084280495334,1393.9526043291305,227.80254551399923,69.24931335699037,0.1030581886332408,1.0801177925720924,100.0
reliance_rs50_135s2p,reliance_rs50,Reliance,INR21700-RS50,135,2,270,22.6125,245.49765114,4.86,4.763475,17.953125,4.059193436937641,4.581817419648229,0.5226239827105873,0.2011807441504896,0.0104251806470226,8.594030658255328,3.644878962569083,0.0197635158453657,21.259168731613045,566.9999792942473,40.03596898517207,1318.409905010128,1392.7921046921876,228.43442323501665,69.19166160989384,0.10177455836526773,1.0946520885469833,100.0
ampace_jp50_135s2p,ampace_jp50,Ampace,JP50P1 (JP50),135,2,270,24.3,247.18515114,4.833,4.763475,17.90625,4.059263505730503,4.581789647533655,0.5225261418031516,0.2006817758600206,0.0104163107670924,8.585801661817628,3.640665913575972,0.0115345194076663,21.258688442660127,566.9999787404928,37.16329182592976,1320.3717864395217,1394.8646717707707,227.30667394517425,69.29462339398351,0.10177631517251517,1.0930067267174555,100.0
tenpower_50xg_135s2p,tenpower_50xg,Tenpower,INR21700-50XG,135,2,270,25.3125,248.19765114,4.86,4.763475,17.90625,4.061907769619073,4.584618042366535,0.5227102727474618,0.2009137710993658,0.010420377851168,8.583853158780247,3.639742108330254,0.0095860163702852,21.263043210144,566.9999787201392,35.71800375099836,1321.2704407431606,1395.8140264549243,226.7912184160827,69.34178580094462,0.10184261375957226,1.0915522714463788,100.0
molicel_p50b_135s2p,molicel_p50b,Molicel,INR-21700-P50B,135,2,270,23.9625,246.84765114,4.86,4.763475,17.15625,3.960644519718616,4.463153395913642,0.5025088761950247,0.3073467941824583,0.0152022716294519,8.459515203197386,3.5414085327781226,-0.1147519392125762,20.95168195411074,566.9999703914827,57.71770782769172,1327.8789394432097,1402.795364184806,223.02210586928945,69.688607380535,0.09930368017649428,1.1138891331370868,100.0
tenpower_30xg_110s4p,tenpower_30xg,Tenpower,INR18650-30XG,110,4,440,26.4,249.28515114,4.752,4.65762,17.53125,4.0064056768810365,4.528889273326511,0.5224835964454749,0.1463295901120413,0.0080546246138941,8.56901658037753,3.634334651251157,-0.0052505620324314,26.23354757429924,461.9999887255741,24.94254376909796,1325.8421858827396,1400.6437008307562,224.17974891409577,69.5817162212656,0.10045103164738217,1.1028579011529558,100.0
ampace_jp30_110s4p,ampace_jp30,Ampace,JP30P1 (JP30),110,4,440,27.5,250.38515114,4.857600000000001,4.65762,17.53125,4.010706089463678,4.533353650796614,0.5226475613329354,0.1465434414938132,0.0080577303100307,8.566255270353068,3.63306198330764,-0.008011872056894,26.242538687413056,461.99998856347264,23.9798358808058,1326.8150111423977,1401.6714110563455,223.62637443281687,69.63277120493649,0.10055885419838556,1.100867628078218,100.0
tenpower_60xg_110s2p,tenpower_60xg,Tenpower,INR21700-60XG,110,2,220,20.9,243.78515114,4.752,4.65762,16.59375,3.878500455579412,4.367812959930898,0.4893125043514856,0.2837390192484248,0.0145128105872042,8.41817056728612,3.4876148995359086,-0.1560965751238416,25.71300358626916,461.9999811562367,61.09213333100056,1331.3927847202908,1406.5074539836087,221.03324477818197,69.87301800460375,0.09724411440807824,1.1344784980239888,100.0
reliance_rs50_130s2p,reliance_rs50,Reliance,INR21700-RS50,130,2,260,21.775,244.66015114,4.68,4.58705,16.78125,3.9011069709373047,4.399638641173454,0.4985316702361499,0.1881085922806171,0.0102619664620773,8.525011366799472,3.5366080678759806,-0.0492557756104901,22.031653673390068,545.9999806085641,38.87433594777392,1330.2851032968322,1405.3372792638613,221.65906622814475,69.81488561502424,0.09781091866426146,1.1288434774030554,100.0
molicel_p30b_110s4p,molicel_p30b,Molicel,INR-18650-P30B,110,4,440,25.85,248.73515114,4.752,4.65762,16.875,3.9242483633771337,4.423446321833849,0.4991979584567148,0.2380693789042063,0.0124399501241093,8.463738491581644,3.525459776215599,-0.1105286508283178,25.891503671074595,461.9999836716175,41.44341218835313,1332.658927957726,1407.8450306339414,220.31916928826425,69.93946665164542,0.09839113368286322,1.1201877418630983,100.0
ampace_jp50_130s2p,ampace_jp50,Ampace,JP50P1 (JP50),130,2,260,23.4,246.28515114,4.654,4.58705,16.734375,3.90010008339761,4.398530390862572,0.4984303074649623,0.1875451719791889,0.0102566076769418,8.518852055171799,3.533180375136601,-0.0554150872381633,22.02902532474397,545.9999803967545,36.0663792267671,1332.3302985578146,1407.4978605832412,220.50437824921113,69.92221980440365,0.09778567336953285,1.1274016306166008,100.0
tenpower_50xg_130s2p,tenpower_50xg,Tenpower,INR21700-50XG,130,2,260,24.375,247.26015114,4.68,4.58705,16.6875,3.897281267771501,4.395330353389474,0.498049085617973,0.1868425151393728,0.0102428381766834,8.511355439881893,3.52928285002858,-0.0629117025280692,22.02250380498976,545.9999803498343,34.49400279496113,1333.777570072244,1409.026784426261,219.6894090427894,69.9981742708435,0.09771499831550615,1.1269928353624206,100.0
molicel_p50b_130s2p,molicel_p50b,Molicel,INR-21700-P50B,130,2,260,23.075,245.96015114,4.68,4.58705,15.84375,3.80938182541654,4.281417865451722,0.4720360400351824,0.2820490136287279,0.0147386869582499,8.396079711721693,3.409165300291837,-0.1781874306882684,21.694727762891528,545.9999721125181,55.00414133604663,1342.4679754064734,1418.2074860351406,214.83273241305443,70.45425669471923,0.0955111302157936,1.145533713122987,100.0
tenpower_30xg_140s3p,tenpower_30xg,Tenpower,INR18650-30XG,140,3,420,25.2,248.08515114,4.536,4.44591,15.9375,3.81803165982482,4.300508293003158,0.4824766331783381,0.1327308878698694,0.0077378254354323,8.522568729734108,3.461505666631492,-0.0516984126758544,20.56893762235521,587.9999809410798,23.70194426247668,1343.3882463178984,1419.179676895312,214.32211371364693,70.50255356601153,0.09572800410724815,1.1421555260208904,100.0
reliance_rs50_125s2p,reliance_rs50,Reliance,INR21700-RS50,125,2,250,20.9375,243.82265114,4.5,4.410625,15.421875,3.734729163320555,4.21171649710082,0.4769873337802657,0.1726881659172375,0.0101371667589223,8.468874209300262,3.4327296628777284,-0.1053929331096998,22.84293733771143,524.9999813717424,37.11506849564509,1345.9564195907924,1421.8927416594463,212.90083818499758,70.63733424035144,0.09363939342038176,1.1654031932064126,100.0
ampace_jp30_140s3p,ampace_jp30,Ampace,JP30P1 (JP30),140,3,420,26.25,249.13515114,4.6368,4.44591,15.84375,3.810634276463363,4.293052240047922,0.4824179635845583,0.1317061929367792,0.007728253838478,8.517144702089759,3.4577908547804195,-0.057122440320203,20.55528260436385,587.999980948235,22.578204503447868,1345.5126883350845,1421.423975923383,213.14601969983477,70.61404671590702,0.09554253242762331,1.1425658719685654,100.0
ampace_jp50_125s2p,ampace_jp50,Ampace,JP50P1 (JP50),125,2,250,22.5,245.38515114,4.475,4.410625,15.421875,3.740104055078372,4.2174299550294645,0.4773258999510927,0.1730358802791072,0.0101463081793175,8.46674278748595,3.431708451224332,-0.1075243549240116,22.853117022020104,524.9999812592577,34.60717605582145,1347.3610394399288,1423.3766075106787,212.12578712069677,70.71105029855354,0.09377415596456976,1.1625152125798226,100.0
tenpower_50xg_125s2p,tenpower_50xg,Tenpower,INR21700-50XG,125,2,250,23.4375,246.32265114,4.5,4.410625,15.375,3.735871932617358,4.213203421538903,0.477331488921545,0.1723356373659017,0.0101408591661584,8.463467988137412,3.4295838290821674,-0.1107991542725503,22.84436834344376,524.9999813758457,33.088442374253134,1348.824227722993,1424.9223461163926,211.32013534167388,70.78784009523865,0.09366804562489045,1.162569638146258,100.0
molicel_p30b_140s3p,molicel_p30b,Molicel,INR-18650-P30B,140,3,420,24.675,247.56015114,4.536,4.44591,15.28125,3.729983849429624,4.203491938959148,0.4735080895295253,0.2151895924761173,0.0122950952233297,8.42561838155313,3.408307240381424,-0.1486487608568314,20.26773685546763,587.9999722553895,39.244302579231125,1351.3097489854022,1427.548095799532,209.95557195776138,70.91828309741821,0.09352041603409626,1.1622631098095915,100.0
molicel_p50b_125s2p,molicel_p50b,Molicel,INR-21700-P50B,125,2,250,22.1875,245.07265114,4.5,4.410625,14.859375,3.648548465627352,4.116354920941662,0.4678064553143095,0.2660796462035902,0.0151342938004624,8.36430592815427,3.3787119490672617,-0.2099612142556921,22.493077547437927,524.9999735761348,53.96544937086901,1354.660637809662,1431.0880354498597,208.123843484838,71.09414158023111,0.09147861872866038,1.1852656094769984,100.0
tenpower_30xg_135s3p,tenpower_30xg,Tenpower,INR18650-30XG,135,3,405,24.3,247.18515114,4.374,4.2871275,14.953125,3.664043065916356,4.143039850255334,0.4789967843389776,0.1254262057409956,0.0079440639642643,8.492321777750089,3.433654583061464,-0.0819453646598731,21.27806607713101,566.9999818423667,23.22707513722141,1355.414138126208,1431.8840468327994,207.71319765686067,71.13368613972452,0.09186710873928905,1.1795972024315922,100.0
reliance_rs50_120s2p,reliance_rs50,Reliance,INR21700-RS50,120,2,240,20.1,242.98515114,4.32,4.2342,14.484375,3.5682475627630628,4.037036571019068,0.4687890082560052,0.162797886525414,0.010311233475974,8.46692662348087,3.381890958366419,-0.1073405189290923,23.727850239990804,503.9999822592962,36.44728802807776,1358.2251930080029,1434.8536961280163,206.18523749717752,71.2812135190387,0.0894652658169768,1.2087585396984668,100.0
ampace_jp30_135s3p,ampace_jp30,Ampace,JP30P1 (JP30),135,3,405,25.3125,248.19765114,4.4712,4.2871275,14.90625,3.657382989541945,4.136291244740952,0.4789082551990071,0.124825941651018,0.0079375787164583,8.485720881757063,3.431194650895293,-0.0885462606528992,21.265207320592616,566.9999818696165,22.191278515736546,1357.0180994652028,1433.5785006446938,206.84058251752882,71.21786386759302,0.0917001232673683,1.1803484498945034,100.0
ampace_jp50_120s2p,ampace_jp50,Ampace,JP50P1 (JP50),120,2,240,21.6,244.48515114,4.296,4.2342,14.484375,3.573219677333841,4.042108427371035,0.4688887500371943,0.1631106156010921,0.0103158407124815,8.48481346872821,3.38023739532779,-0.089453673681751,23.737597227288564,503.9999819701533,33.981378250227536,1359.588047974335,1436.2934408005456,205.44672640905222,71.35273770836363,0.08958992968738456,1.2058665821508865,100.0
molicel_p30b_135s3p,molicel_p30b,Molicel,INR-18650-P30B,135,3,405,23.79375,246.67890114,4.374,4.2871275,14.484375,3.5849609351414484,4.0502556004585895,0.4652946653171418,0.2045752566161331,0.0124498932038867,8.433922561997433,3.3592101076868826,-0.1403445804125294,20.96715039023601,566.99997295489,38.690355861207216,1361.8685351573713,1438.7025887683471,204.2142698779145,71.47242028726016,0.08988431362019943,1.1999045531289996,100.0
tenpower_50xg_120s2p,tenpower_50xg,Tenpower,INR21700-50XG,120,2,240,22.5,245.38515114,4.32,4.2342,14.4375,3.567835481430756,4.035799977034185,0.4679644956034288,0.1622459779480951,0.0102892304211015,8.473833621518947,3.374744166206721,-0.1004335208910145,23.72601198366788,503.9999819599217,32.44919558961903,1361.1466245464967,1437.9399493226792,204.60396935919397,71.43453359169575,0.0894549338640266,1.2063034897140432,100.0
molicel_p50b_120s2p,molicel_p50b,Molicel,INR-21700-P50B,120,2,240,21.3,244.18515114,4.32,4.2342,13.96875,3.48816634879628,3.94109768177466,0.4529313329783798,0.2494713713732604,0.0151136883742265,8.30294203606527,3.2983524018055244,-0.2713251063446922,23.3523242878617,503.99997422209634,52.70521930420994,1367.7512832905772,1444.9172304535207,201.05399807140194,71.78115364599952,0.08745742107849777,1.227897162883306,100.0
tenpower_30xg_130s3p,tenpower_30xg,Tenpower,INR18650-30XG,130,3,390,23.4,246.28515114,4.212,4.128345,14.109375,3.5102815858617613,3.976374076384343,0.4660924905225814,0.1181882725019031,0.0079759220537309,8.467084644825485,3.365535706751169,-0.1071824975844766,22.03824408193734,545.9999824478468,22.72851394267369,1367.657372163892,1444.81802103823,201.10423454061782,71.77622508252749,0.08801190770754114,1.2202450319783034,100.0
ampace_jp30_130s3p,ampace_jp30,Ampace,JP30P1 (JP30),130,3,390,24.375,247.26015114,4.3056,4.128345,14.109375,3.5135555970170063,3.979757511835429,0.4662019148184228,0.1183362493564596,0.0079788594635316,8.464913933919426,3.3646721084421825,-0.1093532084905355,22.044785294079706,545.9999822826234,21.84669218888486,1368.4660826913812,1445.6723574880607,200.6718519026591,71.81866713711594,0.08809399569979495,1.2183875341911004,100.0
reliance_rs50_115s2p,reliance_rs50,Reliance,INR21700-RS50,115,2,230,19.2625,242.14765114,4.14,4.057775,13.546875,3.4053484922866684,3.855478927950693,0.4501304356640246,0.1517900936485109,0.0103068323049486,8.403556247150451,3.297815904667375,-0.1707108952595106,24.68926272874299,482.9999827238908,35.460372299457454,1372.6376979650236,1450.0793274257585,198.44956161733398,72.03759828385844,0.08538096157934595,1.2532820798486142,100.0
molicel_p30b_130s3p,molicel_p30b,Molicel,INR-18650-P30B,130,3,390,22.9125,245.79765114,4.212,4.128345,13.640625,3.439057365877176,3.888200505936263,0.4491431400590863,0.1921349895775998,0.0124714603052659,8.379730617116257,3.290360110448793,-0.1945365252937048,21.712117361384948,545.9999741128836,37.73518616908672,1373.9348814158604,1451.4496955197765,197.76128054494598,72.10567595684554,0.08622613089092544,1.2398260158499366,100.0
ampace_jp50_115s2p,ampace_jp50,Ampace,JP50P1 (JP50),115,2,230,20.7,243.58515114,4.117,4.057775,13.5,3.4037241634392674,3.853701219359781,0.4499770559205135,0.1512866929750388,0.0103024185503129,8.403638627713903,3.2956658249016466,-0.1706285146960588,24.68521632489447,482.9999828362244,32.88841151631278,1374.110724228134,1451.6354590517938,197.66807897215577,72.11490438900245,0.08534023542188328,1.252536031549642,100.0
tenpower_50xg_115s2p,tenpower_50xg,Tenpower,INR21700-50XG,115,2,230,21.5625,244.44765114,4.14,4.057775,13.5,3.4062680201808724,3.8566368807453353,0.4503688605644622,0.1514730146933073,0.0103171101891762,8.428956640302847,3.29676158446482,-0.1453105021071152,24.6904432256864,482.99998279542586,31.61175958816849,1374.827135515798,1452.3922889128096,197.2886075329893,72.15250247378714,0.08540401654008904,1.2509484181818569,100.0
molicel_p50b_115s2p,molicel_p50b,Molicel,INR-21700-P50B,115,2,230,20.4125,243.29765114,4.14,4.057775,12.9375,3.3320034816834405,3.759461801244256,0.4274583195608157,0.2294733676668366,0.0147874370444203,8.259415428214,3.1817254383987885,-0.3148517141959619,24.28257020990437,482.99997596868354,50.58812759342388,1383.897839983994,1461.9747454153664,192.51798132668335,72.62854343171816,0.08354201101480452,1.270447833152479,100.0
tenpower_30xg_125s3p,tenpower_30xg,Tenpower,INR18650-30XG,125,3,375,22.5,245.38515114,4.05,3.9695625,13.171875,3.3583532994290257,3.8047594315000457,0.44640613207102,0.1099171954917336,0.0079307099599327,8.462330328793184,3.278581231949886,-0.1119368136167775,22.85705963469874,524.9999836147118,21.98343909834672,1381.9714991166722,1459.9397240303208,193.52587917773567,72.52744685702578,0.08420266961748629,1.2622368248923603,100.0
ampace_jp30_125s3p,ampace_jp30,Ampace,JP30P1 (JP30),125,3,375,23.4375,246.32265114,4.14,3.9695625,13.171875,3.360577182354445,3.807374518918986,0.4467973365645417,0.1100244177907314,0.0079389384456455,8.463534739870925,3.2789077955628385,-0.1107324025390372,22.861526032246328,524.9999835322294,21.12468821582043,1382.869160322501,1460.8880295879594,193.05585653751035,72.57455714507657,0.08425842815821781,1.2605827188138425,100.0
molicel_p30b_125s3p,molicel_p30b,Molicel,INR-18650-P30B,125,3,375,22.03125,244.91640114,4.05,3.9695625,12.65625,3.2957129530280898,3.71993607890273,0.4242231258746403,0.1771815572644698,0.0122215247491836,8.414107748267357,3.1803343110674915,-0.1601593941426049,22.51315530698412,524.9999754851435,36.19027552635979,1390.6186079996046,1469.0746864837993,189.02341461251945,72.98125703355595,0.08263211288254728,1.2782296860771414,100.0
ampace_jp50_110s2p,ampace_jp50,Ampace,JP50P1 (JP50),110,2,220,19.8,242.68515114,3.938,3.88135,12.375,3.2399885794466847,3.666153017771654,0.4261644383249686,0.1381753703637357,0.0101839450676793,8.44719362239228,3.1880238363290787,-0.1270735200176815,25.721922360719336,461.9999838330476,31.40349326448541,1393.4836219549816,1472.1013391217368,187.5439542449588,73.13161624684368,0.08123495761031485,1.2975406328964272,100.0
tenpower_50xg_110s2p,tenpower_50xg,Tenpower,INR21700-50XG,110,2,220,20.625,243.51015114,3.96,3.88135,12.375,3.242061701972908,3.668351907396961,0.4262902054240537,0.1382786549633074,0.0101868183822322,8.445526190927643,3.187297575474222,-0.1287409514823192,25.72664637070422,461.9999839384817,30.169888355630707,1394.2592570625302,1472.9207340988305,187.14447101564306,73.17232246551688,0.08128693619493303,1.2959895577098863,100.0
molicel_p50b_110s2p,molicel_p50b,Molicel,INR-21700-P50B,110,2,220,19.525,242.41015114,3.96,3.88135,11.96875,3.1708720691680017,3.586089336372054,0.4152172672040529,0.2122912537736181,0.0149868184645755,8.289441937075226,3.120952261724404,-0.2848252053347355,25.28657922959638,461.9999766303104,48.92756168918217,1400.9772249171165,1480.017717026437,183.70295489247653,73.52488911169746,0.07950202656905156,1.318731922171501,100.0
tenpower_30xg_120s3p,tenpower_30xg,Tenpower,INR18650-30XG,120,3,360,21.6,244.48515114,3.888,3.81078,12.1875,3.208899840820461,3.63695001246328,0.4280501716428181,0.101722715790935,0.007897498307068,8.464567968112522,3.190637058861804,-0.1096991742974395,23.745230527633343,503.99998434422935,21.192232456444792,1398.9062510286935,1477.8299026980872,184.7603600785882,73.4162020304292,0.08045548191077681,1.3050331461461342,100.0
reliance_rs50_110s2p,reliance_rs50,Reliance,INR21700-RS50,110,2,220,18.425,241.31015114,3.96,3.88135,11.625,3.2472312337900937,3.672305906523066,0.4250746727329723,0.1308801725421567,0.0095848553250242,8.040459512894822,3.079467120911102,-0.5338076295151399,25.722925424736506,461.999982287714,31.965306726713983,1402.5616261404352,1481.6915071778283,182.89609404826987,73.60804030229575,0.08141654983020886,1.2862670564280025,100.0
ampace_jp30_120s3p,ampace_jp30,Ampace,JP30P1 (JP30),120,3,360,22.5,245.38515114,3.9744,3.81078,12.1875,3.211321026527313,3.639504640957575,0.4281836144302625,0.1017999689869274,0.0079003828938856,8.462943726186024,3.189844590420405,-0.1113234162239376,23.75038060537437,503.9999842945134,20.35999379738549,1399.8132370074936,1478.788059114797,184.29688288838847,73.46380169324394,0.08051618734644117,1.3032042749997952,100.0
molicel_p30b_120s3p,molicel_p30b,Molicel,INR-18650-P30B,120,3,360,21.15,244.03515114,3.888,3.81078,11.8125,3.142580422173307,3.559033332723127,0.4164529105498207,0.1653179939244069,0.0123613614817186,8.304425002965473,3.1226990913388697,-0.2698421394444885,23.362884767792,503.99997652666,35.17404126051211,1406.2707537079614,1485.6098967255061,181.01432044623414,73.80269956459719,0.07879268124637993,1.3255953423530755,100.0
tenpower_30xg_115s3p,tenpower_30xg,Tenpower,INR18650-30XG,115,3,345,20.7,243.58515114,3.726,3.6519975,11.4375,3.060772066660143,3.4768273258393063,0.4160552591791633,0.09546591217632,0.0079461734892756,8.439740692964033,3.119785015506989,-0.1345264494459286,24.71262116675484,482.9999844832208,20.75345916876523,1414.6549795438043,1494.4671447663031,176.7970642073272,74.24271333777203,0.0767415325681286,1.352959489287872,100.0
ampace_jp30_115s3p,ampace_jp30,Ampace,JP30P1 (JP30),115,3,345,21.5625,244.44765114,3.8088,3.6519975,11.40625,3.0567498815211627,3.4724513303470603,0.4157014488258971,0.0950493944816691,0.007934382110925,8.432703440490165,3.1163694845872345,-0.1415637019197966,24.70234998233805,482.999984424733,19.83639537008748,1416.1829537377291,1496.0813243817508,176.03387429168097,74.32290317324957,0.07664068590424261,1.3532780829089301,100.0
molicel_p30b_115s3p,molicel_p30b,Molicel,INR-18650-P30B,115,3,345,20.26875,243.15390114,3.726,3.6519975,11.0625,2.996085297797284,3.396404448964449,0.4003191511671662,0.1541255423903844,0.0122743464376372,8.281332376119757,3.0340463016813017,-0.2929347662902053,24.29437953503568,482.9999767054569,34.21843679342485,1422.7591190054484,1503.0285044880472,172.76793221826298,74.66802785728419,0.075119666688768,1.3742975224268668,100.0
tenpower_30xg_110s3p,tenpower_30xg,Tenpower,INR18650-30XG,110,3,330,19.8,242.68515114,3.564,3.493215,10.53125,2.905794377912609,3.295392688676927,0.3895983107643183,0.0872462264204263,0.0077130104551086,8.343081593869446,2.9913370876447583,-0.2311855485405161,25.74882050450266,461.9999796972407,19.828687822824165,1434.137363952086,1515.048688549702,167.18786219026995,75.26517118203506,0.07285583801481615,1.4057583924744266,100.0
ampace_jp30_110s3p,ampace_jp30,Ampace,JP30P1 (JP30),110,3,330,20.625,243.51015114,3.6432,3.493215,10.5,2.901739659445133,3.290748091867979,0.3890084324228468,0.0868527636599848,0.0076971162962791,8.333773473425829,2.987258642965958,-0.2404936689841328,25.74001360410153,461.9999794754847,18.949693889451247,1435.6404540562785,1516.6365801620182,166.45733720156832,75.34405507198709,0.07275417565559777,1.406248854940976,100.0
molicel_p30b_110s3p,molicel_p30b,Molicel,INR-18650-P30B,110,3,330,19.3875,242.27265114,3.564,3.493215,10.15625,2.8524800376320125,3.225710295560118,0.3732302579281052,0.1407271217670711,0.0118162917376035,8.14891634003683,2.8972408665221376,-0.4253508023731314,25.313851944666048,461.9999696305414,32.66393541982308,1442.6038670487644,1523.9928557791764,163.0928733011043,75.70950296007948,0.07151910855836363,1.4236282881002018,100.0
