case,label,target_ay_mps2,ay_mps2,valid,solver_success,residual_norm,steer_deg,roll_deg,front_out_minus_in_n,rear_out_minus_in_n,Fz_FL,Fz_FR,Fz_RL,Fz_RR
case_000,baseline,0,0.0,True,True,0.0,0.0,0.0,0.0,0.0,620.0333548387097,620.0333548387097,752.8976451612901,752.8976451612901
case_000,baseline,4,3.999999739937852,True,True,3.717314362002179e-13,1.5426172154476905,0.42365528977008243,264.4614780495816,301.57928847156643,487.8441108797796,752.3055889293612,602.0289689079283,903.6082573794947
case_000,baseline,8,7.999992504052292,True,True,4.018725997643327e-14,3.0712645884303815,0.8416633395693857,525.9891501014285,599.4176004706947,356.69645673416204,882.6856068355905,453.3829607149546,1052.8005611856493
case_001,"front.camber_gain_deg_per_m=-10, front.motion_ratio_spring_per_wheel=0.7",0,0.0,True,True,0.0,0.0,0.0,0.0,0.0,620.0333548387097,620.0333548387097,752.8976451612901,752.8976451612901
case_001,"front.camber_gain_deg_per_m=-10, front.motion_ratio_spring_per_wheel=0.7",4,3.999999835104323,True,True,8.161025422914481e-13,1.5375343574602132,0.4736921942040864,233.68341662337986,333.5796320707519,503.2228953328452,736.9063119562251,586.0296533704582,919.6092854412101
case_001,"front.camber_gain_deg_per_m=-10, front.motion_ratio_spring_per_wheel=0.7",8,7.999986147194173,True,True,1.0757107961129916e-13,3.0258863762799844,0.9403250654356539,464.44465056913856,662.5608184650026,387.35247340350844,851.797123972647,421.89080876743003,1084.4516272324327
case_002,"front.camber_gain_deg_per_m=-10, front.motion_ratio_spring_per_wheel=0.9",0,0.0,True,True,0.0,0.0,0.0,0.0,0.0,620.0333548387097,620.0333548387097,752.8976451612901,752.8976451612901
case_002,"front.camber_gain_deg_per_m=-10, front.motion_ratio_spring_per_wheel=0.9",4,3.9999996417896737,True,True,8.70247618925786e-14,1.547047326959317,0.37835359295808063,292.31908930363505,272.6060402221568,473.92345223405454,766.2425415376896,616.51504438466,889.1210846068168
case_002,"front.camber_gain_deg_per_m=-10, front.motion_ratio_spring_per_wheel=0.9",8,7.999996300523961,True,True,1.444064225979241e-13,3.1109701730950703,0.752156159177969,581.7458192849745,542.1216961112593,328.91263809552396,910.6584573804985,481.9662407239416,1024.087936835201
case_003,"front.camber_gain_deg_per_m=-30, front.motion_ratio_spring_per_wheel=0.7",0,0.0,True,True,0.0,0.0,0.0,0.0,0.0,620.0333548387097,620.0333548387097,752.8976451612901,752.8976451612901
case_003,"front.camber_gain_deg_per_m=-30, front.motion_ratio_spring_per_wheel=0.7",4,3.9999998354054322,True,True,1.1069862575733498e-12,1.5377340115766323,0.47370091729153646,233.68717532725725,333.5860855410592,503.22120772112214,736.9083830483794,586.0262330807101,919.6123186217693
case_003,"front.camber_gain_deg_per_m=-30, front.motion_ratio_spring_per_wheel=0.7",8,7.9999861129604275,True,True,1.5702190256061408e-13,3.027584506799311,0.9403843180111048,464.4703127113385,662.6045989830247,387.34036193502226,851.8106746463608,421.8681744513495,1084.4727734343742
case_004,"front.camber_gain_deg_per_m=-30, front.motion_ratio_spring_per_wheel=0.9",0,0.0,True,True,0.0,0.0,0.0,0.0,0.0,620.0333548387097,620.0333548387097,752.8976451612901,752.8976451612901
case_004,"front.camber_gain_deg_per_m=-30, front.motion_ratio_spring_per_wheel=0.9",4,3.999999642131923,True,True,1.3672731992433134e-13,1.5472562939834003,0.3783579696005771,292.32209036211117,272.609453462439,473.9220423955923,766.2441327577035,616.5132463471282,889.1226998095672
case_004,"front.camber_gain_deg_per_m=-30, front.motion_ratio_spring_per_wheel=0.9",8,7.999996288567988,True,True,4.3138908345871413e-14,3.112891836021905,0.7521846308429372,581.7654741508002,542.1437769719532,328.90311795111876,910.6685921019189,481.9548836122419,1024.0986605841952
